id_a,id_b,dtw_distance,max_dtw_distance,min_dtw_distance,bearing_diff,overlap_pct,match_type
1,580,2.059110159396289,3.7642240977673582,0.21795879506435156,6.355321308529824,100.0,1:1_SYMMETRIC
2,589,2.6540025095850615,4.360461766235701,1.4129052341736974,0.9670664610056292,100.0,1:1_SYMMETRIC
3,411,0.964726286347624,1.1090474082567483,0.8204051644384998,2.0532074762115826,100.0,1:N_SPLIT
3,345,4.920655861416502,21.36134416279474,0.12584766866443725,1.4557802766117902,100.0,1:N_SPLIT
4,1659,18.54245976526145,46.702599369291754,8.264148600219988,14.855058633305305,82.90772150046621,CONFLICT
5,2319,2.1311687978362923,5.818385912513791,0.16219017515205056,0.34788816346764406,94.20395345504983,1:1_SYMMETRIC
6,476,4.41645558426174,8.031221705084944,3.1925725417434343,0.5005997320374149,89.55222617403926,1:1_SYMMETRIC
7,172,2.0537767865268095,2.065529599180757,2.0478616394332714,0.42493989554270684,100.0,1:N_SPLIT
7,171,2.0619508338893553,2.0759625468123106,2.0479391209664,0.926041466782209,100.0,1:N_SPLIT
7,1186,2.2440656912136423,3.2642964805552475,1.3595772745283285,0.8531698624167348,100.0,1:N_SPLIT
8,43,4.098492105105173,12.625087965362626,1.9965183817238656,2.512788268685938,100.0,1:N_SPLIT
8,42,17.26250533338983,81.33111358107497,3.130461036514176,1.7091022158779765,51.992235594306756,1:N_SPLIT
9,213,1.445173892628346,1.4704550120188138,1.419892773237878,0.032928071962373906,100.0,1:N_SPLIT
9,1578,8.755946190141715,23.35733148275903,1.419892773237878,0.799470277360399,100.0,UNIDIRECTIONAL_PARTIAL
10,1573,3.2573901444143387,5.142935551913154,2.2170467784178762,0.20771458314044366,100.0,1:N_SPLIT
10,1578,9.052744844459975,23.595711367090296,1.747407027978901,0.8041040580437198,100.0,UNIDIRECTIONAL_PARTIAL
11,101,1.1579430247146962,3.3900319171822737,0.0419565781502707,0.3428563333608281,100.0,1:1_SYMMETRIC
12,467,3.0566788067528643,6.604681998664406,0.11767867080190375,6.103002662205199,100.0,1:N_SPLIT
12,468,7.37486604230777,18.161624451281543,1.48395009007813,6.102759175176772,100.0,UNIDIRECTIONAL_PARTIAL
13,2260,1.650333366846357,4.083668304813574,0.009434188126221784,1.95151065995708,100.0,1:1_SYMMETRIC
14,1927,1.808810177238119,3.5027934859210794,0.010126450823987032,0.8136195676497948,67.75616618635395,1:1_SYMMETRIC
15,2098,1.4870054647758622,3.1641478271158827,0.076820838786937,6.070390355612801,80.41399649984606,1:1_SYMMETRIC
16,1136,0.471350977289199,0.9103794842534437,0.05635096510215421,10.625811384479363,72.06445796468225,1:1_SYMMETRIC
17,2249,16.76235721877011,17.935440366812102,15.589274070728116,15.238899526106707,100.0,1:1_SYMMETRIC
18,2318,3.7437271032570485,10.392601298703342,0.23860959658220354,3.2922547973824408,68.94758764087221,CONFLICT
18,1119,8.811799953670764,20.479329949688495,1.325499691149494,26.354052817994727,100.0,UNIDIRECTIONAL_PARTIAL
19,1563,5.385542292280304,10.338771993611847,2.0766737259483827,2.0982970841474184,100.0,1:1_SYMMETRIC
22,670,0.31421523573400445,0.430917298641253,0.15790759340746457,0.23056753508015504,76.61080647888431,1:N_SPLIT
22,1890,17.284075447299756,31.761453129403517,2.806697765195993,3.2393881408669642,76.63627654151158,UNIDIRECTIONAL_PARTIAL
23,333,0.3952543067511469,0.7088661000356777,0.0007889827134290965,1.9331265284834274,100.0,1:N_SPLIT
23,1133,0.6173932812087317,1.2401972783197732,0.284361771594111,5.526525692062762,100.0,1:N_SPLIT
23,332,0.7141653765577223,0.7194646530797667,0.7088661000356777,2.6224259151647686,100.0,1:N_SPLIT
24,2229,5.357269662556814,5.7980495676258625,4.427461277234439,1.8365842257325085,60.76766587116909,CONFLICT
25,11,2.688949437237393,5.274352173384369,0.1035467010904178,11.808401822977544,100.0,CONFLICT
26,170,1.048458625578314,2.61195280767658,0.2518095235612063,5.970356011326601,100.0,1:N_SPLIT
26,169,1.0540660059052693,1.65193866840503,0.09522328571022169,0.09838916193723435,100.0,1:N_SPLIT
26,168,1.647379620967484,1.6483586886697144,1.6464005532652537,1.547765238571742,100.0,1:N_SPLIT
26,167,3.3232664893488826,8.197421989612215,1.642861706655803,2.6777506598688774,100.0,UNIDIRECTIONAL_PARTIAL
26,596,4.261983587590641,7.574641887445283,2.6072691425693346,7.748336743968878,100.0,UNIDIRECTIONAL_PARTIAL
26,166,8.949194494285063,9.700966998957911,8.197421989612215,5.63818761169091,100.0,UNIDIRECTIONAL_PARTIAL
27,189,2.846891554085021,3.2127241503984023,2.4227958782008763,0.06594646460598597,62.064199949766476,1:1_SYMMETRIC
28,2022,2.596876137164351,6.05705228081189,0.19957686550979123,8.32365283452873,100.0,1:1_SYMMETRIC
29,27,3.518414739861234,4.356347575350174,1.6160983284504342,14.457100880173925,100.0,1:1_SYMMETRIC
30,2469,2.4652195891746214,5.1402884917457685,0.10172361293425862,0.5221122793867607,100.0,1:1_SYMMETRIC
31,2210,0.5156878772521047,1.2226693191209022,0.08167144165724742,0.3250896466898894,100.0,1:N_SPLIT
31,2297,1.1384487960749226,3.2167795538425823,0.08167144165724742,6.735883274799164,100.0,1:N_SPLIT
31,2298,10.969960164724219,32.479541686401284,0.20921490085927583,29.410040247073084,76.95219115901286,UNIDIRECTIONAL_PARTIAL
32,2378,0.6076863470187177,1.242167337766151,0.04325810651343322,0.25269961886522196,100.0,1:1_SYMMETRIC
33,1229,0.9189699192750833,2.091560948878749,0.05882524464764928,10.073492070293469,100.0,1:1_SYMMETRIC
34,2219,2.9011301852461053,5.887503846957961,0.4110329622521007,0.9628455609422417,100.0,1:1_SYMMETRIC
39,1560,1.718951320089079,7.796146829633061,0.10073180056071496,2.708489080907327,100.0,1:1_SYMMETRIC
40,2529,3.0716855051863092,3.1432544910284133,3.0001165193442048,3.448708753809342,100.0,1:1_SYMMETRIC
44,154,1.0682900453688657,1.837215594141638,0.2993644965960933,0.9452984217110725,99.2661984079698,1:1_SYMMETRIC
45,995,0.42754190065810405,0.77062585361818,0.2321895627331434,0.6397681427419002,100.0,1:1_SYMMETRIC
47,1283,2.2224287426500138,3.4476222748279923,0.339307845620607,0.5441801955154801,100.0,1:1_SYMMETRIC
48,2463,0.3182107272923202,0.4362864476895822,0.15612214865637777,5.75287487642413,73.43013816589394,1:1_SYMMETRIC
49,1104,2.353420595662413,5.661705399051536,1.3086818203242403,1.9810951147764797,100.0,1:1_SYMMETRIC
50,2060,1.4198195923680266,4.322839357517898,0.03260215583851172,11.446622789842877,100.0,1:N_SPLIT
50,871,16.865807047375945,27.346399408241556,1.6129824739270007,2.4578899664669507,74.27899919635186,UNIDIRECTIONAL_PARTIAL
50,870,22.01907775076288,40.170885247047195,1.888766831032104,27.509419204950234,60.684326196395986,UNIDIRECTIONAL_PARTIAL
52,251,1.8136222458872273,6.7717173247339915,0.0508271548396622,0.707938458229961,100.0,1:N_SPLIT
52,252,20.03181340091027,56.18886421080104,1.8192609506726183,11.55623434369906,50.14206115328758,UNIDIRECTIONAL_PARTIAL
54,1811,0.6064402771416483,1.2984504985283136,0.07978599320217696,2.5040484906242,100.0,1:1_SYMMETRIC
55,1599,1.0711255876588464,1.5940667149152914,0.6054339695967692,0.10847335957708992,100.0,1:1_SYMMETRIC
56,1265,1.8624241248065534,3.9533447192146767,0.7988113359982428,0.9651814438408337,100.0,1:1_SYMMETRIC
57,1277,3.3578180435449996,3.469797429566495,3.277758216548698,2.437620433425707,100.0,1:N_SPLIT
57,1278,6.380747191539188,17.967322905854825,0.6855045984631238,1.1493825569548903,57.19923928193633,UNIDIRECTIONAL_PARTIAL
57,1752,8.435060237652916,17.28833647817148,3.469797429566495,4.586733789831868,100.0,UNIDIRECTIONAL_PARTIAL
61,744,10.067138422190165,17.016312779228617,4.764663274308031,4.59543544011251,100.0,1:N_SPLIT
61,741,15.40940777397339,25.311946227943352,8.800827945281855,25.65995154823628,98.27122222839887,UNIDIRECTIONAL_PARTIAL
61,746,17.802555936429282,20.790687267571244,16.166257234207787,3.5908344033704225,100.0,UNIDIRECTIONAL_PARTIAL
62,747,0.04405030093254599,0.11173796706030954,0.00148138414658832,0.6139942631381246,100.0,1:N_SPLIT
62,749,0.7135235275966402,1.8977273661561318,0.11173796706030954,3.0026662470648375,100.0,1:N_SPLIT
63,12,19.661854366134285,29.716120647060077,11.236002087590107,11.755961581540191,76.69973899825968,CONFLICT
64,868,5.603865998638519,11.540400341459318,2.2080306888620806,14.94598292701744,93.11614637132895,CONFLICT
65,1847,0.9046590553796418,1.9397659931564357,0.05270163232652918,10.622322998451807,100.0,1:N_SPLIT
65,1848,3.8211857087465244,9.992306884374255,0.6853786770533574,29.933470594742857,100.0,UNIDIRECTIONAL_PARTIAL
65,1846,14.78340060063729,41.18027031812556,1.862642347719253,16.01865020226569,70.89733660969091,UNIDIRECTIONAL_PARTIAL
66,2514,0.055817225310321156,0.06991921440881209,0.04059951752227899,0.003914352676929411,100.0,1:1_SYMMETRIC
67,54,2.7563625600324437,5.543117501182073,0.6979943501948056,1.1538392821229877,100.0,1:N_SPLIT
67,53,10.903854470079704,13.622033410253225,7.833251808242901,26.641246526376904,100.0,1:N_SPLIT
69,868,1.6667513679838237,2.2979522513139834,0.678481578800687,7.167202685431448,66.60877134298102,1:1_SYMMETRIC
71,1813,4.424892000193179,5.278235004123536,3.321314859401738,4.75279258300003,76.91946280016357,1:N_SPLIT
71,1811,14.377962108628822,39.55992907176206,1.2984504985283136,5.1487091907415845,65.72197542525036,UNIDIRECTIONAL_PARTIAL
75,803,5.019102767505285,5.028627649804342,5.0095778852062285,0.6258515981760411,100.0,1:N_SPLIT
75,802,11.332176724970433,23.632429967785725,5.028627649804342,0.6237466464315276,100.0,UNIDIRECTIONAL_PARTIAL
79,1709,11.109164293030302,11.303328483882208,10.746189421489328,0.8529410945274094,100.0,1:N_SPLIT
79,1361,17.05426033015693,22.805192176431646,11.303328483882208,13.219021581972527,100.0,UNIDIRECTIONAL_PARTIAL
79,1708,19.524773619336898,37.38158839849768,10.446543038023691,2.1122433908638527,52.71811046923687,UNIDIRECTIONAL_PARTIAL
80,663,2.544827102465246,9.171163091781645,0.18593932524635096,26.738321063115166,95.0496517942691,CONFLICT
81,1364,6.985443075232374,8.327806908513574,6.190533745889955,0.39488215446186814,76.3527032114229,1:1_SYMMETRIC
82,442,0.35229071010332363,1.6391816149640492,0.008446716504158656,2.130612616382905,100.0,1:1_SYMMETRIC
84,441,1.9721422468163594,4.837338189298819,0.004457692461081336,1.4937612539803808,100.0,1:1_SYMMETRIC
85,1351,2.731402581869949,4.204942836338049,0.06991921440881209,1.7592897651147723,100.0,1:1_SYMMETRIC
90,2017,21.96250765992258,22.878605047737985,21.046410272107178,0.6070993952852177,100.0,1:1_SYMMETRIC
93,759,4.596386848548128,5.468289620313942,4.099226860587063,8.173097979414024,100.0,1:N_SPLIT
93,760,6.718005552838668,9.066306024451547,5.467359699174436,20.060652452601005,100.0,UNIDIRECTIONAL_PARTIAL
94,1007,1.370390275943484,2.5789124777139425,0.16186807417302582,18.77632502053126,58.41368056917803,CONFLICT
94,2137,2.7346653704115536,2.890418263109165,2.5789124777139425,17.139012666058022,84.63420904894218,UNIDIRECTIONAL_PARTIAL
95,1886,8.41846323866628,9.689641556481002,7.14728492085156,19.95684303875572,100.0,CONFLICT
98,434,6.089257101644328,6.964456089272878,4.588915131388673,0.5856369370414996,100.0,1:1_SYMMETRIC
99,346,5.202568719921004,10.478777968198226,2.600714443619874,0.7633868749246062,100.0,CONFLICT
115,1729,4.286280758007664,4.430725693570993,4.141835822444335,7.890275494314153,92.05324093521865,CONFLICT
116,312,2.0705799325834033,5.6521015175602525,0.6419201348210762,19.166107906690456,100.0,CONFLICT
116,322,15.119619224464454,17.206873652242447,13.032364796686462,29.061085685360695,100.0,UNIDIRECTIONAL_PARTIAL
116,315,17.179951691768718,25.134419126862568,9.22548425667487,3.488127044957878,99.03729189702754,UNIDIRECTIONAL_PARTIAL
116,321,17.910478211461434,18.614082770680422,17.206873652242447,29.05897538280408,100.0,UNIDIRECTIONAL_PARTIAL
120,397,0.12118154040169161,0.20525165059127135,0.028080985764929872,0.38047239913095154,100.0,1:N_SPLIT
120,396,8.546760181327048,52.82155111466463,0.08096202079403908,4.533821530863065,85.86685629443902,1:N_SPLIT
121,390,0.5500218753578545,1.558305385833316,0.0009458142228780873,3.7878693532151146,53.66501345711335,1:1_SYMMETRIC
122,283,2.3502986020599397,13.81339940967428,0.05121381059845078,0.6298376847922214,100.0,1:1_SYMMETRIC
123,2198,1.8458326487820147,1.8502167872813817,1.8414485102826477,10.596869427366187,100.0,1:N_SPLIT
123,2199,5.185324611548015,16.890410146212236,1.8249926763117301,9.562232986544927,100.0,1:N_SPLIT
124,270,0.9634802809514925,1.6461459086815364,0.45896024655281253,5.409900762777738,100.0,1:N_SPLIT
124,272,1.1160804511870697,3.6087203396609593,0.02901305144178627,4.286025522294949,100.0,1:N_SPLIT
124,271,1.523936321317294,1.5407252613691884,1.5071473812653997,3.557386342485586,100.0,1:N_SPLIT
124,660,12.079291873893006,20.549863408125052,3.6087203396609593,15.945425751996481,100.0,UNIDIRECTIONAL_PARTIAL
124,269,12.22692630274719,32.679141447969755,0.5759477560859521,4.8243212056967195,77.61620968242774,UNIDIRECTIONAL_PARTIAL
125,17,18.129968210330897,26.675349111185213,7.976690724861127,14.251523361337092,52.52386882540262,1:1_SYMMETRIC
127,47,1.4586005977362941,1.49307272677293,1.4241284686996583,2.1268896646114968,100.0,1:N_SPLIT
127,48,1.5417496746512978,1.9235132930527499,1.0772933892616676,1.4911980342647553,100.0,1:N_SPLIT
127,46,1.556828720934908,1.721940476618197,1.483267163549504,2.4745194982170347,100.0,1:N_SPLIT
128,1464,1.4960432875714185,3.015700118831879,0.37307739138212,1.9442865640962737,100.0,1:1_SYMMETRIC
129,1470,2.010830506367943,3.7805177588205257,0.03799696983254212,0.08292330385279456,100.0,1:1_SYMMETRIC
131,1079,1.8214941043132782,2.5526551890037723,1.5230844574669486,1.8265926899926228,100.0,1:N_SPLIT
131,1089,6.961565733960981,15.422670122185846,2.32230554528269,11.03540604176402,100.0,UNIDIRECTIONAL_PARTIAL
132,220,1.0875510560198771,3.1866269824761932,0.07703654341213205,4.689295845541267,100.0,1:1_SYMMETRIC
133,1170,3.9560808375450107,7.8724988374403475,0.00682924996010879,0.1800298732359238,100.0,1:1_SYMMETRIC
135,1576,1.6854414852561201,1.7118199668301475,1.6470841556378213,0.6707094193020566,100.0,1:N_SPLIT
135,1571,1.8688258343848094,6.044913158033878,0.14218561318355868,0.1298867230247538,100.0,1:N_SPLIT
136,1647,5.52702003423218,6.49308137521891,4.661720309363682,16.233547579265746,100.0,1:N_SPLIT
136,293,5.929570968087585,7.082724189489736,4.661720309363682,1.044077406608892,100.0,1:N_SPLIT
136,292,5.968605983099475,6.114675102968883,5.770964032415663,0.47522966877534145,100.0,1:N_SPLIT
136,1826,20.58844058200802,31.639878874180326,6.49308137521891,29.246805824435,79.857066269926,UNIDIRECTIONAL_PARTIAL
136,1012,20.688578703714793,35.356978593515706,6.02017881391388,4.649205452251238,67.74825720244998,UNIDIRECTIONAL_PARTIAL
136,295,22.002212624634055,37.5113438740492,6.49308137521891,13.719493030251783,62.229861812194564,UNIDIRECTIONAL_PARTIAL
137,582,5.7434199775926755,6.971042687529483,4.624657304530313,2.9699005009095174,100.0,1:N_SPLIT
137,590,23.597630158123593,32.65303109961663,14.542229216630556,5.523143745619706,61.31480177537494,1:N_SPLIT
138,543,1.676389465577266,2.040092614805661,1.3126863163488711,17.52143097773387,100.0,1:N_SPLIT
138,864,3.5156060648553296,4.991119514904998,2.040092614805661,16.163507949117104,100.0,1:N_SPLIT
140,1750,4.456161822165776,10.334944329654588,1.4241634641771914,1.8442818550691982,71.18600435623355,CONFLICT
142,2359,0.9689138334834553,1.5098748032167868,0.29446833771923314,0.32731802252760644,100.0,1:N_SPLIT
142,1190,4.436992277277404,12.68487524666948,0.29446833771923314,1.5707942776782033,100.0,UNIDIRECTIONAL_PARTIAL
143,802,5.5049467651236865,5.761841726097098,5.335472557321231,1.2082525413482585,92.68640710063801,1:1_SYMMETRIC
145,953,3.503748195735794,5.639684735645636,0.1890009937897797,4.015763363775818,94.47946648291064,1:1_SYMMETRIC
146,1256,3.371123852503722,3.839765098131379,2.9901015169742258,2.4540302387985093,100.0,1:1_SYMMETRIC
148,34,2.6736666870063863,4.349863009963366,1.4216680216416104,4.173893319414958,100.0,1:1_SYMMETRIC
149,2409,0.7672102477447289,2.0493060700820545,0.03820966498690951,0.5381506929778652,100.0,1:1_SYMMETRIC
152,2465,1.4405405498770987,3.6783164405436106,0.06450724856332563,1.5226234198011923,100.0,1:1_SYMMETRIC
154,1983,0.5619636157554065,1.15190290594038,0.2517103363660172,0.2613615534331757,100.0,1:N_SPLIT
154,1984,1.5172889534471026,5.604349451829303,0.2517103363660172,3.6416607588727175,100.0,1:N_SPLIT
154,1977,14.046111289085628,28.942630096557316,1.0988856057301426,4.0841274390894,84.16894315999997,UNIDIRECTIONAL_PARTIAL
155,1293,0.7452255791885409,0.9940682172537215,0.49638294112336045,1.663422014026196,50.70638204204004,1:1_SYMMETRIC
156,1293,2.4452309981958655,13.437407937940593,0.012238912304584295,0.5619985933851694,78.04813764878897,CONFLICT
157,1540,1.110657274848208,1.8831585399322104,0.6663737129507352,0.8781359092882326,100.0,1:1_SYMMETRIC
158,191,0.6722492579218698,0.8764591805181381,0.43298830561842877,0.3663985848862694,100.0,1:N_SPLIT
158,1564,24.790276196631325,70.14239730095011,0.8764591805181381,1.490025262900872,56.72831892242076,UNIDIRECTIONAL_PARTIAL
159,704,1.6675588654318332,7.5043483347386575,0.14112699811315746,2.168359979106981,100.0,1:1_SYMMETRIC
163,1140,0.7350795240483685,0.7379906149376463,0.7321684331590906,4.016128120384508,100.0,1:N_SPLIT
163,1141,1.5311281949691662,2.658061175666743,0.7379906149376463,2.7462949967115264,100.0,1:N_SPLIT
163,1138,12.502045428942658,23.08022381829976,1.9238670395855546,4.021264221580452,100.0,UNIDIRECTIONAL_PARTIAL
163,1139,14.524838034184675,106.45218284125094,0.588881834078896,21.120920815960403,55.53246852535444,1:N_SPLIT
168,1006,1.2826203325614933,2.4913635136829155,0.35007118805545634,1.2585987068651434,100.0,1:1_SYMMETRIC
169,1197,0.22184228815635176,0.4208065405562608,0.03458851733770387,0.0012474764575358677,100.0,1:1_SYMMETRIC
170,1235,0.7307724574155301,1.6394888923647337,0.1760691497339434,0.05093498849316802,100.0,1:1_SYMMETRIC
173,778,2.6638359217527436,5.682205059419011,0.9220534033593727,9.083904921597707,100.0,CONFLICT
173,771,2.949801442541355,4.955110714161547,0.944492170921163,23.69904564998103,100.0,UNIDIRECTIONAL_PARTIAL
173,1979,3.581254107960204,4.955110714161547,2.207397501758861,15.26513625637915,69.1606164205006,UNIDIRECTIONAL_PARTIAL
174,2245,2.210013387565254,2.5329077605146817,1.8473410748940517,1.4694051796244025,100.0,1:1_SYMMETRIC
177,995,1.0835677252474643,1.3965095968767485,0.77062585361818,0.6406365452644991,51.808820062721935,CONFLICT
178,1305,1.801224603009983,3.057980907447832,0.7428129495639653,4.549154748379635,100.0,1:N_SPLIT
178,1327,16.046044094418708,26.83178723070515,5.260300958132263,19.003091309885747,91.55636246360739,UNIDIRECTIONAL_PARTIAL
179,1754,2.5403893342461514,3.588376374264216,1.4924022942280868,6.594859695796629,100.0,1:N_SPLIT
179,1261,7.2610077843708005,12.242311047409284,2.2797045213323175,11.773924481677966,100.0,UNIDIRECTIONAL_PARTIAL
181,886,5.280149913657778,11.969651339324091,1.8380297574171462,3.560875228687337,51.93696293496261,CONFLICT
184,863,5.762133828803579,7.698653717761403,4.861588058907336,1.4277379309215235,100.0,1:N_SPLIT
184,864,6.689130351509547,10.405806961893429,4.799996033727877,6.864897664012403,100.0,UNIDIRECTIONAL_PARTIAL
184,471,8.2126596939849,24.097597738576866,0.2649385366572511,22.04377279126328,100.0,UNIDIRECTIONAL_PARTIAL
184,543,15.635404218292914,20.8650014746924,10.405806961893429,8.22282069262917,100.0,UNIDIRECTIONAL_PARTIAL
185,164,2.2762059484555723,2.916595313006319,1.7248433937889707,8.19949790085252,62.54869064351052,1:1_SYMMETRIC
187,229,2.827905811928096,4.755766662830995,0.09390468936775374,0.6110457682185029,100.0,1:1_SYMMETRIC
189,52,1.518383720618597,4.363363277985457,0.06031514694301604,1.6852567564316132,100.0,1:1_SYMMETRIC
191,780,1.0414630363453097,2.1930074633991476,0.01956555814948221,0.5752582724380204,100.0,1:1_SYMMETRIC
192,73,1.0694098523945157,2.1786552813164155,0.19322883188170328,0.5323072785462557,100.0,1:N_SPLIT
192,78,13.9703732824749,39.80574183372246,1.0473595348271452,4.291131772901878,63.001186093300845,UNIDIRECTIONAL_PARTIAL
193,1857,4.758197659778894,6.718988441117808,2.2962179135077414,9.656811337410915,100.0,1:N_SPLIT
193,1858,9.578214899823742,21.32328726682772,2.823647513188169,9.655356946820177,100.0,UNIDIRECTIONAL_PARTIAL
193,1961,9.659312184266213,15.5955864864721,6.663361625208728,5.645009675375377,100.0,UNIDIRECTIONAL_PARTIAL
193,1859,24.38726181079879,27.45123635476986,21.32328726682772,9.665066767152808,59.647009928678564,UNIDIRECTIONAL_PARTIAL
196,64,19.204330565706833,50.08591360719058,0.052509095875273144,8.845877605967303,57.701914808877916,CONFLICT
199,939,1.7384082360581763,3.0241430724527296,1.0736206876792178,0.06937266468116832,100.0,1:1_SYMMETRIC
202,909,2.318334802660963,4.471902499067417,0.058217788386928905,5.712394871317713,100.0,1:1_SYMMETRIC
203,55,3.6490310190171718,9.287973248654668,0.14872581286441577,9.076229037520108,100.0,1:N_SPLIT
203,731,19.39712794666858,27.923436590365096,10.870819302972064,8.36924750666094,84.79888388914574,1:N_SPLIT
206,417,1.8635519161614955,3.8666096445189497,0.006626090601854827,0.863610421383953,100.0,1:1_SYMMETRIC
208,1961,5.29910822569124,6.663361625208728,3.9348548261737513,10.899713203754004,100.0,1:1_SYMMETRIC
209,1686,1.8540155072261657,3.3204017628791944,0.967980779112089,6.236124642520963,100.0,1:1_SYMMETRIC
221,1436,15.551084353680055,30.265364173425393,0.8368045339347168,6.938683141063507,53.98587084171827,CONFLICT
224,427,1.0267549977800368,1.179716802908059,0.8737931926520148,0.15198237128265646,86.24754009974659,1:N_SPLIT
224,425,16.34229989154986,28.806359792221905,3.878239990877818,0.7720296222412912,84.6549259441183,UNIDIRECTIONAL_PARTIAL
225,402,1.7159494698486835,3.878239990877818,0.16497206944820844,1.1888555039350877,100.0,1:1_SYMMETRIC
228,2508,1.1077121567121493,1.6118238068556652,0.7053978409284699,1.073820521182597,57.74159131635965,CONFLICT
232,1903,4.71260035751053,5.4744921801370365,3.661339066630841,4.028647544449257,100.0,1:N_SPLIT
232,1902,5.80286608669628,6.348009424702244,5.4744921801370365,0.1618311888527728,100.0,1:N_SPLIT
232,663,13.32200806790334,36.526289119528464,0.8515084064761007,19.920907535281287,72.9959084868158,UNIDIRECTIONAL_PARTIAL
239,955,2.202730757083986,4.046161051426127,0.4029078413013317,2.092226188946654,100.0,1:1_SYMMETRIC
241,2025,17.4218568182342,26.646291646856188,8.197421989612215,24.91014817947155,89.19469039019707,CONFLICT
243,1150,5.939992320768261,6.616368665368513,5.601779758972657,2.179051958433206,100.0,1:1_SYMMETRIC
244,469,5.161868423487306,5.430799687208262,4.89293715976635,1.6405250073299271,64.80994352156215,1:1_SYMMETRIC
256,156,6.707788599969745,7.274962400118549,6.204046535622148,0.4478155452044916,100.0,1:1_SYMMETRIC
261,895,1.0058203241175994,2.5806591698948957,0.1110947173061182,5.926372318935989,100.0,1:N_SPLIT
261,894,5.661634387279219,17.21043943355471,0.7955447783397714,5.926372318935989,100.0,UNIDIRECTIONAL_PARTIAL
270,339,0.20782600386885844,0.4548309718791687,0.030168505144916827,0.6957462539840549,55.47204132495702,1:1_SYMMETRIC
271,647,3.2096230753165034,5.217860633582697,1.4146890815794515,5.552510668449941,100.0,1:1_SYMMETRIC
272,1129,0.9479891789151558,1.3833283516913377,0.6376185605830298,0.09325399557536684,100.0,1:1_SYMMETRIC
273,1661,1.1750261505462272,2.4520993933494473,0.024318315846613984,0.0026736598045431492,100.0,1:1_SYMMETRIC
275,1423,7.836552467230503,20.393805695914683,0.10552311873596734,16.59158974152149,94.57451397297825,1:N_SPLIT
275,1398,11.451846775507256,11.55196145923091,11.351732091783601,5.016192217304592,100.0,1:N_SPLIT
277,45,0.959598343447963,3.525708380163253,0.12754138989062447,0.780484618868627,100.0,1:N_SPLIT
277,46,4.378643168203034,12.386840615311959,1.4615268183445156,1.659882978129076,100.0,UNIDIRECTIONAL_PARTIAL
277,47,22.613862564703087,32.84088451409421,12.386840615311959,1.3122531445235381,61.576299837325486,UNIDIRECTIONAL_PARTIAL
279,177,2.7305952227087613,9.028141802838284,0.871070735666583,2.3727195559644656,100.0,1:1_SYMMETRIC
280,2394,2.613979049250612,3.0999344359298227,1.7242685227431265,0.008133048228785356,100.0,1:1_SYMMETRIC
281,300,0.714213881693467,4.254864000285179,0.04964765798605908,7.381751652302796,54.674043166370524,1:1_SYMMETRIC
282,288,3.949568514944062,4.018137651637923,3.8917676134000154,8.228447735067675,100.0,1:1_SYMMETRIC
283,654,1.6890841691399263,1.7073353073021187,1.6708330309777337,0.8254320673403299,100.0,1:N_SPLIT
283,655,2.028240561967439,2.690299532919146,1.6057434973882712,0.7148007390900375,100.0,1:N_SPLIT
286,1107,0.7140102179722877,1.147635058895191,0.004073347072375103,0.2547061247636293,100.0,1:1_SYMMETRIC
287,379,0.8544390354835687,2.181589428261902,0.02239870999167103,0.9055106644684088,100.0,1:N_SPLIT
287,392,3.0909393072529237,9.066707411213779,0.02239870999167103,2.0303475323880775,100.0,UNIDIRECTIONAL_PARTIAL
287,378,12.746828155654798,23.312066883047695,2.181589428261902,1.1335025358222879,100.0,UNIDIRECTIONAL_PARTIAL
287,393,21.998365548719963,34.93002368622615,9.066707411213779,0.6668344793475285,51.64832142742013,UNIDIRECTIONAL_PARTIAL
288,621,0.3973901771512902,0.5491129048827655,0.10644909988797624,0.9308037100921638,100.0,1:N_SPLIT
288,622,1.754241360447178,4.994613545900897,0.10644909988797624,1.0669514403639369,100.0,1:N_SPLIT
288,384,15.585960384907384,26.17730722391387,4.994613545900897,0.2697995196273837,94.40953592329556,UNIDIRECTIONAL_PARTIAL
292,737,0.05616807362021168,0.06129752014648724,0.04607092999453334,1.1159337813891739,100.0,1:N_SPLIT
292,727,0.06641480764249746,0.094424719976519,0.04607092999453334,4.501282629988282,100.0,1:N_SPLIT
292,736,0.09032510814422293,0.1195144455688314,0.06113577071961444,1.1143113413045285,100.0,1:N_SPLIT
292,729,23.414089731518818,46.73375474306112,0.094424719976519,4.5008355126124115,53.4182835870597,UNIDIRECTIONAL_PARTIAL
294,1071,1.3174314875669642,1.8777258501712528,0.9660760659547225,0.6454428177126488,100.0,1:1_SYMMETRIC
295,2493,0.6540887091306565,1.3644756907093334,0.13008452162379144,1.9642861283245452,100.0,1:1_SYMMETRIC
296,2229,3.2597205886590443,4.427461277234439,1.986029685622258,1.0919442623169857,65.0104388263667,1:1_SYMMETRIC
298,1382,4.205280215808692,5.21231404917193,3.1982463824454532,1.9959895864203645,100.0,CONFLICT
299,167,1.8367198317910638,2.225460548757212,1.6418372399601762,4.152192958404271,100.0,1:N_SPLIT
299,166,3.274405819351787,3.8265222894190076,2.722289349284566,7.112629910226303,100.0,UNIDIRECTIONAL_PARTIAL
299,168,3.2957823841792804,3.8473985978731466,2.7441661704854137,0.07332294003634843,100.0,UNIDIRECTIONAL_PARTIAL
300,367,5.153447557586012,7.492263108689566,3.209086142841448,15.224980085085292,100.0,1:N_SPLIT
300,369,11.438451808225823,20.055740639831065,6.76735167615684,5.9665439759622245,100.0,UNIDIRECTIONAL_PARTIAL
300,161,17.48714728138007,51.23240830792071,1.4622858697507826,18.72192642393179,58.084253588736054,UNIDIRECTIONAL_PARTIAL
301,1925,0.06528929330798691,0.09106259015954611,0.0395159964564277,0.04160092039603569,100.0,1:1_SYMMETRIC
302,69,1.2271573010732606,2.0144567717656896,0.31647389741253873,1.15431002649089,100.0,1:1_SYMMETRIC
303,2292,0.752435687377745,1.204291088700748,0.5229240634931983,0.6070008165696947,100.0,1:1_SYMMETRIC
304,1048,3.910295908302653,4.974084934554229,2.167155578560863,2.87837596354143,54.65408868755469,CONFLICT
305,1036,1.4293630307474052,3.5412474442719417,0.04944643737645723,0.5585849067305162,100.0,1:1_SYMMETRIC
307,950,2.822401549537013,4.10752549521581,0.3054566069032991,1.8401511120527516,100.0,1:N_SPLIT
307,678,20.07685141403261,41.735802375380345,4.2073428089210285,12.24461217123661,57.0932135089859,UNIDIRECTIONAL_PARTIAL
308,2038,9.458873426803898,11.400774955944524,5.2902875242489324,0.59673231225986,100.0,1:N_SPLIT
308,2036,11.622623523604544,18.732057168497025,9.165919972435642,0.5977556757412685,100.0,1:N_SPLIT
309,1978,3.1252416178595173,3.771528447765912,2.633914361391841,6.774666981509995,100.0,1:N_SPLIT
309,1982,10.377751022795438,13.120901956776876,7.6346000888139995,6.979669632081766,100.0,UNIDIRECTIONAL_PARTIAL
309,771,13.499281093242814,22.043451472324083,4.955110714161547,10.906141448835001,100.0,UNIDIRECTIONAL_PARTIAL
310,953,4.463985217448112,14.55683447521101,0.4994501925340454,9.687495650228357,73.1090522799781,CONFLICT
310,952,5.753410220790595,9.400833527395767,3.479250867834987,15.425481368528892,100.0,1:N_SPLIT
310,951,18.059011558829862,35.650457552418594,8.3250907660433,21.785062019775637,68.07979893679514,UNIDIRECTIONAL_PARTIAL
311,203,2.309871732399885,5.770278342069558,0.27693872447345375,5.12462741782349,100.0,1:1_SYMMETRIC
313,2534,2.8673548766066865,5.5196030319422045,0.09697532576757796,0.8789933030577117,100.0,1:1_SYMMETRIC
314,2334,2.785095770494804,7.388852541874558,0.08458300083078289,15.171565518336308,70.64021688460949,1:1_SYMMETRIC
315,1384,3.6036074250377332,4.218395721612292,2.9200445160989608,1.3721172311260261,100.0,1:1_SYMMETRIC
317,2156,7.0689753664355,12.128516693474817,2.0094340393961834,1.0729357861300173,100.0,CONFLICT
317,2157,18.03973412960465,23.95095156573448,12.128516693474817,1.076006777821874,100.0,UNIDIRECTIONAL_PARTIAL
318,486,0.097230557959614,0.10622784492168194,0.08984725513913229,0.13059174436369858,100.0,1:N_SPLIT
318,485,0.21280752964617064,0.37557632502565524,0.10622784492168194,0.12780115104879997,100.0,1:N_SPLIT
321,1264,5.925874454419603,6.310475264548288,5.533845601120822,0.23979018046776446,100.0,1:1_SYMMETRIC
322,1940,2.235673091636995,4.382633233587336,0.13279153561830542,2.8591452360128073,100.0,1:1_SYMMETRIC
328,372,0.11648633799275124,0.4567322922319223,0.013233012675967274,2.7340855248005482,64.26949675525773,1:1_SYMMETRIC
329,885,8.524753822454372,12.902620498582847,1.6832803765625017,19.14921236204168,100.0,1:1_SYMMETRIC
331,446,2.2950231925052087,4.203208453081595,0.9652741720789115,4.473827003758117,100.0,1:1_SYMMETRIC
332,1975,6.301351342081862,6.868374793052531,5.67081579882956,0.31614952221349313,100.0,1:1_SYMMETRIC
334,2434,1.8180912648108485,2.3997438421937742,1.0889030903703423,0.15000025135498163,100.0,1:N_SPLIT
334,1267,20.071378305357193,35.04102092996785,5.101735680746539,2.2462726988501345,66.79123407098861,UNIDIRECTIONAL_PARTIAL
336,79,2.7825742524005146,3.713108754793831,2.2883776712431305,0.8598699097404676,100.0,1:N_SPLIT
336,80,16.29141919878875,41.385664184911576,3.713108754793831,0.22940201371977764,61.578171420220784,UNIDIRECTIONAL_PARTIAL
336,78,21.774705325390013,41.06959627289948,2.4798143778805444,2.821075367364017,59.70301176985687,UNIDIRECTIONAL_PARTIAL
337,741,2.348527279413488,2.795623044496164,1.9550823442592864,15.093509781564705,100.0,1:1_SYMMETRIC
340,2268,5.423078061311513,47.840065109740074,0.23930704428385516,13.564811327429652,63.28370100307564,CONFLICT
342,781,0.8205344532802074,2.0192690735155856,0.27793707851079086,0.2641567673765053,78.72828950828338,1:N_SPLIT
342,1986,17.794176463297145,33.03584418047965,2.552508746114638,2.4376771393700665,74.30674688560049,UNIDIRECTIONAL_PARTIAL
343,2048,3.5262467270362214,9.11703114569272,1.7858876213489887,0.1182027003173971,64.90125587348643,CONFLICT
343,473,8.471929764782718,26.070446296504283,0.7109808724436859,24.05609043606654,96.99113951356094,UNIDIRECTIONAL_PARTIAL
346,1815,1.998243624675429,4.028997577761193,0.07069949390951677,4.3178881671411204,95.53133012332643,1:1_SYMMETRIC
348,2168,3.618581158689972,4.380676413538109,2.6045891811461654,16.074294303605086,100.0,CONFLICT
350,2013,6.484054380824615,9.356020375286121,3.6120883863631077,2.0541664092892233,100.0,CONFLICT
350,2014,13.849453875090223,18.342887374894325,9.356020375286121,2.0532693165263254,100.0,UNIDIRECTIONAL_PARTIAL
350,816,24.78780840852518,31.232729442156035,18.342887374894325,0.8244379915623767,51.42065728793289,UNIDIRECTIONAL_PARTIAL
354,295,2.4516965660196623,3.955574666967449,0.947818465071876,8.214602218273512,100.0,1:N_SPLIT
354,1647,18.817096333006717,25.74399475994346,11.890197906069975,5.700547669259549,94.60836733311797,UNIDIRECTIONAL_PARTIAL
357,278,3.1853080241552516,4.662425874486481,0.95973970422664,4.639215086228205,54.84536872927719,CONFLICT
358,343,0.8528524013198812,1.399731535536006,0.3809174213412494,8.916593653462826,92.02747882389198,1:1_SYMMETRIC
361,414,10.127180209150165,11.162600564471585,9.374033919283315,2.8645308087687056,100.0,1:N_SPLIT
361,2522,13.43358703201877,18.224959825862232,10.92092632928906,9.501549678676383,100.0,1:N_SPLIT
361,413,17.53755120137569,34.61148751117396,8.627132173669784,1.6052285124322907,82.8743096517428,UNIDIRECTIONAL_PARTIAL
363,2388,2.8258042978942566,3.9693731930123226,1.6622578682661435,0.8190337158849843,100.0,1:1_SYMMETRIC
379,2467,0.3540196565339111,0.6145017456579007,0.16285684952082857,1.0799829514058672,100.0,1:1_SYMMETRIC
386,465,1.6284763753211202,1.8362478119690484,1.3915387974090832,0.2668971210599693,100.0,1:1_SYMMETRIC
393,1602,2.3107940820352963,2.3501925528680574,2.2713956112025357,3.5040007274489255,100.0,1:N_SPLIT
393,1603,8.533359171185955,22.240882990599136,1.0877989117561961,3.493462952902604,100.0,UNIDIRECTIONAL_PARTIAL
393,1605,9.505946645032571,20.774969373510444,3.636086646185869,10.156302793058813,72.77680333012775,UNIDIRECTIONAL_PARTIAL
395,758,0.05031649860857262,0.08077747391415004,0.019855523302995202,0.3119223609667756,100.0,1:1_SYMMETRIC
397,398,0.26519163096077025,0.6065973743600921,0.004045473675106823,4.271343213031457,51.93827328192759,1:1_SYMMETRIC
398,370,7.59512206740508,21.8603324923005,0.4562494177926201,7.591023677962937,100.0,CONFLICT
399,504,0.35155599847723107,0.4851920225942557,0.17133668713578015,0.2715702659046997,100.0,1:N_SPLIT
399,847,22.564617212800872,37.90748936580303,7.221745059798712,0.17852222163639908,57.87984911191775,UNIDIRECTIONAL_PARTIAL
401,2195,1.9563177079996836,19.793355381779982,0.0025362746526341193,28.542210294108088,57.611513195388454,CONFLICT
402,358,6.531446935967165,6.645727272262894,6.282817998508582,4.667193310948846,100.0,1:N_SPLIT
402,359,22.838294437956893,91.2915636513051,6.602287960251615,24.474087967315427,54.411345571022615,UNIDIRECTIONAL_PARTIAL
404,1849,1.3482541327548967,2.9408458580414942,0.2208828452786711,3.7622610645684063,100.0,1:N_SPLIT
404,1850,2.444550312164608,3.2352657381665773,2.077593257066084,10.003708744092762,100.0,1:N_SPLIT
404,245,6.079488251662996,9.218130645284496,2.9408458580414942,9.252243445832448,100.0,UNIDIRECTIONAL_PARTIAL
404,244,10.459360036298225,11.700589427311952,9.218130645284496,9.251577968262382,100.0,UNIDIRECTIONAL_PARTIAL
405,173,1.3905601994395704,1.9866301609611605,0.7944902379179806,0.5188660350784176,100.0,1:1_SYMMETRIC
406,1460,1.7220355794518012,2.7878707545856316,1.0629210203547723,5.141770261491956,54.123822066856796,1:1_SYMMETRIC
407,1514,2.5781320126879472,5.155710470941896,1.6425563021852767,0.19209981331442805,100.0,1:1_SYMMETRIC
409,1487,0.07980656829123325,0.08468789798493037,0.07492523859753612,6.497064568117253,100.0,1:N_SPLIT
409,1485,0.13244886588928184,0.1802098337936333,0.08468789798493037,6.496780613159956,100.0,1:N_SPLIT
409,1484,0.1514966257055084,0.5233268289455102,0.0057986861816939315,10.989992890374253,100.0,1:N_SPLIT
409,1486,5.120599678703784,73.34926135692352,0.011361395106935188,9.729883192295688,85.54874200686301,1:N_SPLIT
410,1944,0.7287910373615233,1.3183501812912097,0.1422464238780646,0.09267405975560905,100.0,1:N_SPLIT
410,1689,2.989404793008785,8.953736043397692,0.004712931597403026,1.6008975925505524,100.0,UNIDIRECTIONAL_PARTIAL
410,1690,21.021724355751275,33.08971266810486,8.953736043397692,1.301099364155391,66.37217251193348,UNIDIRECTIONAL_PARTIAL
411,998,0.9890294236776469,2.0330463064136377,0.16727129817082537,8.90943219446126,100.0,1:1_SYMMETRIC
412,1176,0.25570196040118515,0.4730301547499441,0.06981878240064036,0.13480920846865274,100.0,1:1_SYMMETRIC
413,1667,0.3035877702744959,1.194641488813026,0.03946084223724744,1.2290938386257722,96.1565659042996,1:1_SYMMETRIC
414,674,1.7229926043569022,2.851846752877361,0.32883644581685273,22.96986206166099,100.0,1:1_SYMMETRIC
415,279,1.257474438408562,1.311746280718245,1.199616035690353,0.04711496428831197,100.0,1:N_SPLIT
415,1891,21.692375645223898,42.0348278862987,1.349923404149093,2.3572194583151713,58.74876893490345,UNIDIRECTIONAL_PARTIAL
416,2298,0.12648732856175754,0.20921490085927583,0.04375975626423928,0.3091717814476169,100.0,1:1_SYMMETRIC
417,426,0.7993410214907996,53.97832483349962,0.012879861252902094,5.33855768840499,83.83301659646773,1:N_SPLIT
417,403,2.580177459644391,4.281215269926374,1.1584281097388773,29.933183276833915,100.0,1:N_SPLIT
420,2264,1.070485402400317,3.672958235485271,0.25626795756577964,0.4300704425481854,100.0,1:1_SYMMETRIC
421,597,1.7720062460045778,7.574641887445283,0.26447333435935355,5.425694151286848,86.01897062364246,1:N_SPLIT
421,596,3.6130902191047127,9.20723085307695,0.5643668638095365,19.85784910107043,100.0,1:N_SPLIT
422,870,11.129706955427881,31.48853118171953,2.100141780415559,10.080558778797297,83.38877084586653,CONFLICT
423,176,1.9129012111169061,2.3804622206544575,1.5157870760771799,0.2146747096873014,100.0,1:1_SYMMETRIC
424,468,3.2192265205514996,4.436741128459694,2.479023585563634,2.2657386952631384,100.0,1:N_SPLIT
424,469,8.560056944438916,18.161624451281543,4.168873155564118,1.6735199087426906,66.00217942183035,UNIDIRECTIONAL_PARTIAL
425,2351,2.8093602184768462,3.5477482303340935,2.117862567020386,0.3225342203901391,100.0,1:1_SYMMETRIC
426,1138,0.9286607829776525,1.4784076186759247,0.37891394727938027,2.8812213478567514,100.0,1:N_SPLIT
426,1137,7.956994273329562,23.08022381829976,0.37891394727938027,4.982075291278704,92.96898306255059,1:N_SPLIT
428,1904,6.164185775582483,6.8254864261729375,5.627433083116222,0.2907197410908111,100.0,1:1_SYMMETRIC
429,2318,1.2428257649559544,1.8333814703437759,0.5799200868111546,1.6969864997256536,51.9145977941594,1:1_SYMMETRIC
430,147,0.9348956807609852,2.256092794710932,0.11416090505860071,0.47268218022026076,100.0,1:1_SYMMETRIC
431,2347,2.5238217053817196,3.316900139412644,1.298014862681071,1.285096226933149,100.0,1:1_SYMMETRIC
432,729,0.7529637444751713,1.4380659200503711,0.06786156889997157,1.8491058742232553,100.0,1:N_SPLIT
432,224,1.5103619294255508,3.759858392405513,0.41869163724823577,2.637369884888926,100.0,1:N_SPLIT
433,2185,1.8459156878181062,6.778633000364832,0.06313635489639363,16.7776061218496,100.0,1:N_SPLIT
433,2137,2.4450294585034276,5.3881404954144125,0.12850632578409768,12.650616490826451,100.0,1:N_SPLIT
433,951,21.951113625757,32.966037120800564,5.3881404954144125,20.919501293651194,54.83820681882984,UNIDIRECTIONAL_PARTIAL
434,786,1.8916551815344897,3.4729742687416074,0.18989273051976796,0.12062515754323044,100.0,1:1_SYMMETRIC
435,330,2.7638285790507084,10.158363420711012,0.37996308067587903,16.730951904686094,100.0,1:N_SPLIT
435,335,2.981715270647822,3.401232709704642,2.5621978315910012,17.034388490792253,100.0,1:N_SPLIT
436,2158,1.3022302454753079,2.423688707476864,0.2723041916306899,0.8877918847437627,100.0,1:N_SPLIT
436,2157,1.6464491544075734,1.6770385504212033,1.6158597583939438,0.296124067119365,100.0,1:N_SPLIT
436,2156,1.7050440545800154,1.7330495587388275,1.6770385504212033,0.29305307542750825,100.0,1:N_SPLIT
437,2209,0.5250794737158584,1.9528519115489602,0.012439624603794587,0.10020362269915495,100.0,1:N_SPLIT
437,1025,17.635963902025463,22.208161951175736,13.063765852875187,15.123000845613262,100.0,UNIDIRECTIONAL_PARTIAL
438,1280,0.603903062994451,0.9597154616786434,0.30955056054123276,0.54396889329945,100.0,1:N_SPLIT
438,2453,9.275431213654903,17.413258439382425,0.9597154616786434,23.764331865653617,100.0,UNIDIRECTIONAL_PARTIAL
440,1193,0.8928543190101731,1.6272688204427443,0.04801385263878306,0.07193662519563304,100.0,1:1_SYMMETRIC
441,928,3.9159045995616584,16.70055219983488,0.37537475060871195,14.208615430593909,100.0,1:1_SYMMETRIC
446,209,2.0175042835402417,7.345883971042719,0.41787452909816775,1.2278235338409331,100.0,1:1_SYMMETRIC
447,214,2.2490173639892137,5.872981572310217,0.060892915127596925,4.297095580743246,100.0,1:1_SYMMETRIC
452,1370,2.4952799480932004,3.873247897753347,1.1523761091767413,2.3039360164518996,100.0,1:1_SYMMETRIC
454,2332,5.064226448157076,7.427470940697659,3.0735975653987087,8.390608236733954,100.0,1:N_SPLIT
454,2331,6.177743810785744,14.678715691657462,3.038280381728712,15.338404515253046,100.0,UNIDIRECTIONAL_PARTIAL
454,2327,10.615559754464984,25.113285455344684,5.9690877180131885,9.469819214416475,99.66305488524975,UNIDIRECTIONAL_PARTIAL
455,1039,2.3592351775845954,3.494938493873808,1.2312546189691618,0.5637394406317071,81.04839171983342,1:1_SYMMETRIC
457,2460,5.538069887085266,8.977208705616208,2.0989310685543225,10.424145379203935,100.0,1:1_SYMMETRIC
463,452,1.6191481947591524,6.740488197289112,0.1719952803802809,2.985619538667919,100.0,1:N_SPLIT
463,919,2.2765150669932903,6.740488197289112,0.05258634437327569,18.652665990780946,100.0,1:N_SPLIT
463,451,7.81867602919469,14.334069990953934,1.9489898263159824,9.229633208810412,100.0,UNIDIRECTIONAL_PARTIAL
465,1917,0.9560689263756842,1.3872912016659797,0.4121072545707594,0.23295881494050263,100.0,1:1_SYMMETRIC
466,1596,0.9055235193876534,2.143841822391681,0.03950009130574313,0.24280557925476387,100.0,1:1_SYMMETRIC
467,1603,0.8653327677183732,1.0877989117561961,0.6428666236805503,3.5022332299864445,100.0,1:N_SPLIT
467,1602,20.131278824226754,20.774969373510444,19.487588274943064,3.512771004532766,100.0,UNIDIRECTIONAL_PARTIAL
469,921,0.6409434913882212,1.0179061213441813,0.14160498600995888,1.983010723886025,100.0,1:N_SPLIT
469,2107,12.629152637894485,12.802373615638505,12.306830928314966,1.0069550780430063,100.0,1:N_SPLIT
470,1597,2.9182729218440797,6.53597553433975,0.0678267784433669,7.8633146035218715,68.5022710193302,1:1_SYMMETRIC
471,77,0.42031932074621214,1.6623061173948224,0.06169408550481431,0.10826787909846303,100.0,1:N_SPLIT
471,412,4.704220916151315,13.989462851549927,0.06150581139920482,6.26899027592674,100.0,UNIDIRECTIONAL_PARTIAL
475,492,11.621221086837561,17.84291603172324,1.83839090223757,5.401762949525164,100.0,CONFLICT
476,29,6.955897946398603,7.859482348238904,5.934888915241275,1.8468809222877667,100.0,1:N_SPLIT
476,30,7.895779217620424,7.932076087001945,7.859482348238904,7.249019683144638,100.0,1:N_SPLIT
476,21,16.1552400839526,53.82317754605501,5.837708476587288,11.25371880709497,59.785742540077955,UNIDIRECTIONAL_PARTIAL
477,612,0.6749342058745655,0.7231642346380136,0.6267041771111174,0.46679441229082386,100.0,1:N_SPLIT
477,611,1.3096925892617635,2.4819592885818986,0.7231642346380136,0.4685027272316802,100.0,UNIDIRECTIONAL_PARTIAL
477,613,1.383583468098858,1.7996917389508167,0.6267041771111174,0.3236223484331049,100.0,1:N_SPLIT
477,614,5.007325834019295,13.444346826471236,1.4810764723931216,0.46834474106725565,100.0,UNIDIRECTIONAL_PARTIAL
477,616,16.145040626708006,20.524525643577412,12.638467304725777,14.031491895284148,100.0,UNIDIRECTIONAL_PARTIAL
477,609,23.406629324216578,80.5528347980076,8.2944313214254,2.757518145060601,61.10797387953737,UNIDIRECTIONAL_PARTIAL
478,615,12.935204903476562,13.351173169005088,12.518562592392081,0.45022465638646736,100.0,1:N_SPLIT
478,746,18.78463369033731,24.124920554203385,13.444346826471236,4.462026318421977,100.0,UNIDIRECTIONAL_PARTIAL
478,619,24.081049484729274,33.39579719612275,14.7663017733358,0.45167904697723316,60.166990675170695,UNIDIRECTIONAL_PARTIAL
479,801,3.2046077720301067,3.9287817470723274,2.8221045294825315,0.6021772337336415,100.0,1:1_SYMMETRIC
480,1044,17.21025495403568,23.07795134825952,10.334944329654588,7.786142297110928,100.0,1:1_SYMMETRIC
481,2123,2.9405742247481577,7.4388071884015705,0.5942291276295985,0.899572991337152,100.0,1:1_SYMMETRIC
482,949,2.85024249093713,5.466261821458898,0.3499252005999467,0.7818903195918665,58.81666890198761,1:1_SYMMETRIC
483,1742,0.8595848369659587,2.3954623370061725,0.32490939655655665,1.5042504957667688,92.686585390032,1:1_SYMMETRIC
484,2122,2.1077473757903187,3.9220357002595443,0.21122150739176485,0.3468099871369077,100.0,1:1_SYMMETRIC
485,2124,1.0763848434451915,2.611999061683081,0.1811502674742002,0.20895877035223975,100.0,1:1_SYMMETRIC
490,1372,0.06825685850975896,0.2523479726599573,0.01298555666690746,0.3010710167291677,100.0,1:N_SPLIT
490,700,0.4190072573289705,0.7487167393016974,0.2523479726599573,0.2991689940704987,100.0,1:N_SPLIT
490,701,1.347517618644747,2.044548245426121,0.7487167393016974,1.058508572402502,100.0,1:N_SPLIT
492,746,14.805302030339512,16.166257234207787,13.444346826471236,10.749133189999725,100.0,1:1_SYMMETRIC
494,415,0.00958069621851026,0.014992554566180498,0.0014104294581005804,0.0023298982735582285,100.0,1:N_SPLIT
494,418,3.678214440316106,14.635167514644092,0.012339104631249704,0.017388113161018737,100.0,1:N_SPLIT
495,1367,1.9275537950166213,4.695640464834446,0.12441413885131958,0.1837395105782491,100.0,1:1_SYMMETRIC
497,471,1.4364313338432548,4.188286889919082,0.7549139576795622,18.743413489268676,100.0,CONFLICT
498,473,3.508661035347528,3.8398878105705956,3.0669678806782876,1.0543815705680117,100.0,1:1_SYMMETRIC
503,810,0.74401768544079,0.9196297813252046,0.6355402159751431,0.12324181547597846,100.0,1:N_SPLIT
503,809,0.9221888227852253,0.924747864245246,0.9196297813252046,0.12470719958287191,100.0,1:N_SPLIT
503,757,19.766530420806355,36.24771805291552,7.16966258062785,2.2685581922631286,65.98515023903794,UNIDIRECTIONAL_PARTIAL
504,1896,5.700639458370794,11.901030138766094,0.1577191501096665,17.192771801371208,100.0,1:N_SPLIT
504,1895,9.900575425409281,12.107943300416995,8.422295201744275,23.43006297782128,100.0,1:N_SPLIT
504,662,16.4280409024266,38.86511760216601,0.2522016885929334,9.297562224018293,100.0,UNIDIRECTIONAL_PARTIAL
505,524,3.892652905079594,7.6106659552754286,0.17463985488375944,4.3402971333492815,91.25762523771351,1:N_SPLIT
505,525,6.851734668508679,15.911028229749796,2.046534181275729,4.358043474236183,100.0,UNIDIRECTIONAL_PARTIAL
505,266,22.585861817866306,29.924201879940338,15.911028229749796,21.09606508460081,67.71009092638744,UNIDIRECTIONAL_PARTIAL
506,1656,22.316810684220027,22.568737337230445,22.040143462103263,5.461479953633898,100.0,CONFLICT
508,1121,4.839372692907073,14.395471588826172,0.3815826853209354,12.758213114102034,100.0,CONFLICT
512,683,1.5804257211234485,2.617431698150214,0.7608677824811289,2.4069321864797075,100.0,1:N_SPLIT
512,686,9.844022995514624,21.619119013647655,0.9231715879864762,13.084824345227332,100.0,UNIDIRECTIONAL_PARTIAL
512,689,13.409460707840367,23.703812706631975,3.115108709048757,1.6544202887418464,100.0,UNIDIRECTIONAL_PARTIAL
512,690,24.850018877587985,25.99622504854399,23.703812706631975,1.6570459678996485,56.08313228968493,UNIDIRECTIONAL_PARTIAL
513,920,8.759754626130103,27.75589751453748,2.1113560400210574,4.976510034960086,90.80609790307605,CONFLICT
513,2108,20.39934283358916,29.47315430352809,15.84350685146292,1.9865442330310543,82.18274670873514,UNIDIRECTIONAL_PARTIAL
514,1832,3.0902358696424717,4.433358332435866,2.3376126197651126,6.818073401844458,100.0,1:N_SPLIT
514,1831,6.528065637669094,15.67720660718738,2.1858752023128347,23.934179874344068,100.0,1:N_SPLIT
514,1834,11.883437405527365,26.825867237031837,4.391086647114391,26.742335187380036,93.10441883358779,UNIDIRECTIONAL_PARTIAL
522,2103,0.0574087827807291,0.09697111662166466,0.017846448939793532,0.1581765503753445,59.98352546852711,1:1_SYMMETRIC
529,474,1.9629387116805823,2.555534296280254,1.3703431270809108,1.4347348549105163,100.0,1:N_SPLIT
529,475,2.587161027523302,2.61878775876635,2.555534296280254,1.432574973600083,100.0,1:N_SPLIT
529,1767,16.74668409464097,61.753288808751755,0.958795286300601,1.7097666676515928,83.48711629913689,1:N_SPLIT
534,880,0.5757164544074828,0.7707138880353396,0.38071902077962594,4.771331185418006,79.02723358651092,1:1_SYMMETRIC
537,437,2.8692349098062655,3.8290508422258567,2.3873114564408207,0.10162149706337686,100.0,1:N_SPLIT
537,438,3.9501375088049273,7.147892274121935,2.315208795852026,1.133424046772177,100.0,1:N_SPLIT
539,1387,3.3612919950373144,7.973336018420164,0.2978572104304982,3.5535590570567024,100.0,1:N_SPLIT
539,1388,10.20659398452109,11.93394729516549,7.973336018420164,8.4563202717477,100.0,1:N_SPLIT
539,1389,15.618264384787004,20.03695457284896,11.93394729516549,10.651310147100617,100.0,1:N_SPLIT
540,1523,4.277230539527172,9.20723085307695,1.3037975369961239,3.879198797723461,56.63746407414101,1:1_SYMMETRIC
541,2028,0.5270257226389031,0.6375529148014251,0.36975363946772877,0.02698017877901293,100.0,1:N_SPLIT
541,2018,3.0751660760808237,10.996577636042328,0.36512139813585937,0.19393493668388828,100.0,1:N_SPLIT
542,41,0.8271626260912596,1.6432758048924445,0.011049447290074522,2.2550964248425203,100.0,1:1_SYMMETRIC
543,138,1.1900094946217992,4.040539779110365,0.11011219960718102,0.5284645937918526,100.0,1:N_SPLIT
543,105,1.428587339079362,3.7805177588205257,0.19287638370851412,4.857505289133428,100.0,1:N_SPLIT
544,98,1.886156540673739,4.232201007469549,0.576078853810916,1.7822069870811106,100.0,1:1_SYMMETRIC
545,2340,1.4910146192526383,2.297526656989912,0.9359545291132062,8.975994063599046,100.0,1:1_SYMMETRIC
546,1081,0.24187977451787537,1.117454868537578,0.00012621048653875864,0.7888799199673713,93.56244060992384,1:1_SYMMETRIC
547,253,6.426760703313087,8.856743190605394,2.0977892427178344,16.309443097532437,100.0,1:1_SYMMETRIC
548,1075,2.4475057811275027,5.76523822946506,0.758499745790259,4.867385757065733,100.0,CONFLICT
548,1053,2.8349561379406762,6.624546160768485,0.8187793681271887,9.02455339847512,100.0,1:N_SPLIT
549,109,0.28435591326654075,1.0036435354943216,0.010374091360080391,7.600688929645628,100.0,1:N_SPLIT
549,108,15.235756581061574,197.8838952465266,0.007464365212434959,14.023186232444345,71.1350547061049,1:N_SPLIT
550,384,0.2840262825647958,0.320009789597913,0.24804277553167864,0.19461979870311552,100.0,1:N_SPLIT
550,622,1.8359149080250134,5.098040512990702,0.16166143555266016,0.9917717194396687,100.0,UNIDIRECTIONAL_PARTIAL
550,385,2.1959251876691286,5.961117777796504,0.30664799561296774,2.14806070860476,100.0,UNIDIRECTIONAL_PARTIAL
550,621,14.521920334248914,23.94580015550713,5.098040512990702,1.005983431016432,100.0,UNIDIRECTIONAL_PARTIAL
552,665,3.59626256646718,14.238479386826466,0.261609006996158,29.08012416571006,100.0,CONFLICT
552,671,24.824635896527163,31.06313347763956,18.586138315414768,8.225148073006835,52.91719849963764,UNIDIRECTIONAL_PARTIAL
554,597,2.391058032023249,4.776079733169022,1.1788146981534777,5.953657840650749,71.88356276884195,CONFLICT
554,600,9.190415773781002,22.758914689537626,3.70752918963535,12.334658250476991,100.0,UNIDIRECTIONAL_PARTIAL
555,149,1.8132194375402495,2.437984589758087,1.5131338021140572,0.009481771104901782,100.0,1:1_SYMMETRIC
556,1113,0.3904585431088068,1.077240046671219,0.00029645292044471686,0.3089674045974107,100.0,1:1_SYMMETRIC
557,1259,1.1604029769101551,2.2797045213323175,0.47014359593998684,1.0456015375045808,100.0,1:N_SPLIT
557,1260,14.160215583777832,41.45686799141788,0.47014359593998684,1.04585808746657,64.17285880952171,UNIDIRECTIONAL_PARTIAL
558,1247,0.36556800319065574,0.9591812996318682,0.03438167317817707,11.354649690286067,90.06986591741185,1:1_SYMMETRIC
559,273,1.457235465395045,3.8368470891453628,0.5118732422354689,0.905980167115672,100.0,1:1_SYMMETRIC
560,2506,2.332743225899183,2.997149805615904,1.6043822898578761,2.5245385227034944,100.0,1:1_SYMMETRIC
561,1273,3.900903846391781,4.391869253162279,3.6407672704997838,2.8043275044026927,100.0,1:N_SPLIT
561,1274,5.4454733528056884,7.465579990071691,4.391869253162279,2.803837391058721,100.0,1:N_SPLIT
561,1276,6.145175460313893,8.060742851968179,3.8769844751737046,3.1816992374064057,100.0,1:N_SPLIT
561,1275,7.501573063092904,7.537566136114117,7.465579990071691,2.803118476509553,100.0,1:N_SPLIT
561,1256,9.75391669643181,21.545000515990345,3.839765098131379,2.642995417983002,100.0,UNIDIRECTIONAL_PARTIAL
562,1188,0.3998412659347697,0.8995316198035549,0.00045698515580734573,0.2885628902964186,100.0,1:1_SYMMETRIC
563,162,4.327195649079215,25.995726444200777,0.02621072043167865,2.8794936240770994,69.7608128263184,1:1_SYMMETRIC
564,2507,3.2975447520346712,4.764505694219193,2.146958099113313,0.49758072776120343,100.0,1:1_SYMMETRIC
565,2502,4.495216990775992,5.55395974290872,3.4072991049182493,1.2942342204696047,100.0,1:1_SYMMETRIC
567,994,1.8922257708251884,2.4314523804827277,1.3529991611676493,1.2242110527939758,100.0,1:1_SYMMETRIC
568,2241,3.193655611605938,8.348914785438229,0.4924563340196182,3.012606507472924,100.0,1:1_SYMMETRIC
569,2032,1.2717931109385756,3.389802814298026,0.5172468255456389,4.76294084849286,100.0,1:1_SYMMETRIC
571,773,2.959532779816441,3.662830275609708,2.2835678540789472,0.31646302819837047,100.0,1:N_SPLIT
571,772,4.996811563125175,11.080897010448911,2.2835678540789472,7.849398764394493,100.0,UNIDIRECTIONAL_PARTIAL
572,774,4.90178055717041,5.294830253759563,4.1259486962638405,1.6618305236513606,100.0,1:N_SPLIT
572,1974,5.617345731355042,6.868374793052531,5.1959890562164865,0.03856538252466635,100.0,1:N_SPLIT
572,775,6.140085384682528,6.99560804787723,5.284562721487825,1.6593445109223808,100.0,UNIDIRECTIONAL_PARTIAL
573,2119,0.47429949064475785,1.18506238164288,0.19383378761187914,1.4963500260158185,100.0,1:N_SPLIT
573,1982,2.4458426284292205,3.7066228752155608,1.18506238164288,7.821144990481116,100.0,1:N_SPLIT
573,1978,9.588375291431378,26.80473536241778,1.3342743305152078,5.933191623110645,93.94626811038114,UNIDIRECTIONAL_PARTIAL
574,181,0.8035017250847829,0.9914197031798455,0.6155837469897203,5.943420921077575,100.0,1:1_SYMMETRIC
575,1544,1.5364982539072813,2.334141410224725,0.36361228526938116,1.734105189790455,100.0,1:N_SPLIT
575,1547,6.649766022946395,18.844536319699017,0.4891780021504465,24.53617140532299,100.0,UNIDIRECTIONAL_PARTIAL
576,204,2.349119934129881,3.44847579166494,1.2620673217029152,0.7725913784948375,100.0,1:1_SYMMETRIC
581,1381,2.1010706030936173,3.170655564830695,1.3379855612703588,0.8453831960203502,77.94385837585416,1:1_SYMMETRIC
585,1198,0.5025501621302518,1.7505054487507075,0.01922137357199489,0.07081074614620775,100.0,1:1_SYMMETRIC
586,1869,0.9374734090371453,1.129952804103582,0.8391755600694796,0.2503619659715923,52.419992349513166,1:1_SYMMETRIC
588,754,0.4768956212045044,1.418441279687433,0.009058429089615069,0.12144093962069746,100.0,1:1_SYMMETRIC
589,1380,7.695398886311231,16.024170514062938,3.510547377158939,0.034188882442720114,100.0,CONFLICT
590,2159,0.43656645696273344,0.5093991336957736,0.3504075001550358,0.3428075242653108,79.29114879411921,1:1_SYMMETRIC
592,2353,0.22234333719428404,0.4201088058230026,0.015186108215607456,0.5573748367801272,100.0,1:1_SYMMETRIC
595,627,1.2432261751104514,1.2847371533608705,1.1780682237259437,0.14073399306690249,61.668406919953654,1:1_SYMMETRIC
596,894,1.3013393684032402,2.2530265255462223,0.7955447783397714,5.926372318935989,100.0,1:1_SYMMETRIC
597,901,2.0709607013259435,4.773960531048603,0.6813522729704126,0.699162136369921,100.0,1:1_SYMMETRIC
598,1848,3.1836527678958895,7.2890539718206755,0.6853786770533574,22.34600789134805,100.0,CONFLICT
598,1847,22.95756018566663,41.18027031812556,1.5765256548136346,3.034860295057001,58.435924325919316,UNIDIRECTIONAL_PARTIAL
600,889,0.19143630469943554,0.3879833983377115,0.06886326569978782,1.977764178825396,100.0,1:1_SYMMETRIC
601,2075,3.4243658943858506,7.0135368397201425,1.2315655944091466,2.3506094249508465,100.0,1:1_SYMMETRIC
602,1455,2.6181383321331038,10.559326450655863,0.0611274815990404,1.301537944754159,100.0,1:1_SYMMETRIC
603,739,3.286555877330158,3.677805588197728,2.781700001465561,7.453048937792687,100.0,1:1_SYMMETRIC
607,2268,5.3211467814311275,9.279279592354554,1.7963667313613965,9.616606760469438,57.68495531342389,1:1_SYMMETRIC
610,2127,15.455257155625018,45.484760354718674,0.4353869844884303,14.154521342741248,55.619792080320806,CONFLICT
611,296,5.73463696917297,7.139054259581524,4.365628435084538,1.9788367144715835,100.0,1:N_SPLIT
611,299,5.916642869525228,7.127612543384746,4.031797876055256,5.344034535924152,100.0,1:N_SPLIT
611,673,6.002413677558991,11.890197906069975,4.555257499072913,16.731863402963597,100.0,UNIDIRECTIONAL_PARTIAL
611,298,7.060845607212009,7.079523307286241,7.042167907137777,5.342368183061808,100.0,1:N_SPLIT
611,1648,11.422821887891919,18.422693090638326,3.955574666967449,24.85412928002944,100.0,UNIDIRECTIONAL_PARTIAL
611,294,18.817096333006717,25.74399475994346,11.890197906069975,27.368183829043403,94.52543128615001,UNIDIRECTIONAL_PARTIAL
612,74,0.7550728394831884,1.9260397138264786,0.21171246704122124,1.4537882354165959,100.0,1:N_SPLIT
612,76,1.022556492569452,2.47220218440316,0.20611287678102308,1.141279468086509,100.0,1:N_SPLIT
612,75,1.9612631748102627,1.9964866357940467,1.9260397138264786,0.05392852142682614,100.0,1:N_SPLIT
614,2066,0.12569877951899408,0.272413329371971,0.010562431201368194,1.68878669029516,100.0,1:N_SPLIT
614,2125,0.6115526075596861,2.053940237266169,0.06870211884286014,0.22174236081497156,100.0,1:N_SPLIT
621,78,1.4614271921995157,2.258180062884514,1.0473595348271452,1.7444086350822658,100.0,1:1_SYMMETRIC
622,1369,6.198970587473163,7.019594076789886,5.792227336887687,0.12325837396326733,100.0,1:1_SYMMETRIC
625,1355,0.3220823864381844,0.34115092224042226,0.28511083403843734,0.015647509337895826,100.0,1:N_SPLIT
625,1354,0.3398242508439315,0.33998540303569347,0.3396630986521695,0.014813498517185053,100.0,1:N_SPLIT
631,471,0.6239159929266989,1.050605438300277,0.17234274815668799,0.5316318754146891,100.0,1:1_SYMMETRIC
633,562,0.8726067464834562,2.1499898650795086,0.06831860927728657,0.3411150383593622,100.0,1:N_SPLIT
633,1831,16.49659557399536,19.57174357327764,14.785250776296087,2.7869753102398818,100.0,UNIDIRECTIONAL_PARTIAL
634,2105,0.11593876100660407,0.21785494314912612,0.014022578864082001,1.8090116311173574,100.0,1:1_SYMMETRIC
635,1838,5.197241472897215,9.649365697677773,3.721810590344586,25.997322045831936,100.0,1:N_SPLIT
635,1839,5.23250125536484,7.204619320818193,4.451523636038344,9.687024606842442,100.0,1:N_SPLIT
642,684,2.78231298053535,4.946603139436491,1.1169484654270756,4.165030186528298,100.0,1:N_SPLIT
642,1003,24.938888506393205,28.25865799913876,21.619119013647655,6.458296521356061,51.615709813955924,UNIDIRECTIONAL_PARTIAL
643,487,0.10259569930055708,0.15932568691642898,0.05904286434684966,0.09054235609983152,79.84535135196504,1:1_SYMMETRIC
644,1666,0.2071400291955984,0.39481895572618764,0.019461102665009142,0.1403500982002015,100.0,1:N_SPLIT
644,1665,0.399198967207803,0.40357897868941833,0.39481895572618764,0.14133910513641013,100.0,1:N_SPLIT
644,1664,0.6812867320821849,1.475100176130598,0.40357897868941833,0.14067050720763064,100.0,1:N_SPLIT
644,311,17.756890739728096,28.026999682549544,7.219091655317067,13.46256498350158,85.30921562785636,UNIDIRECTIONAL_PARTIAL
645,1861,1.024166883133711,2.093714744568901,0.10833591802612387,1.4329575935759635,72.41621769663615,1:1_SYMMETRIC
646,1317,0.43759996392587586,0.7421120973552738,0.05234992290784422,2.5172832333224733,100.0,1:N_SPLIT
646,1318,10.035889947196118,36.053697980762664,0.05234992290784422,1.1680329754062768,78.99519956476763,UNIDIRECTIONAL_PARTIAL
646,493,21.478960516783488,45.03917558941064,0.36617680531027647,9.262818364897441,54.18988554250789,UNIDIRECTIONAL_PARTIAL
653,2467,8.431343178467868,23.744452653892186,0.284700374423004,23.801131070208356,100.0,CONFLICT
668,1206,0.8779496000890108,1.41438259604963,0.472418757383326,18.798380818107148,100.0,1:N_SPLIT
668,1207,0.9832171942189787,0.9885741579931189,0.9778602304448385,13.307437734758139,100.0,1:N_SPLIT
668,793,5.082350462168776,48.30221907368509,0.08165147645062223,6.467617352017498,78.91371597714216,1:N_SPLIT
668,1263,9.053739580580801,17.148297861529734,0.9591812996318682,26.50765033036396,100.0,UNIDIRECTIONAL_PARTIAL
669,1249,1.7386706527527067,4.340280689768648,0.03910764571336603,0.46704087756722856,100.0,1:N_SPLIT
669,1250,8.703912782879392,24.276418098470824,0.9085027113766353,0.15843656053857558,100.0,UNIDIRECTIONAL_PARTIAL
670,290,2.303287270558606,2.346012537777299,2.260562003339912,2.1118392719938015,100.0,1:N_SPLIT
670,289,2.830854222712757,3.3156959076482155,2.346012537777299,2.1116676788106474,100.0,1:N_SPLIT
670,286,4.1573436270920885,35.004575533719354,0.2197656267928863,0.3348232331654799,94.68354806704423,1:N_SPLIT
670,624,16.37804970562883,42.87887684747547,2.939576361762805,6.639146959957202,61.057045478907725,1:N_SPLIT
671,264,1.437968603074811,2.928973426876473,0.32897825314257745,14.859626220758173,100.0,1:1_SYMMETRIC
672,1382,1.107863124856584,1.1465881658089707,1.0691380839041973,7.178487172630923,100.0,1:N_SPLIT
672,1383,1.7298873712620015,2.109629190975006,1.1465881658089707,0.17844302741855245,100.0,1:N_SPLIT
674,166,2.4686201556159526,2.562683813298692,2.3745564979332126,7.096312978329308,100.0,1:N_SPLIT
674,165,3.6073906094878465,3.9781180476951135,3.0315476429251906,2.276733597320117,72.01569174754599,1:N_SPLIT
674,167,4.864067777657542,8.865043526034333,2.225460548757212,4.135876026507276,100.0,UNIDIRECTIONAL_PARTIAL
674,168,9.49593700331731,10.126830480600288,8.865043526034333,0.08963987193334333,100.0,UNIDIRECTIONAL_PARTIAL
675,871,1.4199320071940535,1.9737024136066694,0.4954328517103497,0.9799164951718922,100.0,1:N_SPLIT
675,2060,19.981434163659305,25.08648630304354,3.54934910382672,12.924596261137935,100.0,UNIDIRECTIONAL_PARTIAL
675,870,22.01907775076288,40.170885247047195,1.888766831032104,26.031445733655175,60.740582378841204,UNIDIRECTIONAL_PARTIAL
676,157,2.3041377109867933,2.9866943904150984,1.4922721250705555,0.4330590165275794,100.0,1:1_SYMMETRIC
677,1549,1.2848688612649717,1.6387768279456234,0.7119891392652187,0.06357241873467956,100.0,1:N_SPLIT
677,187,16.704139944226892,47.004924784006704,1.4929504322408576,1.7538781298939057,62.43550613261104,UNIDIRECTIONAL_PARTIAL
678,1601,2.9599632327816794,8.025207070170504,0.2607505787108002,7.509670015332148,100.0,1:N_SPLIT
678,1603,21.440314661584704,42.23776269948886,0.6428666236805503,29.479106985694216,58.60348492515504,UNIDIRECTIONAL_PARTIAL
678,1945,24.274704708315113,63.97112220438908,7.044179609746964,29.486200685708127,65.24521704613197,UNIDIRECTIONAL_PARTIAL
681,137,1.9185331040340965,7.44993350364499,0.6740206115423152,0.816422794173377,87.86785091247569,1:1_SYMMETRIC
682,2227,1.889183559059639,5.591630624886422,0.040804284460313554,3.3959746531127166,100.0,1:1_SYMMETRIC
683,2215,1.3464274462648536,3.099233678319561,0.6041016047091382,1.5123240792374304,100.0,1:N_SPLIT
683,1031,4.666293937938277,9.824148012834288,1.897628666234129,23.696148082315972,100.0,UNIDIRECTIONAL_PARTIAL
684,1315,4.559473594080172,11.432710950529357,1.986750900455867,0.21572336108243917,100.0,1:N_SPLIT
684,491,7.404911298620056,11.177995771190918,3.7460671263849994,8.212774733863057,100.0,1:N_SPLIT
684,493,8.436383715493173,21.062695048731968,0.5719197873446379,11.086310630861078,100.0,UNIDIRECTIONAL_PARTIAL
686,816,1.1288337342341639,1.2243207771267186,1.0333466913416094,0.7235830913674022,100.0,1:N_SPLIT
686,815,1.2720163269113,1.3197118766958815,1.2243207771267186,0.7230105057793139,100.0,1:N_SPLIT
686,814,1.329912225274496,1.335447333453839,1.3197118766958815,0.7239186331616452,100.0,1:N_SPLIT
686,2014,1.5295782605476305,2.751996438216735,0.8033916520845473,1.9524144163313508,100.0,1:N_SPLIT
686,2013,5.5893521162975865,8.426707794378439,2.751996438216735,1.9533115090942488,100.0,UNIDIRECTIONAL_PARTIAL
687,2000,2.892005588525965,3.105311459853857,2.5817757036399747,0.16166649568646108,100.0,1:1_SYMMETRIC
688,1768,5.527362200430152,8.887962243484491,3.77779121798279,0.062469676953924136,100.0,1:N_SPLIT
688,1769,20.91631880809299,69.51857795963471,2.804456792260115,2.404010337730597,67.38500816773326,UNIDIRECTIONAL_PARTIAL
689,1097,0.6632400084877988,0.6748183462868877,0.6424954749330755,9.307002297550838,100.0,1:N_SPLIT
689,1098,0.9829387064222324,2.3264380624947214,0.09303279798894042,2.9832838349656186,100.0,1:N_SPLIT
689,1096,6.676368420700108,17.705113109496217,0.6748183462868877,9.309104722588813,100.0,UNIDIRECTIONAL_PARTIAL
691,241,1.190534221183427,1.3107002529946354,1.0703681893722186,1.621634252170736,100.0,1:N_SPLIT
691,570,1.4516384353255636,1.5925766176564915,1.3107002529946354,1.3341822595418762,100.0,1:N_SPLIT
691,242,11.035323929060674,21.00488014085242,1.0657677172689266,0.7043979073550304,100.0,UNIDIRECTIONAL_PARTIAL
692,215,1.2995183313044314,3.3136063328139307,0.13519310970302076,8.024881786018,100.0,1:1_SYMMETRIC
693,2390,0.7686962586317048,1.586779079814818,0.21116065324762395,0.21559448859630947,100.0,1:1_SYMMETRIC
694,1924,0.07454696665177794,0.11888070830134387,0.01243302541713651,0.10295632678673883,100.0,1:1_SYMMETRIC
697,1251,1.4962547718688848,2.011708978355539,1.1604805957886644,1.2919261260690291,100.0,1:N_SPLIT
697,1250,2.136421332311316,4.340280689768648,0.9085027113766353,0.19599656141946298,100.0,1:N_SPLIT
698,642,0.07853183032908981,0.10548076232577731,0.05158289833240231,2.49421938660646,100.0,1:N_SPLIT
698,643,0.11656510259114461,0.1276494428565119,0.10548076232577731,2.4914745151003217,100.0,1:N_SPLIT
698,638,0.7565124378650737,2.6071237982547895,0.05158289833240231,1.9338983488100325,100.0,1:N_SPLIT
698,644,3.0464170577325986,6.544811609358595,0.1276494428565119,7.300333070376496,100.0,1:N_SPLIT
698,645,7.829583223063011,10.400574503158113,6.543363556672324,22.362924427024666,100.0,1:N_SPLIT
698,646,13.60794413821682,16.815313773275523,10.400574503158113,21.350349300126993,100.0,1:N_SPLIT
698,648,23.938531434986018,37.476488366813925,10.400574503158113,21.20612186553643,53.9248841926384,UNIDIRECTIONAL_PARTIAL
699,376,0.20802036140072383,0.45442141235887934,0.021808347345108847,1.7968228078258903,72.02994880032584,1:1_SYMMETRIC
700,2281,1.2763067368973195,1.6701412065853365,0.9243050807011612,0.1626424672497251,100.0,1:1_SYMMETRIC
701,2015,0.5655637067940523,1.000924124272766,0.27269185994885486,0.14468244915056516,100.0,1:N_SPLIT
701,2016,0.9544487299052121,1.6362055998615694,0.27269185994885486,6.607908671028071,100.0,1:N_SPLIT
701,1648,11.263830113111508,32.06172984000061,0.7819420342620405,5.388718335728868,78.99635588858173,UNIDIRECTIONAL_PARTIAL
702,2242,1.2287806914246278,1.3045497733537887,1.1769626732637521,0.02808258301075739,100.0,1:1_SYMMETRIC
703,1914,0.9826160036819747,1.3337776349362687,0.8259991961582748,0.14704411252080263,100.0,1:1_SYMMETRIC
705,193,1.511899369285162,3.2561873778972434,0.13356552061389124,4.1047623905683395,100.0,1:1_SYMMETRIC
706,1784,4.451681185953882,8.361994600854809,1.7576857296721162,3.4988271731313603,100.0,1:1_SYMMETRIC
707,1201,0.8172198643208721,1.1198055413176993,0.5058465364225327,0.18132734158501762,100.0,1:1_SYMMETRIC
708,2407,0.28860173165610703,0.9076289768026149,0.015628317623221023,21.064401622358105,78.25961125207735,1:N_SPLIT
708,2353,22.31417322393394,45.67040498803767,0.9248396466995829,25.12082093259164,53.800525530914086,UNIDIRECTIONAL_PARTIAL
709,1312,1.6956278343641227,3.4996380962219877,0.3817850217565984,13.663095929393933,91.8911599346742,1:1_SYMMETRIC
711,765,1.9074921995102867,3.027541448658651,1.5183228652266054,1.5575782176968005,100.0,1:N_SPLIT
711,772,7.135172925813466,18.57599801760733,1.8011006878870492,5.877400193726658,100.0,UNIDIRECTIONAL_PARTIAL
711,779,10.574007261805857,22.497265936266935,3.027541448658651,13.494052291846913,100.0,UNIDIRECTIONAL_PARTIAL
712,2449,3.2467334347488808,14.332958339694178,0.42252930712597436,8.009160414465725,100.0,1:1_SYMMETRIC
713,585,0.6726493738800781,0.7747947300088756,0.5705040177512806,0.7850608522071525,100.0,1:N_SPLIT
713,602,2.313266161869631,7.312623394363305,0.0363482584410115,0.9943864984365405,100.0,1:N_SPLIT
713,586,14.127716331027367,44.50668645704474,0.7747947300088756,4.405825351996043,58.844234616690436,UNIDIRECTIONAL_PARTIAL
713,1855,23.870215682622156,34.71955681060661,8.990156480424256,27.426204015000792,60.664421516208336,UNIDIRECTIONAL_PARTIAL
715,200,1.1551263983073743,6.789542643081901,0.06365604578158245,0.36207267674313925,100.0,1:1_SYMMETRIC
716,1564,2.6416365086480273,4.038895906505722,1.5605351994638825,2.000785542753249,91.02722036606136,1:1_SYMMETRIC
717,1937,9.579138970464706,14.381403019350147,5.2021940466394,3.1770547494925836,72.48285271180447,1:1_SYMMETRIC
721,2095,1.0724205151335424,1.1517735278346573,0.9930675024324276,0.6746574761898501,100.0,1:1_SYMMETRIC
722,2005,2.1437485431860273,5.055042303636548,0.45170916857257826,0.523697537782084,74.10149492408242,1:1_SYMMETRIC
723,2187,1.711001210920541,2.606922517623755,0.5959377783052362,3.4397737081790467,100.0,1:N_SPLIT
723,2188,2.833689007646578,3.5242189675480495,1.3929357136843077,29.449044407403562,100.0,1:N_SPLIT
723,2184,2.872920539940973,9.186694508889747,0.13030440321603895,11.058431893957788,100.0,1:N_SPLIT
723,855,13.974598755920786,36.789877811198814,1.2676574676223704,12.832320163870747,65.10254741168463,UNIDIRECTIONAL_PARTIAL
724,1106,0.9868866515935617,1.1484358957263847,0.7335631385849588,0.020924528961927535,74.66688393273813,1:1_SYMMETRIC
727,252,0.8806254414394554,1.8192609506726183,0.13132197328370937,2.838228564377488,100.0,1:1_SYMMETRIC
729,524,5.5929313465640735,27.256365116050176,0.12265525037430026,0.20327394112189268,96.05324171108198,CONFLICT
730,1278,1.043335571716015,1.916917157238221,0.5275849594467005,0.8826262735639148,74.64372009561696,1:1_SYMMETRIC
731,33,1.7399409532964634,2.9582501995090835,0.305851003814227,1.0172250907058356,100.0,1:1_SYMMETRIC
732,278,2.9685277826625507,5.034491253459322,0.4776123986106289,4.5600279960455055,50.7829233855126,1:1_SYMMETRIC
733,1769,1.7300326306131704,2.804456792260115,0.20625254997189085,3.621892756807938,59.301929786216476,1:1_SYMMETRIC
734,498,2.317202140077212,2.8532253158659167,1.781178964288507,5.54502342407352,100.0,1:1_SYMMETRIC
736,740,11.097140930718101,30.967123068470507,0.860365618121472,12.628127962706515,86.80288582898913,CONFLICT
737,742,0.5619035008638288,1.2571436533354272,0.005922871931309216,0.6590559235080491,65.2041747738012,1:1_SYMMETRIC
738,738,2.0299958671099927,3.174568809388101,1.3485100794714446,5.652523219849741,53.380959847348365,1:1_SYMMETRIC
740,2266,0.7574009315240751,1.8638282742175878,0.19455472990924533,3.3608765471907986,75.8652007754397,1:N_SPLIT
740,457,12.236368540956917,24.516532348288013,0.29178844742619875,16.96079982703958,54.88790871606858,UNIDIRECTIONAL_PARTIAL
742,12,4.208224669388119,4.968249134834657,3.5813495036664977,14.070543062955721,100.0,1:1_SYMMETRIC
743,1604,1.260452348180963,5.504414676288371,0.002310328320800409,27.818373056221247,100.0,1:1_SYMMETRIC
747,344,0.5927903555201116,2.4054165613184906,0.000723440749113369,1.2636428790684135,80.73048308885997,1:1_SYMMETRIC
748,2110,0.36116395999949247,0.9618828840465264,0.04020859147853397,0.799554222718939,100.0,1:1_SYMMETRIC
754,1333,1.2952064614584644,2.1390262830254603,0.7628635449546449,2.313606715591959,100.0,1:N_SPLIT
754,1332,1.5026158772813059,2.1390262830254603,1.1843445897211633,12.702949384737167,100.0,1:N_SPLIT
757,1246,0.5460749146353312,0.6603713462902295,0.379751189903606,2.758267103368837,54.021757456202224,1:N_SPLIT
757,2418,3.1014202641088273,5.85287660911661,0.3499639191010453,5.28453201520972,100.0,UNIDIRECTIONAL_PARTIAL
758,1734,1.3500225324388788,3.7238145553997883,0.09524461106407438,19.763342105175184,100.0,1:N_SPLIT
758,1725,3.3412342840466205,6.451460137240468,0.23100843085277353,2.3068617279068917,100.0,1:N_SPLIT
759,413,6.432551440171524,8.627132173669784,0.8083842971530211,17.344536133162592,96.77990494700452,1:N_SPLIT
759,412,10.363053291324162,17.320921959338396,3.405184623309928,17.350241569824277,100.0,UNIDIRECTIONAL_PARTIAL
760,440,9.392030287844234,13.221584264706339,5.108521033758162,17.604237461354614,100.0,CONFLICT
761,1835,1.9427538546163887,3.409466213740105,0.8329177154053301,8.019191670572923,72.84716349271996,1:1_SYMMETRIC
762,1828,8.29341717883858,9.311922046735287,7.274912310941873,1.5171904230779205,67.32785158522636,CONFLICT
763,443,0.7873565594393831,1.957352212589703,0.20234418996561365,0.5017847462239047,100.0,1:N_SPLIT
763,444,2.0067937793099815,2.05623534603026,1.957352212589703,0.5010672080229028,100.0,1:N_SPLIT
765,1368,4.96558154356672,8.66584185828573,3.0001165193442048,1.475747077115642,66.98510563185323,1:1_SYMMETRIC
768,137,22.459594071043426,72.65881022561223,0.6740206115423152,2.0935151239476113,87.86829729979095,CONFLICT
769,1366,0.17828426495005364,0.28023093357036355,0.020788136259924303,8.00058266317177,91.11149772611674,1:1_SYMMETRIC
770,165,11.342092995907615,16.11058583467423,3.5030228560496988,15.483414629850017,54.4954377201175,CONFLICT
774,910,0.8597787968692172,1.1560137964563244,0.3547961086680629,1.336429308675065,71.66367120897512,1:1_SYMMETRIC
775,1843,6.7826491697622355,9.649365697677773,4.679154818855695,0.38450698143122963,53.37532085724855,1:N_SPLIT
775,1832,20.046583219827504,27.987158538752265,13.773723610213963,21.30284193773599,83.92975075828674,UNIDIRECTIONAL_PARTIAL
780,2508,1.0273206900692624,1.3462719295459318,0.729775318309543,0.8494083322850656,67.28070714333218,1:1_SYMMETRIC
781,1344,2.4531817728307184,4.225444789427341,0.7486638562782693,1.1634931418287238,100.0,1:N_SPLIT
781,797,6.621632538769589,15.877569873063205,1.0637742140833801,13.496989296716151,100.0,UNIDIRECTIONAL_PARTIAL
781,759,18.548409613433353,21.003638386785557,15.877569873063205,27.059708217055515,100.0,UNIDIRECTIONAL_PARTIAL
781,760,24.738304484179604,28.65903710351216,21.003638386785557,15.172153743868535,53.304592431052185,UNIDIRECTIONAL_PARTIAL
785,265,1.789314710261604,4.559227475545878,0.8157009432550457,21.84012797294065,100.0,1:N_SPLIT
785,1806,14.923445424749767,23.31046159183846,10.626802713856078,7.029172468229945,100.0,UNIDIRECTIONAL_PARTIAL
790,1669,5.5083614351580446,7.473482481025188,4.134565460805672,5.48344138939018,100.0,1:N_SPLIT
790,311,7.0486745219652756,16.713343262156428,1.580813295354111,22.94897110551591,100.0,UNIDIRECTIONAL_PARTIAL
790,1671,7.404156070610561,7.419388053831192,7.388924087389931,4.002993865906603,100.0,1:N_SPLIT
790,1670,7.424287215695161,7.42918637755913,7.419388053831192,4.00510416846322,100.0,1:N_SPLIT
808,377,0.9141809044827189,2.460895820397961,0.0967818687748896,18.42196125228992,100.0,1:N_SPLIT
808,218,9.101777609473798,27.07635271364934,1.2386500934816411,23.99765343254097,87.13948268392565,1:N_SPLIT
809,608,0.7228238604981345,0.9139956006680836,0.5540983458177614,2.6224864746889693,100.0,1:N_SPLIT
809,611,0.7284777961359712,0.7496874186903659,0.7117917251521698,3.030579354627548,100.0,1:N_SPLIT
809,612,12.544454983253187,24.339222547816007,0.7496874186903659,3.0322876695684045,100.0,UNIDIRECTIONAL_PARTIAL
811,1511,3.4372906000513823,7.252159196578005,1.8236775855788532,1.650270372632633,92.58628265443605,1:N_SPLIT
811,1513,19.738890484828374,22.021385227033868,17.456395742622885,1.7895597666261551,100.0,1:N_SPLIT
812,1616,2.0686520094247216,8.856743190605394,0.18066297554324845,7.3860764259574125,100.0,1:N_SPLIT
812,1585,24.064624603014742,39.27250601542409,8.856743190605394,29.78230895301965,54.14840491025409,UNIDIRECTIONAL_PARTIAL
813,728,0.0740401634464797,0.09525837319324769,0.011764587940748774,0.09466503596289044,100.0,1:N_SPLIT
813,730,0.25191886733410096,0.40912476199279857,0.09471297267540334,0.09563978502677628,100.0,1:N_SPLIT
813,225,0.8323252620671246,1.3734804614871234,0.19559543982498281,0.13984232555429799,100.0,1:N_SPLIT
815,1585,4.27806280059392,4.691341180535292,3.8647844206525486,1.499774696720749,100.0,1:1_SYMMETRIC
816,1260,1.4629260899358747,2.3722170158961213,0.5536351639756278,4.271606303213446,100.0,1:1_SYMMETRIC
817,2345,11.910620792365007,21.816781074612063,5.2872197930358205,2.796124273131454,100.0,1:1_SYMMETRIC
818,1151,2.56299787414951,3.1776189698510175,2.08295089718913,12.923702056464322,100.0,1:N_SPLIT
818,1152,2.8430806967279874,4.231503706766315,1.097002233236181,1.046353806085449,100.0,1:N_SPLIT
819,806,2.4524925396686443,3.1322848138565775,0.9442883590273377,0.7499364040606906,100.0,1:1_SYMMETRIC
820,651,1.6254036623632098,3.1787630605208075,0.2563405382165013,1.3203531291310355,89.21427470873692,1:N_SPLIT
820,650,5.832160270867966,16.12757107705174,0.6281420479019866,15.522424086992032,100.0,UNIDIRECTIONAL_PARTIAL
821,303,1.7740836463646308,2.4834477437014075,1.2474446340914371,15.312319123614373,100.0,1:N_SPLIT
821,304,3.5368241653617765,7.25147828596527,0.060097335575970655,4.7367728236612265,100.0,1:N_SPLIT
821,1655,24.161670426678086,34.774019269972875,0.7596300570127398,5.239875089666327,51.43009442355855,UNIDIRECTIONAL_PARTIAL
822,294,5.598723881540435,6.474298483489269,4.7231492795916,7.09428696179134,100.0,1:N_SPLIT
822,1648,9.840193393632187,15.223080904489116,4.45730588277526,4.580232412777377,83.22604161793575,UNIDIRECTIONAL_PARTIAL
824,258,4.247059781342791,4.710323619598809,3.320611548016574,1.7750135601720558,100.0,1:N_SPLIT
824,259,16.45831272221797,41.593881372981826,4.710323619598809,0.20972215678261819,62.32112506422934,UNIDIRECTIONAL_PARTIAL
825,2490,2.0801475797311606,4.005330142357103,0.6719857242112628,6.909435733270072,57.568897062416355,1:1_SYMMETRIC
826,1785,11.322947916824694,15.915872273940453,6.7300235597089335,17.741258397451418,100.0,1:1_SYMMETRIC
827,2135,2.12306704635953,3.689590746520198,0.47382409683161836,0.5747798619649984,95.98380283701722,1:N_SPLIT
827,2134,6.585748487526721,9.342762866759204,3.8287341082942388,19.200033891233602,100.0,UNIDIRECTIONAL_PARTIAL
828,1026,0.5190715786344902,0.9663169808075359,0.0718261764614444,4.602179507006213,100.0,1:1_SYMMETRIC
829,1416,7.630302543448812,11.811469928485094,4.684974796742891,0.60568747101442,92.98871691732758,1:1_SYMMETRIC
830,1749,0.4155360220808191,0.4824384689412112,0.3596943607377482,3.0210195314143675,100.0,1:N_SPLIT
830,1750,2.6399716259930606,5.950842844575883,0.3596943607377482,3.0214561360310768,100.0,1:N_SPLIT
833,1105,1.4787464016201894,2.6325706032465783,0.3249221999938005,4.040669763976382,80.31062226988695,1:1_SYMMETRIC
834,1231,3.5882578905981015,4.226657250717322,2.9498585304788807,2.155335152450931,100.0,1:1_SYMMETRIC
835,2412,0.5767861022952873,1.4118592520587547,0.09162226707515259,0.13292488499621413,100.0,1:1_SYMMETRIC
836,31,4.586411388334385,8.627006901410452,0.19695105661728526,10.848863134100327,96.82793172486672,1:N_SPLIT
836,30,18.41924571901506,19.14458211666795,17.693909321362163,6.393458734823582,100.0,UNIDIRECTIONAL_PARTIAL
837,2272,1.01729055208621,2.5439953019350856,0.0039425720320054375,0.07023929834826959,100.0,1:1_SYMMETRIC
839,2168,2.2042436454426553,3.412014321445667,0.5961274337361341,16.030467013860004,100.0,1:1_SYMMETRIC
841,2010,7.898984187216782,8.340259334792552,7.457709039641012,1.0364421406592896,64.09680640274365,1:1_SYMMETRIC
842,969,10.335349061887134,16.065480372104943,4.605217751669326,1.731850015968007,72.51580016801007,CONFLICT
844,1032,1.1145556377226582,3.000205760839557,0.08468032629175613,0.06859349428657424,100.0,1:1_SYMMETRIC
845,1111,0.6175574039802377,1.8287600680147424,0.03593328420551189,0.8705126570550874,92.16289133157352,1:N_SPLIT
845,2298,10.965844624876384,32.479541686401284,0.20877728736859144,0.39812176195516713,76.97465013419841,UNIDIRECTIONAL_PARTIAL
846,2462,1.1534743450104807,2.188234454203054,0.06571544335402739,0.15200606902919844,100.0,1:1_SYMMETRIC
847,1204,0.5147785415665911,3.3573877240856196,0.0007425022738715199,3.0457483660298976,100.0,1:N_SPLIT
847,1242,5.904789173797811,8.452190623510003,3.3573877240856196,26.353583813526797,100.0,1:N_SPLIT
848,1046,2.291570162581819,3.733781349371449,0.3034944486434924,0.6877098376845652,100.0,1:1_SYMMETRIC
849,1795,2.3158041650689403,4.038553052553108,0.051484755444242816,7.485630628855006,93.9598925587546,1:1_SYMMETRIC
850,670,1.5257390886258173,3.4832443068923227,0.430917298641253,0.8445441421534383,63.42218670235293,CONFLICT
851,153,0.1306599811615624,0.13849541963192868,0.12282454269119614,0.3637367800303082,100.0,1:N_SPLIT
851,151,0.17846357008768046,0.3516212715960574,0.02602292858411882,0.3623788012927207,100.0,1:N_SPLIT
851,150,15.536750709986238,45.52280531685367,0.3516212715960574,0.9296462616624126,81.75858797306877,UNIDIRECTIONAL_PARTIAL
852,1556,4.001659687545673,5.559784756225382,2.066795667984242,1.6422542356789336,100.0,1:1_SYMMETRIC
854,2302,1.522334554044148,2.4419195813073302,0.41877430665723675,2.156384196059946,100.0,1:N_SPLIT
854,2301,15.552055505817307,19.124992951921058,11.979118059713556,24.202555060778366,100.0,1:N_SPLIT
854,2327,17.519162286254307,40.25709029759387,0.21031530694432313,20.781848956131796,62.938235600731794,UNIDIRECTIONAL_PARTIAL
855,2330,2.608797432587027,4.6191347141522465,0.3319153492298777,7.755896991826603,92.50601178996197,1:1_SYMMETRIC
856,2328,2.305421571610314,13.400423219989616,0.026563607516871125,3.079733166336382,97.2880390122962,1:1_SYMMETRIC
857,1227,1.7431187065723113,2.292073226477609,1.1012021837192139,0.49017407968921134,100.0,1:N_SPLIT
857,1109,2.4806464112589133,2.7353415766590152,2.292073226477609,0.5868024254548914,100.0,1:N_SPLIT
858,2490,3.6680340536654645,5.006900852602145,1.1070419878139541,3.136720845238699,96.82764247103786,CONFLICT
859,842,1.9894955989665055,2.3717244925135854,1.7777980608288835,0.2903221153141544,100.0,1:1_SYMMETRIC
861,490,1.9560579684553159,2.6166122791906723,1.0051689941270863,0.4182178431602779,100.0,1:N_SPLIT
861,489,2.6250901827686515,2.6335680863466306,2.6166122791906723,0.4136922635692031,100.0,1:N_SPLIT
861,488,2.665312555675667,2.7041727188489504,2.6335680863466306,0.41760675776998823,100.0,1:N_SPLIT
862,2458,2.1683972833077165,4.1955691086555,0.7495927533028516,3.5803231893485474,100.0,1:1_SYMMETRIC
863,1112,3.695408502542987,19.302275708520828,0.14897615707117903,9.943831969187158,100.0,1:1_SYMMETRIC
867,986,1.1477420982825155,2.4290624560154224,0.18048813688597706,0.8901745558276275,100.0,1:N_SPLIT
867,985,2.9941560134536935,3.7868237688814483,2.4290624560154224,2.5686635381544534,100.0,UNIDIRECTIONAL_PARTIAL
867,1001,3.2459455225697953,11.71859286094134,0.9092462992823056,11.999872259532822,100.0,1:N_SPLIT
870,1459,1.7839903514903739,4.025363370701167,0.007150989184863349,0.6689515794867589,100.0,1:1_SYMMETRIC
871,85,4.087484053132882,4.352879495789009,3.583426178897868,1.3015379447541022,100.0,1:N_SPLIT
871,84,20.53319895140172,26.88388948744462,10.559326450655863,4.1342350368719,88.37394083103514,UNIDIRECTIONAL_PARTIAL
874,627,1.37714643209222,1.4414681095618822,1.2668731482445401,0.1582591096057513,87.56091980950639,CONFLICT
876,743,1.1484342211357366,3.171116650251896,0.4178404064475299,9.06009627088531,100.0,1:1_SYMMETRIC
877,1959,11.366172309340463,17.251819945515013,8.467988090007962,15.114387183956438,84.80559426617388,CONFLICT
878,740,3.180512308377391,13.403899819314148,0.6980557944284745,15.094505134759515,100.0,1:1_SYMMETRIC
880,805,3.3005621885663703,3.540410852462867,3.115583513627256,0.18145256337311366,100.0,1:1_SYMMETRIC
888,1392,7.927820338191232,9.771866862703009,6.962002565062561,2.138142784951185,100.0,1:N_SPLIT
888,1390,8.291125623717317,9.858263175296345,7.049591586808129,1.2146503079102615,100.0,1:N_SPLIT
888,1393,15.160173127670129,24.30052542817186,9.771866862703009,2.1392960842292723,100.0,1:N_SPLIT
888,1374,22.141227763260144,38.35793810120807,9.858263175296345,17.201912678887226,80.1176748018846,1:N_SPLIT
891,165,3.7797390131260573,3.9781180476951135,3.5030228560496988,1.502546231065594,57.57614191786613,CONFLICT
894,614,3.5020536141226386,7.5629879403199345,1.4620964296548582,0.13759731218721072,83.29453372974788,1:1_SYMMETRIC
896,470,0.576129716183752,0.8508528912777459,0.21818346828713905,8.833553002902477,100.0,1:N_SPLIT
896,480,18.813726553337222,26.502003049018402,11.236305303445326,15.334423867926375,82.33831486389953,UNIDIRECTIONAL_PARTIAL
898,757,3.5982833900577114,5.223108532222009,2.636745063125605,1.8507180014981373,100.0,1:1_SYMMETRIC
901,266,4.34169839408938,8.869826239216627,2.010434102385511,17.52999813943626,100.0,CONFLICT
901,525,4.5822882747682145,7.539086392853751,2.597641594500509,7.9241104194007335,100.0,1:N_SPLIT
902,267,0.7338022647931146,1.6852284173515248,0.1887772065257493,14.81948604843393,100.0,1:1_SYMMETRIC
904,325,0.770337636039967,1.380050359190256,0.2964768221936547,7.4128747837820015,100.0,1:1_SYMMETRIC
906,1648,2.702562173923568,4.45730588277526,0.947818465071876,10.723959959484546,100.0,1:N_SPLIT
906,294,12.10284925490906,18.533932083449198,5.671766426368921,13.238014508498509,100.0,UNIDIRECTIONAL_PARTIAL
908,1829,3.2994302074830646,5.671766426368921,1.3661241884842312,13.997427225199488,100.0,1:N_SPLIT
908,1828,6.641408915879349,26.606051880686078,1.4440100101199302,8.30432519006041,78.82728193055515,1:N_SPLIT
915,1134,1.530161178867984,4.023422525751328,0.1686288208089031,0.1804001000828066,100.0,1:1_SYMMETRIC
928,1664,7.239517716853687,15.087583385279386,2.749323683787609,20.196536055061927,100.0,CONFLICT
928,1665,16.833164123654424,18.57874486202946,15.087583385279386,20.195867457133147,100.0,UNIDIRECTIONAL_PARTIAL
930,26,4.872472564933971,6.597438152519615,3.1475069773483266,12.171403036117454,100.0,1:N_SPLIT
930,25,15.183659715108739,23.852528807904655,6.597438152519615,4.361882686876299,100.0,1:N_SPLIT
930,24,23.90869329842612,23.964857788947583,23.852528807904655,20.551601241125695,100.0,1:N_SPLIT
932,1729,3.672723603685123,4.51282518989303,1.942422011691141,7.912344460354973,52.67100497857834,1:1_SYMMETRIC
933,337,0.8525567663385873,0.9504479331306842,0.7559781958257078,0.004122252081231181,100.0,1:N_SPLIT
933,338,3.933030089504282,11.303328483882208,0.7816184999881789,0.01941382078211973,100.0,1:N_SPLIT
933,39,10.872485130780943,18.55582026193319,0.7585236307571246,15.733798943134218,100.0,UNIDIRECTIONAL_PARTIAL
934,1659,3.630745835736354,8.264148600219988,0.5872965234271379,7.068991567949922,82.90608803906477,1:1_SYMMETRIC
935,1014,0.771091473038139,5.60865876791413,0.0031154971311743267,4.717128526729198,100.0,1:1_SYMMETRIC
936,667,2.2353589584965063,2.838646790176302,1.8813991687482123,1.5347047424688753,100.0,1:N_SPLIT
936,668,3.176606978178187,3.4922871886825306,2.838646790176302,0.5453898190273208,100.0,1:N_SPLIT
936,1896,10.73185872649236,30.05182611280241,0.1577191501096665,12.225858757486492,87.93349177945137,UNIDIRECTIONAL_PARTIAL
938,141,1.466907168668161,2.340150630335083,0.5723018184011567,0.8104560434367158,69.33373999820303,CONFLICT
939,1516,0.9322554266852645,2.2571669898836557,0.037232316189958106,1.1248788340348597,100.0,1:1_SYMMETRIC
940,717,0.2503178771857542,0.44591296563301897,0.05472278873848945,0.6073377654450951,100.0,1:1_SYMMETRIC
941,2233,0.8166572184324274,1.376157060338662,0.04695287952180578,1.0722334946251522,100.0,1:1_SYMMETRIC
942,1095,4.779311393736606,16.389407565123705,0.6006218132878843,8.498151330621567,100.0,1:1_SYMMETRIC
943,1943,0.7759038072051039,2.026353313222973,0.010593268319711248,0.11508916782275946,100.0,1:1_SYMMETRIC
944,1029,0.6915503289147606,2.061913540562365,0.11576696638295737,2.6925066744863955,100.0,1:N_SPLIT
944,1031,1.762238894656611,3.099233678319561,0.2898543394161432,20.378259233964997,100.0,1:N_SPLIT
945,1208,0.6599743021898214,1.141170147732599,0.2876531256101962,0.046660011638095966,100.0,1:1_SYMMETRIC
946,1169,1.6814782870069809,4.309332963711731,0.017995011364228954,5.585165689078053,75.71640947484077,1:1_SYMMETRIC
947,1748,1.8536644941686309,11.432710950529357,0.104637363541071,0.8481044422823629,80.48936978852232,1:N_SPLIT
947,2481,8.433749751364385,18.151000210053645,1.4884026505123724,2.498097431123881,100.0,UNIDIRECTIONAL_PARTIAL
949,659,1.3503267820416813,1.5225330888502502,1.1781204752331125,0.4772378799115131,100.0,1:N_SPLIT
949,521,1.5308367340020321,1.539140379153814,1.5225330888502502,0.4762533726934066,100.0,1:N_SPLIT
950,1479,1.418199183830587,3.6081822800254137,0.13150429635589683,9.417831083000351,100.0,1:1_SYMMETRIC
951,110,0.16069105679978182,0.2289600990814225,0.12497345284846004,0.18102016256420939,100.0,1:1_SYMMETRIC
952,1972,2.943395784149224,3.7229361605582465,1.860544868029927,2.3834366942143674,100.0,1:N_SPLIT
952,1986,12.30211480480706,30.081121724868954,3.3810795328541614,0.5080767580682846,83.70059360704242,UNIDIRECTIONAL_PARTIAL
953,1869,1.7445058481334583,4.437786943492493,0.823214142195983,0.8167922327410793,93.90874701486524,CONFLICT
953,285,6.591525259164764,16.635560053965722,1.1388058135494294,13.551930983212117,100.0,1:N_SPLIT
954,72,1.1472382007373354,1.753375617924392,0.5329628652832635,3.556390838495531,100.0,1:N_SPLIT
954,71,1.4550928948618105,2.074131437654385,0.5399945741916549,7.994822656648807,100.0,1:N_SPLIT
956,2208,0.2428904071240569,1.2649751626561037,0.014943797946781306,0.3142264783408564,100.0,1:N_SPLIT
956,1026,5.098352665446275,13.063765852875187,0.9663169808075359,1.2488787518394133,100.0,UNIDIRECTIONAL_PARTIAL
956,2298,16.311010398412353,32.57826104056047,0.04375975626423928,10.384992199274564,76.68554862596298,UNIDIRECTIONAL_PARTIAL
957,2503,3.0945681984281093,4.510551098025658,2.056963489237276,1.0293320203719531,70.27932019059664,1:N_SPLIT
957,1783,15.035274351145722,36.17640695104366,4.458222887028378,1.0897710290031455,69.01746495194652,1:N_SPLIT
958,1893,4.671418046962638,6.664963229991596,2.2263728396911264,17.13805233141784,100.0,1:N_SPLIT
958,1894,7.717497771599251,9.075274242820159,6.664963229991596,12.231785375333573,100.0,1:N_SPLIT
958,663,13.204274755127358,32.56938531710396,0.487410159620643,18.515219442420232,95.03497575502071,UNIDIRECTIONAL_PARTIAL
959,665,0.6102586190431429,0.9290679475252653,0.07449785860625721,5.352079880427766,100.0,1:N_SPLIT
959,671,13.273783354778981,18.586138315414768,7.961428394143194,15.50289621227546,100.0,UNIDIRECTIONAL_PARTIAL
961,867,1.3326055611239405,2.5195596080331932,0.432274883655132,0.8594275550797761,100.0,1:N_SPLIT
961,861,7.696532666982851,18.030756799502086,2.5195596080331932,3.584300824259742,100.0,UNIDIRECTIONAL_PARTIAL
962,1211,2.0293576630317793,2.5329077605146817,1.5752093704438304,0.3317841656574956,100.0,1:N_SPLIT
962,2244,8.232832981162465,15.816604427944966,0.6490615343799647,11.992599010793754,100.0,UNIDIRECTIONAL_PARTIAL
963,516,0.5440135546428885,0.5562721486747594,0.5317549606110176,18.44860919071732,100.0,1:N_SPLIT
963,517,1.0614849384045524,1.9963376803112278,0.5562721486747594,18.448475047160116,100.0,1:N_SPLIT
963,515,1.1295719000026483,2.4883729648112056,0.2823864153485261,1.0024801437599535,100.0,1:N_SPLIT
963,1002,21.026940171000334,43.01246299867375,1.9963376803112278,24.566799261704716,55.81592523361768,UNIDIRECTIONAL_PARTIAL
964,1340,3.0038452861826284,5.471836996745953,0.5213361162120514,1.6339484506153212,100.0,1:1_SYMMETRIC
965,1270,1.0264843382374027,1.0726951884433016,1.002549625042161,0.24687431215028255,100.0,1:N_SPLIT
965,2468,11.424791404700036,31.987198952956167,1.0726951884433016,7.73702267638987,78.72386009546514,UNIDIRECTIONAL_PARTIAL
966,1916,0.9207961760619485,4.99306781645889,0.013857157741498895,4.0897002885172355,99.34273295540666,1:1_SYMMETRIC
967,2172,2.898255980473516,3.6722005667651443,1.5484286876619806,1.056585839256968,100.0,1:1_SYMMETRIC
968,798,2.282589549973171,2.899913470641699,1.3898019574100613,1.1901620998753515,100.0,1:N_SPLIT
968,800,2.975534373824378,3.112222164418162,2.899913470641699,1.4046385748064267,100.0,1:N_SPLIT
969,2299,2.051411923217626,4.168538550829053,0.5418455437727654,0.8533717917271133,100.0,1:N_SPLIT
969,2447,10.64491617188733,31.918686161697508,0.0049852555580021584,5.426123187520943,78.64726283156975,UNIDIRECTIONAL_PARTIAL
970,1242,10.704486209681196,12.249628089483968,9.159344329878422,1.8385501732718694,100.0,CONFLICT
972,2072,1.1974032216730033,1.5772822039134373,0.9859037225945698,0.021764022834872776,50.80724197477594,1:1_SYMMETRIC
973,778,1.4921986203862472,4.955110714161547,0.4976896976089773,9.30866737078253,100.0,1:N_SPLIT
973,837,3.9815097687074057,24.161281033455758,0.1464628569387736,1.9424639781195197,79.24238734677539,1:N_SPLIT
975,192,2.8548891275263335,8.651526959989662,0.1237050466214623,6.598073924849018,100.0,1:1_SYMMETRIC
976,1882,2.6989662301985198,6.702450780318866,0.6222444310148837,2.357866951760343,100.0,CONFLICT
981,970,1.4726849594620666,3.254371580374901,0.2538355639675631,0.2028023997985997,100.0,1:1_SYMMETRIC
982,2034,1.793039054995304,1.9976653119057757,1.441838703613702,1.5472727791085674,100.0,1:N_SPLIT
982,2033,10.25586414934655,15.568319008439824,4.9434092902532765,1.7726400734747756,100.0,UNIDIRECTIONAL_PARTIAL
983,2447,0.5401922230004543,1.0670564038314108,0.011077098406475213,1.9356652952014315,100.0,1:1_SYMMETRIC
986,571,0.6457665342812536,0.8798521734300666,0.21374232890040268,21.70229508620153,100.0,1:N_SPLIT
986,575,1.7217423205910851,3.2187107999037274,0.44299698013512745,12.390775014569044,100.0,1:N_SPLIT
986,573,2.3339818900938574,3.3204118646420326,0.8798521734300666,20.030613624935995,100.0,1:N_SPLIT
988,975,2.2067196709636967,3.5830748166051105,1.3560959204271676,1.0846345873708856,57.31200701442686,1:1_SYMMETRIC
989,2082,0.3397790490346475,3.739773045072758,0.011095124380832292,0.4565975098699653,100.0,1:1_SYMMETRIC
990,900,2.3941779381375046,6.596318312440656,0.20458506117644976,1.9641064269516733,100.0,1:N_SPLIT
990,899,17.248678106230187,37.26706274826795,3.0704252437610906,7.9380148766163074,68.25629481735693,UNIDIRECTIONAL_PARTIAL
991,256,1.9196821018950132,2.8173336317693454,1.1382613061683178,1.5988446783085806,100.0,1:N_SPLIT
991,254,2.4220752010520523,12.332926543451851,0.15935898052552414,7.919995472630376,100.0,1:N_SPLIT
992,1793,2.1774420154267617,3.848627555139988,0.12336598325928826,0.33206949581460776,100.0,1:N_SPLIT
992,1792,10.14672950148601,14.367618363873756,5.925840639098267,11.623036737096982,100.0,UNIDIRECTIONAL_PARTIAL
993,1976,2.259786373490254,3.100411324900086,1.2508259469310008,2.7257675958538243,90.47071047384505,1:1_SYMMETRIC
994,389,0.06211643123450156,0.09192702399620112,0.03230583847280199,0.004914870522497949,100.0,1:N_SPLIT
994,388,0.12601408197232128,0.1601011399484414,0.09192702399620112,0.004791037358245376,100.0,1:N_SPLIT
994,387,0.16398214470817069,0.16786314946789999,0.1601011399484414,0.007104310264310243,100.0,1:N_SPLIT
994,386,15.08515551472659,59.60773430758536,0.16786314946789999,0.21085465540534187,76.71698915440646,UNIDIRECTIONAL_PARTIAL
995,2526,2.645220606437687,3.8539319870513986,0.20340214086170105,0.9442703743497987,100.0,1:1_SYMMETRIC
996,792,3.896080989733175,6.566160276295324,2.4729657879350877,6.681349748823834,100.0,1:1_SYMMETRIC
997,792,13.521431835420929,20.476703394546533,6.566160276295324,7.987642061056249,69.73048363272343,CONFLICT
998,1600,2.5565226267210104,5.498309565028342,1.3965456312551952,0.1448485307795977,100.0,1:1_SYMMETRIC
999,2127,0.47765220615482806,0.5096802846417089,0.4456241276679472,1.4224158880787172,100.0,1:1_SYMMETRIC
1001,2230,5.1200883718178,7.070492014853332,2.167155578560863,1.7848567227088097,54.65818575668692,CONFLICT
1003,1848,0.7695616749384877,1.5765256548136346,0.04678069294847115,4.201282951227597,100.0,1:N_SPLIT
1003,1847,8.883153635923378,16.18978161703312,1.5765256548136346,23.512430547518647,58.48628088253396,UNIDIRECTIONAL_PARTIAL
1004,1122,6.450972966483697,7.728665473426005,4.773435587577111,27.19261838101221,100.0,1:N_SPLIT
1004,1120,20.22781904513314,21.398761521902124,19.05687656836415,8.632366697295112,100.0,UNIDIRECTIONAL_PARTIAL
1005,2524,0.0347893768843139,0.04982307401968954,0.019755679748938253,0.007397662577318442,100.0,1:1_SYMMETRIC
1007,2180,2.106725862435642,3.7892316863197237,1.0114376984657134,1.592143676058754,100.0,1:N_SPLIT
1007,2179,2.529534969049466,3.961997542669273,1.5573422570300208,1.087312082927383,100.0,1:N_SPLIT
1007,687,16.310399669571922,21.621979329669077,10.604305331291464,0.662541311449047,100.0,UNIDIRECTIONAL_PARTIAL
1008,690,2.585563182631597,2.5909455472624474,2.5801808180007466,0.15716779854801644,100.0,1:N_SPLIT
1008,689,2.6009311712394063,2.6158049341088865,2.5909455472624474,0.15454211939021434,100.0,1:N_SPLIT
1008,691,5.872534088577699,12.535588666218244,2.5018327815141084,0.1544786752013465,100.0,1:N_SPLIT
1009,2189,1.7120100605295105,2.6038372441229183,0.5920659388725352,2.3398631953213567,100.0,1:1_SYMMETRIC
1016,1992,1.9000672090372348,3.3797159766518483,0.24935153547771505,0.1482749981754523,100.0,1:N_SPLIT
1016,1991,2.5128630838811494,2.709295501793664,2.316430665968635,11.037961560468034,100.0,1:N_SPLIT
1017,40,0.0340174905726431,0.057045280937252786,0.010989700208033403,0.023428957773944603,100.0,1:1_SYMMETRIC
1018,1708,10.09875074492681,10.446543038023691,9.75095845182993,2.116574417048639,85.17003057160973,CONFLICT
1024,1691,1.1363012824175307,3.4197110806049595,0.2207428655060425,0.943213206693315,98.89457405506467,1:1_SYMMETRIC
1025,1394,8.242294602229936,22.85001209887792,0.8513266243770046,23.419077369463537,100.0,1:1_SYMMETRIC
1026,1436,1.922747595941158,4.327546569241143,0.6038916846476139,6.918320504027918,100.0,1:N_SPLIT
1026,1430,15.665565255614311,26.172361122478463,4.692997872367955,28.07613519478207,68.39093525309971,1:N_SPLIT
1027,905,0.23544130524413448,0.6555719365211671,0.01900109183681544,0.6414846324748851,100.0,1:N_SPLIT
1027,918,5.949717127261939,11.800020233242373,0.09941402128150527,3.2666774248555157,100.0,UNIDIRECTIONAL_PARTIAL
1027,453,7.048813141100549,26.076269157522727,0.3146414399847823,1.0994949069643667,98.11427564580838,UNIDIRECTIONAL_PARTIAL
1029,499,18.044451590343723,31.261108519837435,11.347711488326112,0.008095780390988239,81.13104939281801,CONFLICT
1030,814,3.5817732075507056,5.745418929080482,1.4181274860209299,0.15486239510596533,100.0,CONFLICT
1030,815,8.926819231512908,12.108219533945334,5.745418929080482,0.1557705224882966,100.0,UNIDIRECTIONAL_PARTIAL
1030,816,18.537464428067075,24.966709322188816,12.108219533945334,0.15519793690020833,100.0,UNIDIRECTIONAL_PARTIAL
1032,1806,4.006620633107942,4.92703657939374,3.086204686822143,7.152260390492415,100.0,1:1_SYMMETRIC
1036,1017,4.457650183973428,4.483675752126494,4.431624615820361,14.758995355879733,100.0,1:N_SPLIT
1036,1018,7.763585425665993,13.3732346489184,4.483675752126494,5.400107058031381,100.0,1:N_SPLIT
1038,921,8.689244089645564,28.57337200546195,1.0179061213441813,1.7849974786695952,88.42156201142302,CONFLICT
1038,2107,19.832963273435244,33.25736915172684,12.802373615638505,4.774963280598627,69.63183632190501,UNIDIRECTIONAL_PARTIAL
1043,1671,18.412193254213108,20.514374080061113,16.3100124283651,21.301697620981315,100.0,CONFLICT
1043,1670,21.216092538636516,21.917810997211923,20.514374080061113,21.30380792353793,100.0,UNIDIRECTIONAL_PARTIAL
1055,158,2.585656607039933,3.5987124114911566,0.6128740180438911,4.453683612282134,100.0,1:1_SYMMETRIC
1063,21,17.551904682708518,26.28496867424508,10.112314158454927,14.972257056425121,68.73334190517004,CONFLICT
1065,538,1.5837651598223483,1.819813565827938,1.3477167538167585,7.171022657994968,100.0,1:N_SPLIT
1065,541,2.0625744339424794,4.184974165782165,0.5592442058729598,1.7585423934149276,100.0,1:N_SPLIT
1065,536,3.2557662825133282,4.233449181942631,1.819813565827938,2.2331717410231704,100.0,1:N_SPLIT
1067,666,7.26840504123827,11.901030138766094,0.1577191501096665,20.87672328900254,100.0,1:N_SPLIT
1067,664,10.262566940084028,11.928718606920196,9.390664286607413,14.639432112552527,100.0,1:N_SPLIT
1068,640,0.9399253434815995,1.2202440727929578,0.6596066141702414,4.037308680433739,100.0,1:N_SPLIT
1068,639,3.2424428910309246,5.02322064570637,0.6596066141702414,9.939993175873724,100.0,1:N_SPLIT
1068,641,3.5316329082902227,10.400574503158113,1.2202440727929578,11.709797672858372,100.0,1:N_SPLIT
1068,647,20.27444913048824,30.148323757818368,10.400574503158113,3.3760364030388246,74.72295393500733,UNIDIRECTIONAL_PARTIAL
1070,483,1.391784054645031,2.9538405254357163,0.06808071168572558,3.1542123835751,75.15069169006284,1:1_SYMMETRIC
1074,139,2.2166426941885353,7.031551358985114,0.17126229270115112,7.020115766486242,100.0,1:1_SYMMETRIC
1075,161,1.020021886521486,1.4933863971484413,0.47522765049061433,6.417496671277377,89.80412716129746,1:1_SYMMETRIC
1076,1460,2.368955678153846,8.039486643292808,0.3824207962169123,8.755382004943158,64.47833835279316,CONFLICT
1077,142,2.5842094619306213,4.213467718732922,0.34761536828964656,0.7931764639081962,100.0,1:1_SYMMETRIC
1079,2232,0.5256343607631626,0.6098871032675861,0.32409480597843504,0.17431869278124168,100.0,1:N_SPLIT
1079,2231,0.6607087662995172,1.376157060338662,0.2818744325814548,0.29733519087801596,100.0,1:N_SPLIT
1079,2236,0.8021719092187155,1.0615428849263548,0.57715616997598,0.009204475778062715,100.0,1:N_SPLIT
1080,1089,1.9414010804744997,3.1397215344144063,0.7430806265345931,15.732316158499344,100.0,1:1_SYMMETRIC
1081,2239,1.2641136692907855,2.756878756511668,0.08039052113928816,0.21233161044455073,100.0,1:1_SYMMETRIC
1082,115,1.3864378140042362,7.312459074126305,0.011899192918614668,2.685870075100638,93.6535155682904,1:1_SYMMETRIC
1084,70,1.6171939932573118,2.662333364113262,1.149845942897697,3.2603451548872613,100.0,1:1_SYMMETRIC
1085,2485,0.035531416195091384,0.053625414315013276,0.017437418075169492,2.171970595178607,100.0,1:N_SPLIT
1085,2486,0.2070085810181833,0.947963264475768,0.017437418075169492,0.7057856149174881,100.0,1:N_SPLIT
1085,2483,3.707002802574384,16.684023291490227,0.053625414315013276,2.8562326628798473,100.0,1:N_SPLIT
1085,2489,5.673850949570376,15.135919561892864,0.9376700223424973,7.348347410634801,100.0,UNIDIRECTIONAL_PARTIAL
1087,1819,16.047443388180255,33.45733278137693,0.9206058309327427,4.48939116569403,77.34600186168,CONFLICT
1089,827,2.394251314730687,4.993614838851535,1.5484273669921806,2.0676298149539036,100.0,1:1_SYMMETRIC
1090,943,1.7238363460438648,2.0915854933096156,1.3128406973854536,0.608587644887308,61.57986116358144,CONFLICT
1091,2206,0.022394220025529543,0.05368236737840523,0.00638953825929329,0.06425227366906938,100.0,1:1_SYMMETRIC
1093,469,5.798483455367659,6.255660254020909,5.430799687208262,1.6459980185030645,57.93169044574529,CONFLICT
1094,788,8.316394925685122,17.646982808827136,3.552333870663693,6.265629747355945,69.1535799227183,CONFLICT
1095,1061,0.39262559707338973,1.2159273282051037,0.060505148296304205,0.1013071251029487,100.0,1:1_SYMMETRIC
1096,2275,0.7136170019136707,1.8480185330542034,0.029293306229678732,1.0845783198464574,100.0,1:1_SYMMETRIC
1097,2270,1.1554837285681523,1.5103155840661482,0.8072810126061338,0.07729581757843107,100.0,1:1_SYMMETRIC
1098,395,20.32481908057212,23.062367650408767,17.587270510735472,29.160758757791484,100.0,CONFLICT
1098,391,23.997602235019144,24.93283681962952,23.062367650408767,28.450213996920127,100.0,UNIDIRECTIONAL_PARTIAL
1100,505,2.5822740220991793,2.9807152991456554,2.3627193015363046,0.03997722745708643,60.84995725242046,1:1_SYMMETRIC
1101,1646,4.367865625836677,6.497721675779561,3.1709839023655464,0.3592217649974714,100.0,1:N_SPLIT
1101,1645,4.3794272798014955,4.871358497465403,3.887496062137589,0.2096259728360792,100.0,1:N_SPLIT
1101,294,9.398367021252648,15.223080904489116,6.474298483489269,16.918403220877167,100.0,UNIDIRECTIONAL_PARTIAL
1101,2193,12.642035695515716,28.181218633706564,4.871358497465403,3.964349810639817,90.12510218759708,UNIDIRECTIONAL_PARTIAL
1102,621,12.211744543479943,15.736912922239247,9.765916155983222,15.947053626704587,100.0,CONFLICT
1102,622,17.134588207721766,18.882345834250707,15.386830581192823,13.949298476248487,100.0,UNIDIRECTIONAL_PARTIAL
1102,384,22.068512457975544,25.254679081700385,18.882345834250707,14.74645039698504,68.2619815003158,UNIDIRECTIONAL_PARTIAL
1103,865,16.525723929254525,17.346134009433502,15.880059872398487,0.30326680782474114,100.0,1:1_SYMMETRIC
1106,791,1.8883807621313575,12.793880096125276,0.05596174935520397,5.434218264525271,90.62509655043563,1:N_SPLIT
1106,790,3.2948687404428436,3.456138592678313,2.9990548435381377,10.409880915451595,100.0,1:N_SPLIT
1107,1023,1.1701415235446893,3.082676976370786,0.1008577817372828,7.101956504473208,100.0,1:N_SPLIT
1107,1021,1.750069024952137,2.058742676160887,1.4413953737433869,0.23011537283096573,100.0,1:N_SPLIT
1107,1019,1.9321534785659757,3.672958235485271,0.8964120410347238,25.33656454166652,100.0,1:N_SPLIT
1107,1022,2.4432634229210004,2.8277841696811135,2.058742676160887,0.2212369533868923,100.0,1:N_SPLIT
1107,1026,5.598284777474081,16.622170374223515,0.0718261764614444,3.933839563654658,100.0,UNIDIRECTIONAL_PARTIAL
1108,1268,0.9192063668729289,2.129755994132854,0.11691559612502095,1.034613417758635,100.0,1:1_SYMMETRIC
1109,2142,1.3294366091950343,1.529108580684078,0.9589800160610837,0.09321916954093012,100.0,1:1_SYMMETRIC
1110,1637,4.959323394876847,7.912180739963154,0.5975388269811969,0.26483637005424043,100.0,1:1_SYMMETRIC
1111,989,1.8744313208966714,3.3006642441717036,0.38413121506303655,12.20621768966464,100.0,1:1_SYMMETRIC
1114,1005,5.710117264008389,6.473667649815534,3.7695273319173945,3.7883125833817246,100.0,1:N_SPLIT
1114,854,6.948438255742641,8.128178323113765,6.327226981158588,0.8267540281972856,100.0,1:N_SPLIT
1114,853,8.199607283649392,8.271036244185018,8.128178323113765,0.8251052620949224,100.0,1:N_SPLIT
1114,848,9.084369186933488,14.53084048348048,6.866039280137787,4.952856318075931,100.0,UNIDIRECTIONAL_PARTIAL
1116,1040,1.2303657252331666,2.810773313067844,0.2040033577634775,0.1525638791480901,100.0,1:1_SYMMETRIC
1117,1284,1.088428062792588,2.810773313067844,0.1024213818456921,0.03199876383928313,100.0,1:1_SYMMETRIC
1118,2463,1.8283124188392996,5.037261697315474,0.15612214865637777,5.723083761528358,62.22951889041346,CONFLICT
1119,2456,1.4293554614533053,1.9770338566781798,0.6279229045917941,0.17460600099735757,100.0,1:1_SYMMETRIC
1120,1192,0.46210858240779873,0.7648654031228469,0.34026790644430593,0.1639245410865442,100.0,1:N_SPLIT
1120,1190,0.6877470134515237,1.3913398864667679,0.33163324744349715,0.03976097533296752,100.0,1:N_SPLIT
1121,2393,3.102138516084837,4.2275094613440265,0.4960592462002605,1.0586658183966335,100.0,1:1_SYMMETRIC
1123,1546,1.0919585835461914,2.6750224097911124,0.03868009524495634,0.4294191444784019,100.0,1:1_SYMMETRIC
1124,1910,4.330370089287506,4.720460029265994,3.9402801493090163,2.4320964221351744,100.0,1:N_SPLIT
1124,1909,4.756665967200492,4.79287190513499,4.720460029265994,2.432639622723258,100.0,1:N_SPLIT
1124,1908,6.53155210847563,8.191046272353937,4.79287190513499,1.4825308386689926,100.0,1:N_SPLIT
1128,2331,3.007818922554341,3.1649697111131525,2.7544280319767904,5.899931747871676,100.0,1:N_SPLIT
1128,2332,14.208581835157837,30.322030054867145,3.0735975653987087,12.847728026390769,81.95451542201103,UNIDIRECTIONAL_PARTIAL
1129,2326,4.848274300247984,13.856847237376646,1.0369488184586317,5.974867885347578,100.0,1:N_SPLIT
1129,2325,15.706260492325352,17.24342582479195,13.856847237376646,15.775306262288098,100.0,1:N_SPLIT
1129,2329,23.0700224319127,24.067540446919075,22.425136093103635,22.194945364959608,100.0,UNIDIRECTIONAL_PARTIAL
1130,1385,3.1427176123754674,4.565759646169239,1.8719349834639583,26.578288089536727,100.0,1:N_SPLIT
1130,1161,5.014014231389688,7.6648035285344704,2.223680089515104,9.073901830861416,100.0,1:N_SPLIT
1130,1384,8.345804566223746,13.94160336521468,4.001585558499756,17.636354909545787,100.0,UNIDIRECTIONAL_PARTIAL
1131,327,1.726456081071954,4.030986251715092,0.3354484444225777,22.408715636197087,53.020260159273406,1:1_SYMMETRIC
1133,2316,0.4269071457378121,0.719891735941764,0.07720219801496585,0.8242934607811776,100.0,1:N_SPLIT
1133,2317,14.91124356345644,29.102595390971114,0.719891735941764,0.7375059237008941,85.46028061983803,UNIDIRECTIONAL_PARTIAL
1135,1191,0.9382073320638984,1.4328881991788975,0.5041962277867671,0.28019141396603686,100.0,1:1_SYMMETRIC
1136,883,0.5017541157394885,3.6217315091295146,0.00477300533527043,0.6924199431095985,84.74179360912618,1:1_SYMMETRIC
1137,872,0.3369238888308324,0.5554505335437698,0.049190275454105536,0.40592038399665853,100.0,1:N_SPLIT
1137,917,16.362464483463466,48.66289250622855,0.21218770389107228,0.5749750749013742,51.41720553717812,UNIDIRECTIONAL_PARTIAL
1140,67,2.1263286049257264,3.8028320697584403,0.46824630326509153,2.770165230166498,100.0,1:1_SYMMETRIC
1143,855,1.3336982539914257,2.4130493080153097,0.008237609541655245,3.74215378827256,100.0,1:N_SPLIT
1143,942,19.37543870268183,31.08475480919459,7.666122596169069,20.1077512758921,74.04556097805958,UNIDIRECTIONAL_PARTIAL
1144,2329,0.9072232671567194,1.3339651040550036,0.28576403622468866,3.18123535345876,100.0,1:1_SYMMETRIC
1148,2080,1.1962131131305138,2.6464380049723526,0.00847507439262667,0.43845740724376014,100.0,1:N_SPLIT
1148,2079,3.392339758018359,9.24818358865393,0.3879833983377115,10.908827254380014,100.0,UNIDIRECTIONAL_PARTIAL
1148,2081,3.8328874786688396,7.5520998899137926,0.11367506742388678,2.4289418950472452,100.0,1:N_SPLIT
1149,269,3.0200914631676894,6.161963266849527,0.5759477560859521,5.057218660090825,100.0,1:N_SPLIT
1149,265,4.4969945588880895,8.070716734438836,1.4953140976921173,15.277698194446089,100.0,UNIDIRECTIONAL_PARTIAL
1149,268,7.0501083340228705,8.070716734438836,6.161963266849527,7.236825263721016,100.0,1:N_SPLIT
1150,2392,2.3018000629521453,6.399771379781229,0.9367570071408848,3.4696578493900176,100.0,1:1_SYMMETRIC
1151,291,10.049681778514827,17.150617848800106,2.948745708229549,1.2380573757246793,100.0,CONFLICT
1152,470,6.394590659989382,20.335468671017107,0.40377809523124014,16.51375961809174,100.0,CONFLICT
1152,480,7.789384584415463,8.257239151046205,7.088528929305523,7.654217252737112,100.0,1:N_SPLIT
1153,88,3.937800237388874,4.002735621147827,3.872864853629921,1.6353910601083612,100.0,1:N_SPLIT
1153,87,4.33798194840207,5.139522644947296,3.455488037655752,0.07086811634746937,100.0,1:N_SPLIT
1154,1598,2.6665615387874744,3.9906732050844775,1.4650808817880268,0.8023782800310073,100.0,1:1_SYMMETRIC
1155,1693,0.745649335719284,5.879694772513407,0.03444585430375262,0.6999248781859819,100.0,1:1_SYMMETRIC
1157,1810,2.6384840964153957,4.371072512014252,0.495850939464041,3.7945074315266254,100.0,1:N_SPLIT
1157,1811,16.216282817696538,41.04606041460996,0.3627919109026516,4.971964270564939,62.27189040351247,UNIDIRECTIONAL_PARTIAL
1159,1457,2.751969510357247,4.079102567155747,0.30672279860945695,3.66379806391393,100.0,1:N_SPLIT
1159,1456,8.010830248199367,11.942557929242987,4.079102567155747,4.361164072612041,100.0,1:N_SPLIT
1161,2321,17.994684478116923,30.370309133795644,5.276264127881274,27.21701661612883,75.71769089788857,CONFLICT
1162,1431,3.935852365336482,8.02181780114813,0.000618813064635639,2.8177350479655274,71.26271585691944,1:1_SYMMETRIC
1163,617,3.149388556284177,4.929174942223231,1.3696021703451238,21.659490918122515,63.96352493555084,CONFLICT
1166,2205,0.5750953621877866,1.640612582688495,0.1870405411553975,1.6286010203498336,100.0,1:1_SYMMETRIC
1167,9,17.89422111085997,22.722084291636104,11.743841207714887,13.262965631683755,100.0,1:1_SYMMETRIC
1168,2266,1.4287060803715594,4.650159549077702,0.18710227077624025,4.018216595606248,57.32318994145539,CONFLICT
1169,917,0.7210260185242412,1.2297387967777043,0.2123132402707782,1.2161836307742533,100.0,1:1_SYMMETRIC
1170,1613,1.8216660169490992,6.7717173247339915,0.08699225548953728,1.8752523936575471,100.0,1:1_SYMMETRIC
1171,1973,0.8400246557247982,1.946626468711599,0.3143564274634554,4.207143535370733,100.0,1:N_SPLIT
1171,1753,1.7644126682053338,3.7725019144835295,0.2935079653228638,3.4367670873647853,100.0,1:N_SPLIT
1171,2127,13.417600100226762,39.213841310959225,0.5096802846417089,4.2286152718427275,69.20547805541464,UNIDIRECTIONAL_PARTIAL
1172,785,0.8488268619917945,2.552508746114638,0.05948052611182126,0.2666977626042808,100.0,1:N_SPLIT
1172,756,0.8684615078286816,2.740543774792228,0.29191228566525956,2.4927769858019815,100.0,1:N_SPLIT
1172,1347,9.223040507813568,16.182920442668713,2.6964446158205653,16.07234483026025,100.0,UNIDIRECTIONAL_PARTIAL
1172,1345,19.656982482770893,22.533842005339658,16.182920442668713,19.81692671927854,100.0,UNIDIRECTIONAL_PARTIAL
1176,2126,1.6087053102003752,3.0998076537540005,0.014680210010895804,0.761251805672714,100.0,1:1_SYMMETRIC
1178,1310,0.38406585444385655,0.669364615219903,0.07221220947608901,0.24400560196562537,100.0,1:1_SYMMETRIC
1179,2190,0.3426964718981579,0.8802550847955064,0.04818287343359343,25.600263128015285,100.0,1:1_SYMMETRIC
1181,1744,0.274360141901281,0.4127743524118613,0.1209032267545234,1.5170894352348796,100.0,1:N_SPLIT
1181,1743,0.4173855022729321,0.4219966521340029,0.4127743524118613,0.3120873598461458,100.0,1:N_SPLIT
1181,1742,7.136715305021545,26.98220962535758,0.4219966521340029,3.570899414486746,77.9347029294508,UNIDIRECTIONAL_PARTIAL
1181,2190,7.696298943247292,17.31767954188319,0.30361132568525506,9.846418314204868,100.0,UNIDIRECTIONAL_PARTIAL
1183,288,22.645539805779894,22.66790489540921,22.623174716150576,2.7229202798180268,100.0,CONFLICT
1184,1429,1.0589659899696018,2.8436353287142366,0.017158432268315614,27.46692329481118,100.0,1:N_SPLIT
1184,57,11.235234560141096,22.265631137031114,0.030198170136663937,27.46692329481118,100.0,UNIDIRECTIONAL_PARTIAL
1185,350,17.41736158603227,27.1697310292455,7.087292950913368,24.884714309984645,100.0,1:1_SYMMETRIC
1190,610,1.525520595831708,3.9348548261737513,0.26953929963340784,0.3498809004950658,93.55422028900941,1:1_SYMMETRIC
1191,598,1.6172651093862354,2.707739353179167,0.5267908655933036,4.717365389358406,100.0,1:1_SYMMETRIC
1193,654,8.418472388666693,9.689641556481002,7.1473032208523835,1.7842478722380974,100.0,CONFLICT
1194,349,10.803058480667769,11.604921640278686,10.00119532105685,22.248775193245024,76.18115195958099,1:1_SYMMETRIC
1199,1096,2.4401838926451997,3.2311939789731814,1.6491738063172185,4.9745956104145534,57.329013266369046,1:1_SYMMETRIC
1204,1341,1.14376209421573,4.296887767363362,0.04637905891921975,0.3142802264214879,72.11606719997378,1:1_SYMMETRIC
1209,2192,5.044702435045416,5.06274491128301,5.026659958807821,0.32405026521058744,100.0,1:N_SPLIT
1209,2193,5.632100811824724,6.996112521291172,4.873529955375179,0.32308373414161906,100.0,1:N_SPLIT
1209,1645,12.912467303306663,18.828822085322155,6.996112521291172,4.497059517617515,100.0,UNIDIRECTIONAL_PARTIAL
1210,685,2.205897031298465,5.942885192293811,0.1697634341523875,1.3459763910800575,100.0,1:N_SPLIT
1210,1001,3.331814166156542,11.282280802030257,0.18423317367821992,11.304844164463589,100.0,UNIDIRECTIONAL_PARTIAL
1211,558,3.6021814523326685,4.433358332435866,2.1907066548413394,4.733891556886078,100.0,1:N_SPLIT
1211,559,9.100350957149379,26.825867237031837,0.32530428509632453,2.41753770036928,78.55900666071871,UNIDIRECTIONAL_PARTIAL
1211,1838,20.942174864592744,29.080394769125256,14.626257334081826,8.007170488572967,73.15050651768806,UNIDIRECTIONAL_PARTIAL
1212,497,0.5385140504021622,0.9949316842197784,0.0749808539050221,13.218150516741218,100.0,1:1_SYMMETRIC
1213,1149,2.6210650370458635,5.276264127881274,0.8173470521129346,10.551871247430483,100.0,1:1_SYMMETRIC
1216,1659,7.2132346970998285,8.264148600219988,6.162320793979669,2.662029299904134,53.068402833420116,CONFLICT
1216,312,18.67671438431403,28.295350186221935,8.071283214358639,22.177733099366947,81.97221791788493,UNIDIRECTIONAL_PARTIAL
1222,2470,0.8356254567115947,3.762578740421484,0.0007287847983065376,0.8315080133820345,100.0,1:N_SPLIT
1222,2467,8.116135630886875,23.744452653892186,0.284700374423004,3.2885596721548893,100.0,UNIDIRECTIONAL_PARTIAL
1240,567,1.9931705592462465,4.028891890588007,0.4421507201892228,0.571715079965486,100.0,1:N_SPLIT
1240,569,8.424990549416943,15.718238317630007,1.1317427812038798,6.18133355627441,100.0,UNIDIRECTIONAL_PARTIAL
1241,291,0.7264872620174458,0.9106218234678336,0.5423527005670582,2.783870034062886,100.0,1:1_SYMMETRIC
1242,1378,1.0226275752506033,1.5795697293504358,0.12921402234845486,4.760451769130611,73.90818052281485,1:1_SYMMETRIC
1243,861,2.5152508890630925,2.5559284870166556,2.474951166720248,2.797860599479634,100.0,1:1_SYMMETRIC
1244,242,1.0649545113649181,1.1317427812038798,1.0088664861211147,0.5839392233497733,100.0,1:N_SPLIT
1244,243,1.1647570656555928,2.054348000616617,0.6230974525413435,0.22309012798967842,100.0,1:N_SPLIT
1244,244,2.0607065353745937,2.0670650701325703,2.054348000616617,0.014437957596840079,100.0,1:N_SPLIT
1244,245,2.0844760336017094,2.101886997070849,2.0670650701325703,0.01510343516690682,100.0,1:N_SPLIT
1244,241,5.042504138133416,8.953265495062952,1.1317427812038798,0.3332971214659324,100.0,UNIDIRECTIONAL_PARTIAL
1244,570,14.98666946899267,21.02007344292239,8.953265495062952,0.04584512883707248,100.0,UNIDIRECTIONAL_PARTIAL
1245,1094,0.5866294108142356,0.7833789514286637,0.16468076110560081,0.11977784670705205,100.0,1:1_SYMMETRIC
1246,1213,1.3327158465383797,1.5900758722135522,1.0254528775836729,0.002809516325896766,100.0,1:1_SYMMETRIC
1247,1689,0.13040551605683878,0.18492248928801622,0.009765404031260475,2.102450173132695,100.0,1:N_SPLIT
1247,1690,0.16611563754942452,0.18492248928801622,0.14730878581083282,1.8026519447375335,100.0,1:N_SPLIT
1247,1593,1.5911109379651442,3.105602868627311,0.14730878581083282,0.11136988164656714,100.0,1:N_SPLIT
1249,1002,7.61423756847659,13.232137456641953,1.9963376803112278,20.523553629613843,55.795484742611634,CONFLICT
1250,1882,0.7834207655149693,0.8260738433797642,0.7407676876501744,1.945570074461159,100.0,1:1_SYMMETRIC
1251,931,1.8864891046865688,4.261477800415884,0.7280253377989743,1.4159332241279117,100.0,1:1_SYMMETRIC
1252,2134,2.8127174171810605,3.349160865585567,2.276273968776554,10.985266364403515,100.0,1:1_SYMMETRIC
1253,1232,1.223228877995873,2.3746179518630055,0.07244457168630562,0.2146535129142535,100.0,1:1_SYMMETRIC
1254,1243,1.1627252008611115,2.2976178355792234,0.2942955479140772,0.05832543272856583,100.0,1:N_SPLIT
1254,2415,14.586291174517351,40.55055877799389,1.3548111834349605,2.5503658651354613,68.46424175766796,UNIDIRECTIONAL_PARTIAL
1256,535,2.3734700700678437,3.1961018416105986,1.4587320818576668,9.477808177983718,100.0,1:N_SPLIT
1256,540,2.393958691023565,2.4163865222032146,2.371530859843916,2.0359599514273725,100.0,1:N_SPLIT
1256,539,2.421128466304932,2.4258704104066497,2.4163865222032146,2.046655367381504,100.0,1:N_SPLIT
1256,537,2.46340757530825,2.50094474020985,2.4258704104066497,2.0364210182071076,100.0,1:N_SPLIT
1256,542,2.8492951578287045,4.991168719630438,1.034471002560467,5.2218801903555345,100.0,1:N_SPLIT
1257,1399,11.85771919462831,12.147702834760837,11.637726389279056,5.069081535544058,70.79641809861941,1:N_SPLIT
1257,1398,19.917313229283685,20.393805695914683,19.440820762652685,19.84440239245788,100.0,UNIDIRECTIONAL_PARTIAL
1258,187,1.9394460748778806,2.3859417175149034,1.4929504322408576,1.1411594480122744,100.0,1:1_SYMMETRIC
1259,239,2.887763772562297,3.255078881441676,2.4742884192162546,9.376745249561907,71.15155610815876,1:1_SYMMETRIC
1260,1468,0.7628033171695002,3.6934675234366643,0.06624861947165947,1.538558121432402,100.0,1:1_SYMMETRIC
1262,519,0.3572696644930591,0.46282891657903924,0.2517104124070789,5.9359811106290294,100.0,1:N_SPLIT
1262,518,1.0280543929258716,1.5543293860141671,0.2517104124070789,5.935257885876354,100.0,1:N_SPLIT
1262,520,2.838131034154858,5.4407269117182,0.46282891657903924,1.8989630412303313,100.0,1:N_SPLIT
1262,1273,7.757271498809,15.98882241443572,3.6407672704997838,0.21474902291851095,100.0,UNIDIRECTIONAL_PARTIAL
1263,2282,0.9206329572419767,1.2967520854467565,0.6805951716456957,0.30657741120529636,100.0,1:1_SYMMETRIC
1264,2238,1.9394934622064788,3.16773143378951,1.547196166084007,0.31179970217255004,100.0,1:1_SYMMETRIC
1265,2002,2.1122503487497775,2.236791346259644,1.9139383443724558,0.11215248460200655,79.16541019717577,1:1_SYMMETRIC
1266,391,18.581808836209166,19.407366834608506,17.756250837809826,28.338420420939087,100.0,CONFLICT
1267,848,6.588088285565463,7.221745059798712,5.67648051675989,5.202687984035379,100.0,1:N_SPLIT
1267,853,23.418662516488247,28.10526786447947,18.732057168497025,0.5752735961354745,67.22828148681988,UNIDIRECTIONAL_PARTIAL
1268,482,1.7962103894464183,1.8639834372220052,1.698824033410897,0.1955933889404946,100.0,1:N_SPLIT
1268,481,2.8783446961877335,8.031221705084944,1.4637937002660737,0.09305380046987466,100.0,1:N_SPLIT
1269,2237,1.9669271622563933,2.8328600070137404,0.07031778674134494,0.25217167933101337,100.0,1:1_SYMMETRIC
1270,657,0.1725273867269888,0.20301740582377947,0.14203736763019817,1.3147126496704686,100.0,1:N_SPLIT
1270,658,0.4299802833833664,0.9198549494911452,0.1670684948351747,1.3095897058528863,100.0,1:N_SPLIT
1270,656,10.457097654412621,33.067228073151185,0.14203736763019817,5.5275952015904295,63.86649369987778,UNIDIRECTIONAL_PARTIAL
1271,766,2.8577444853275704,3.659320344759306,2.1685106521853665,0.3826039838162387,100.0,1:N_SPLIT
1271,1267,10.190516783023979,23.52910430039292,3.3831257039197093,2.242290057040748,100.0,UNIDIRECTIONAL_PARTIAL
1271,767,12.68506368668873,33.71663464241284,2.1685106521853665,0.2742551023267765,74.24117497673429,UNIDIRECTIONAL_PARTIAL
1272,1064,1.0562063805786814,2.055152312171897,0.09496363540986436,0.3208293421089934,100.0,1:N_SPLIT
1272,1049,4.0877182504902825,11.713035000285414,0.2682453186039768,0.5791318596856172,100.0,UNIDIRECTIONAL_PARTIAL
1273,1918,1.7836643668611594,3.7900188845205025,0.8584626689571593,0.0045486004849237816,100.0,1:N_SPLIT
1273,1859,2.616008979455397,5.387349388763505,1.0829100186322964,17.41113705947248,100.0,UNIDIRECTIONAL_PARTIAL
1273,1858,17.14832252718189,28.909295665600272,5.387349388763505,17.42084687980511,83.42229513884769,UNIDIRECTIONAL_PARTIAL
1274,275,1.0945786122595342,2.7015022496795162,0.12446729642713873,2.348027004273604,68.6435427262866,1:1_SYMMETRIC
1278,1794,1.2359300021754884,2.1902647110384903,0.4118234874448406,0.0014808139781052887,100.0,1:N_SPLIT
1278,927,7.297292764916854,21.473090811882514,0.0016638719229211396,2.41706476056072,100.0,UNIDIRECTIONAL_PARTIAL
1280,2113,0.14918805951769779,0.42832697552207,0.016808484408022354,1.7768773517487944,72.42985115806759,1:1_SYMMETRIC
1281,2064,0.2550438553129888,0.47402306821857193,0.10217482270274274,0.12214862080776356,100.0,1:1_SYMMETRIC
1282,1565,2.915743571125438,11.173530990450333,0.3525669189716904,0.6633481732202426,100.0,1:1_SYMMETRIC
1283,1933,3.43866210144814,5.06329849785893,2.232788779065386,0.7910609519450418,100.0,1:1_SYMMETRIC
1288,1126,1.3086306104019476,3.0735975653987087,0.7589763236999036,0.9253409905255694,70.02179951749021,1:1_SYMMETRIC
1289,2151,1.1760468499609575,1.438825320894501,0.9132683790274141,0.2918145451432679,100.0,1:1_SYMMETRIC
1290,2487,16.962841740876655,28.29556274996362,7.018190465762612,23.2624619855564,95.88700357152148,1:N_SPLIT
1290,2484,21.49524747640241,30.66538198536007,15.574772006903737,22.10981280295931,60.11597510415111,1:N_SPLIT
1291,284,8.390962357716177,13.81339940967428,2.968525305758072,1.1479375246325958,72.57966601011854,CONFLICT
1294,960,1.4000437791882097,2.0094340393961834,0.1504372982059648,0.3395250829827887,100.0,1:N_SPLIT
1294,963,1.9985870585107388,2.664025499415786,1.626196172396026,1.0288497221465036,100.0,1:N_SPLIT
1296,715,1.187794998642507,1.4872424324042313,0.6410565909264608,0.7810013366643034,100.0,1:1_SYMMETRIC
1298,528,0.9586277473728056,2.4119903916176986,0.22439910098908952,0.4827647817806451,53.182836780886966,CONFLICT
1299,1327,7.459425242236446,10.281307086705445,3.0575261080682803,19.012259126940023,100.0,1:1_SYMMETRIC
1300,1407,9.677987351537482,12.748418404449295,2.2442680179740706,8.196867441179165,83.46293573700653,CONFLICT
1302,36,5.932783419765727,50.7877282523909,0.028500667823527108,6.173814820532755,95.31011393476298,1:1_SYMMETRIC
1303,1696,0.36476346895145667,1.7580546681014029,0.002479015829308947,0.0044760808276578246,100.0,1:1_SYMMETRIC
1304,980,4.097694174527091,10.074176084791228,2.3145872393131635,0.38397388918400566,100.0,1:1_SYMMETRIC
1305,850,1.567067269510544,2.223936290081019,0.33543988591466245,0.774020614354356,98.19080812257654,1:1_SYMMETRIC
1308,1437,3.994761171081122,10.785237377217262,0.2607100583349897,18.557336777362423,100.0,1:N_SPLIT
1308,1431,11.922654035258136,41.83996612102644,0.000618813064635639,0.6462389147646945,60.741074652145436,UNIDIRECTIONAL_PARTIAL
1311,743,18.78314128599763,24.296176736867388,13.603355238817953,8.676323998361681,100.0,CONFLICT
1312,739,4.014307214073015,4.697298731946198,3.4939033197057485,18.211889107788494,79.1195268448123,CONFLICT
1313,1958,7.567874026148427,10.413241169810968,0.1913263965253857,1.484641748264039,62.92490199515165,1:1_SYMMETRIC
1315,2267,0.9529289078179218,1.8333876820977792,0.22774045568859846,0.46770696813456425,100.0,1:1_SYMMETRIC
1316,1361,4.86642236673477,8.471519323161486,1.2613254103080536,25.25106307496742,100.0,1:1_SYMMETRIC
1317,496,10.185316844488677,12.1299727924622,7.4432992300305285,11.579894364962911,100.0,1:1_SYMMETRIC
1320,2168,10.338322165108165,16.295967916678222,4.380676413538109,24.509240806830462,89.5217883754555,CONFLICT
1322,1812,0.784178161849988,1.459433012490705,0.06565400237469571,0.07175023372900569,100.0,1:1_SYMMETRIC
1323,2120,3.173228627452449,7.4388071884015705,0.22085104035685144,25.43452476865923,55.8411035511555,1:1_SYMMETRIC
1328,2189,6.555917249408951,10.709108686402445,3.7722477060015027,2.2618977698824096,82.39878910467276,CONFLICT
1331,662,0.4419657261574002,1.0993359961549982,0.03754956753021465,6.477126734212675,100.0,1:N_SPLIT
1331,661,12.319123732567398,15.134748683842899,8.660931473931429,24.138449512171576,100.0,UNIDIRECTIONAL_PARTIAL
1331,1895,15.80630744078171,17.374135494736954,14.238479386826466,26.250498467626898,100.0,UNIDIRECTIONAL_PARTIAL
1331,660,20.314312022101227,28.073262677407385,12.555361366795072,19.23218255608731,81.05803354167239,UNIDIRECTIONAL_PARTIAL
1332,1331,1.0503280866225175,7.426685188099282,0.03572836532253952,2.682309951056766,100.0,1:N_SPLIT
1332,1332,20.36916196951515,25.61895196004103,17.743984406152762,17.663427046155505,92.13215836489199,UNIDIRECTIONAL_PARTIAL
1332,2478,21.994432732864027,38.34835923255201,3.512572052640593,26.389970253729814,54.44060457165677,UNIDIRECTIONAL_PARTIAL
1334,2511,2.8874540215200675,3.704339336206864,2.070568706833271,0.4581247320961097,100.0,1:1_SYMMETRIC
1335,1708,6.538364296069567,9.75095845182993,0.8083842971530211,17.469478214417165,92.9400536235807,1:N_SPLIT
1335,1707,10.363053291324162,17.320921959338396,3.405184623309928,17.46377277775548,100.0,UNIDIRECTIONAL_PARTIAL
1336,56,0.6314418444119521,1.0595919752437295,0.3196611938589158,0.16357426885099358,100.0,1:1_SYMMETRIC
1337,1246,1.2158399283490404,1.7713085104078512,0.6603713462902295,1.276458436669543,100.0,CONFLICT
1337,2418,20.486121480289015,30.612803612262372,5.85287660911661,3.802723348510426,77.15109456851788,UNIDIRECTIONAL_PARTIAL
1339,2520,1.4887033241184648,2.208534112550076,0.19366908824374718,0.4915593707747803,100.0,1:1_SYMMETRIC
1344,1323,17.412661140587772,26.500840636293468,10.036271232420601,0.6955784609924649,98.23647125015731,1:1_SYMMETRIC
1346,902,0.6974247389541888,0.9034285582741756,0.49142091963420187,0.37903248942535583,100.0,1:N_SPLIT
1346,425,0.8905619851232032,0.9034285582741756,0.8776954119722309,0.05894164991764228,100.0,1:N_SPLIT
1347,637,12.371757153462335,24.633321945138146,0.11019236178652356,0.12638945322856898,57.08329959340149,CONFLICT
1352,265,1.9039190697210977,3.0620756915974052,1.4596754494311948,15.363636882494063,100.0,CONFLICT
1352,263,2.109792343643792,4.559227475545878,0.132611501658752,3.615229308027608,50.536003425746536,UNIDIRECTIONAL_PARTIAL
1352,268,14.107146362919506,17.3994462605955,10.570501895246897,7.1508865756730415,79.70429486717433,UNIDIRECTIONAL_PARTIAL
1354,1628,5.691771692832425,6.00283287691018,5.209462996689093,0.2858904061995986,86.59175489376231,1:1_SYMMETRIC
1356,1805,3.7340920706373697,4.090132547199387,3.1430786110301563,1.2115507613715408,96.61020021066112,1:N_SPLIT
1356,1806,8.877040388254606,20.40183786691152,3.086204686822143,1.2292971022584425,100.0,UNIDIRECTIONAL_PARTIAL
1357,1127,22.115646503464898,50.30663769621949,1.9827942038949116,1.2422935986689936,71.51882936123005,CONFLICT
1358,1131,1.1150213435782752,2.2853442803426707,0.3066795516015747,2.296194219846882,73.70715266492378,1:1_SYMMETRIC
1359,1132,0.4328302058360303,0.7352899116484732,0.07950791532700383,4.264141806937118,100.0,1:1_SYMMETRIC
1370,794,1.9505870063720738,5.050105722287337,0.2429703157990088,1.2459098831473625,100.0,1:1_SYMMETRIC
1371,311,6.625388738620771,16.3100124283651,1.4833331142640005,17.580895519305898,100.0,CONFLICT
1371,306,8.730779197998782,10.924877610823206,6.0770393641706555,1.7921325809738846,100.0,1:N_SPLIT
1372,301,3.4150368862648994,4.296733570513556,2.723319457043676,3.462091978260503,100.0,1:N_SPLIT
1372,549,3.8273135906529525,5.015314856887193,2.493275731935381,9.500023288955902,100.0,1:N_SPLIT
1372,547,4.719979071128393,4.9320480518956336,4.296733570513556,5.2634607790402015,100.0,1:N_SPLIT
1372,548,4.90691291130715,4.931155590975989,4.88267023163831,7.991703218294958,100.0,1:N_SPLIT
1373,1130,1.1878216694245745,3.4022229529244914,0.040273447131053304,21.605174701255265,100.0,1:N_SPLIT
1373,331,2.079910116340918,23.279857340419813,0.007947390769667361,7.855614521396433,75.7967098627565,1:N_SPLIT
1376,1816,3.0441788050803957,3.516381410473449,2.571976199687343,4.8646845104880185,100.0,1:N_SPLIT
1376,2049,4.634695438858054,6.190881001832117,3.516381410473449,6.222607539104786,100.0,1:N_SPLIT
1377,1182,1.5814921231410517,3.770958440679434,0.01566530594690363,4.049255761067229,88.16916658207352,1:N_SPLIT
1377,50,3.949333290193988,5.114198975264575,2.7844676051234014,0.8130270477118984,100.0,UNIDIRECTIONAL_PARTIAL
1378,866,0.7655950694378872,1.3097898156686982,0.187257705207844,9.91253841816473,61.995398510036495,1:1_SYMMETRIC
1379,1846,4.159640916446392,4.743673992013774,3.5756078408790106,3.448276902183693,81.75155841710927,CONFLICT
1380,1578,1.61901067120357,1.747407027978901,1.4906143144282387,0.7964270651397669,100.0,1:1_SYMMETRIC
1381,144,2.1802648182997575,2.826790036905275,1.5509997881188353,0.30940330418451367,100.0,1:1_SYMMETRIC
1382,1178,1.3797856235115689,1.5850211748277236,1.034558724033115,0.12626738202408205,100.0,1:1_SYMMETRIC
1383,121,0.25955860446428564,0.340011852309852,0.17910535661871932,0.4978862574561731,100.0,1:1_SYMMETRIC
1384,2440,1.6164385156557632,3.670075015513279,0.5924967141988758,1.6902751711229484,100.0,1:N_SPLIT
1384,2439,1.953780042080299,2.334373157692502,1.1110054131269747,0.1922524610064329,100.0,1:N_SPLIT
1387,647,4.698816238582576,10.400574503158113,1.4146890815794515,21.4080601016193,100.0,CONFLICT
1391,2477,2.6181677654079127,2.686701008754465,2.549634522061361,1.2110243565355745,100.0,1:1_SYMMETRIC
1392,368,2.5891717200715707,6.609213086140645,1.0782346046462308,3.6350415725618177,100.0,1:N_SPLIT
1392,370,12.430468510097787,22.679347591933674,2.181589428261902,18.616438562444557,100.0,UNIDIRECTIONAL_PARTIAL
1392,1529,18.85229422874088,67.02808908827666,1.4933863971484413,6.434574355885104,58.06045384493359,UNIDIRECTIONAL_PARTIAL
1393,1818,0.3782502530240054,0.39296039918666864,0.3635401068613421,2.549961253009883,100.0,1:N_SPLIT
1393,1819,1.2392175890108594,4.183734861579982,0.27549810480672665,0.5488204377960528,100.0,1:N_SPLIT
1393,1817,2.1476167260891446,3.746236107488669,0.39296039918666864,3.491823768134111,100.0,1:N_SPLIT
1394,1183,2.327454774873471,2.93893842531104,1.8890733168842646,6.648862789522809,50.335163957318855,CONFLICT
1394,2356,22.55702330955413,39.700385082477524,3.2642964805552475,5.153990466750997,60.00494573386431,UNIDIRECTIONAL_PARTIAL
1395,1931,0.025360038661581867,0.03824866306802774,0.012471414255136,0.019999964674269677,100.0,1:N_SPLIT
1395,1935,4.5950579864857275,9.12510387042513,0.06501210254632524,11.717399029842682,100.0,UNIDIRECTIONAL_PARTIAL
1396,2471,1.5234723880772,2.630350014566223,0.7214986948810068,1.017807727559216,100.0,1:N_SPLIT
1396,2493,24.325979352817946,45.942030587392146,2.7099281182437474,2.178891679307071,51.886533194369655,UNIDIRECTIONAL_PARTIAL
1397,2499,3.858990436294226,3.982961106824861,3.735019765763591,1.2454514518788642,100.0,1:1_SYMMETRIC
1398,804,3.460650614792211,4.489899736440354,2.747913847435103,1.0425722873524137,85.58436084648837,1:1_SYMMETRIC
1399,2162,0.35036771498305286,0.4774983830796001,0.1587346357902951,0.03037673525398077,100.0,1:1_SYMMETRIC
1402,1042,0.9154268278287044,1.8767641109848094,0.0225425006255798,0.3049756540077624,100.0,1:1_SYMMETRIC
1403,2450,1.7502716421955682,2.7145118596718865,0.3708178083074182,0.6744837556823882,100.0,1:1_SYMMETRIC
1404,1379,1.642836041192852,3.6836324866338277,0.18926347884720748,1.0473723233202463,100.0,1:N_SPLIT
1404,1396,3.3559459930946973,3.9187137776759076,2.0540203279908367,6.336261604059075,100.0,1:N_SPLIT
1404,1380,6.626547866008873,13.901601681297528,2.4265631490172797,3.5909500761526942,100.0,1:N_SPLIT
1405,1258,5.466583288280852,5.626379579299694,5.223155716023302,0.29722500263034135,100.0,1:N_SPLIT
1405,1257,18.17637113232621,44.09349721870527,5.212460462250066,0.29716576462254807,57.82032199306705,UNIDIRECTIONAL_PARTIAL
1406,1979,1.4567284328750971,2.207397501758861,0.5422641154451643,4.284943208753248,100.0,1:N_SPLIT
1406,777,13.072827179338873,18.792617060774276,4.491881712464089,12.666524336734255,100.0,UNIDIRECTIONAL_PARTIAL
1406,778,20.893986042747013,34.3648778968706,5.682205059419011,10.466174543534692,67.29139672614966,UNIDIRECTIONAL_PARTIAL
1407,1007,1.28998160944646,2.0434892002567113,0.16186807417302582,1.912313349783517,100.0,1:1_SYMMETRIC
1408,2071,0.9092579328297917,2.0265607109369044,0.0426577142259639,1.5158660176012404,83.24431134615823,1:1_SYMMETRIC
1409,217,5.15874895401935,14.724105951650538,0.010495943236327522,6.056847621655891,100.0,1:N_SPLIT
1409,215,21.027608291157296,48.95834811623354,3.0503627355928202,9.441031172538601,61.42274165769146,UNIDIRECTIONAL_PARTIAL
1409,1582,21.182211691362205,63.088969399294356,3.0503627355928202,6.056847621655891,82.79732460172663,UNIDIRECTIONAL_PARTIAL
1411,2338,0.46216514143653326,0.532526557951993,0.3268953325223263,8.239981784997724,100.0,1:N_SPLIT
1411,1674,1.1742418411718862,2.693098359262376,0.3268953325223263,7.206587984624321,100.0,1:N_SPLIT
1411,2339,5.194279915104496,24.399401796339497,0.06841102134112653,8.18456799435296,100.0,1:N_SPLIT
1412,1672,3.0322991435195132,5.207931099551235,0.1892873372895941,4.503198189026648,100.0,1:1_SYMMETRIC
1417,2327,4.358999585690364,5.9690877180131885,1.6462890985066465,10.136393278840785,100.0,CONFLICT
1418,2165,2.475902639409558,3.3006642441717036,0.5268481636568894,1.0137499108006978,100.0,1:N_SPLIT
1418,2164,3.376050595151885,3.769925367668446,3.06579655594338,9.305282444518298,100.0,1:N_SPLIT
1418,2163,6.364369288443311,10.074176084791228,3.769925367668446,24.997656822995566,100.0,1:N_SPLIT
1420,2234,1.9626228880584917,3.0903200864510976,1.0133419815634903,0.7773630757528736,100.0,1:N_SPLIT
1420,2245,11.368444973526913,19.646569860602728,3.0903200864510976,12.142639874530005,100.0,UNIDIRECTIONAL_PARTIAL
1421,1813,5.2144105464002815,9.634716747547708,0.4131599875694299,4.7511268229200425,70.1524017602063,CONFLICT
1424,997,0.8613143045628865,1.3529991611676493,0.2831462683562617,0.7599372059178222,100.0,1:1_SYMMETRIC
1425,277,3.1813460740506154,4.400413810265884,0.5975388269811969,0.2648363700541836,100.0,1:1_SYMMETRIC
1426,2177,1.5060025018019978,2.4119903916176986,1.0280494782157557,5.515193987969724,53.60804426077498,1:1_SYMMETRIC
1427,2366,2.02621853114431,4.0562285248249434,0.1897555882667986,0.6243275723912234,100.0,1:N_SPLIT
1427,2368,12.691952495741145,22.235178651852852,3.1487263396294383,5.346203538122751,100.0,UNIDIRECTIONAL_PARTIAL
1428,369,5.932696094573771,6.76735167615684,5.098040512990702,7.105397646455117,100.0,1:1_SYMMETRIC
1434,1864,0.5485041881212943,0.8191059005944783,0.2779024756481104,0.22779495598553012,100.0,1:1_SYMMETRIC
1436,375,0.2703643133228672,0.914370824497304,0.013683453720532908,0.027438096772186782,100.0,1:1_SYMMETRIC
1437,246,1.1515719392173547,2.4336653519219564,0.1560545191976922,19.773721636118125,57.602221093046005,1:1_SYMMETRIC
1438,637,0.18959287227177218,0.2689933827570208,0.11019236178652356,0.12795124032737704,87.94824793322631,1:1_SYMMETRIC
1441,1434,2.494757798456146,29.975122066682616,0.17245930413428512,14.57584774099513,72.90806812377197,1:1_SYMMETRIC
1442,784,2.107764137509168,3.7229361605582465,0.25785720545447366,1.0870510572624994,100.0,1:N_SPLIT
1442,760,3.6082481762236913,4.434111795560817,3.017286357069664,13.884317904413138,100.0,1:N_SPLIT
1442,759,5.922010349536514,7.336604552194339,4.434111795560817,25.77187237760012,100.0,UNIDIRECTIONAL_PARTIAL
1442,797,13.206871532489531,19.445062011169462,7.336604552194339,14.784825136171548,100.0,UNIDIRECTIONAL_PARTIAL
1443,1959,6.04440085123907,8.851347887882124,2.2123922918933867,9.785218567109638,59.82750933664435,1:N_SPLIT
1443,1961,11.67916222369624,19.42346962121873,3.9348548261737513,10.789819603851726,100.0,UNIDIRECTIONAL_PARTIAL
1447,767,2.251103550480583,2.332161335493182,2.170045765467984,0.28893980569137057,100.0,1:1_SYMMETRIC
1448,681,2.3862047797833257,2.9186719090190376,2.1002732836373923,0.37033199230302216,100.0,1:1_SYMMETRIC
1449,2191,0.4094757513219017,2.1139400642811137,0.0019094717552450083,0.14219375033667347,100.0,1:1_SYMMETRIC
1457,837,16.516203111836244,25.590261374217356,1.7734158422305706,7.046410133276652,79.24722558881962,CONFLICT
1458,1837,7.4132567737835755,13.250639721941372,4.725252955403388,4.445050065823921,100.0,1:1_SYMMETRIC
1459,412,0.2626220816747206,0.6646663481201428,0.06150581139920482,2.4713517977988033,100.0,1:1_SYMMETRIC
1461,346,3.9003316849908605,13.336778668262204,0.26820288704344125,24.912989323969327,100.0,1:N_SPLIT
1461,353,4.1548817424254745,7.253553666944236,2.082396241663477,1.4996661655301295,100.0,1:N_SPLIT
1466,2050,1.742198596826138,4.188286889919082,0.20359099228192956,1.7231802565570433,100.0,1:1_SYMMETRIC
1468,2482,7.048776647575258,9.076645910543949,4.566879569638433,7.106238581233583,100.0,1:N_SPLIT
1468,2483,13.65978408421624,36.053697980762664,0.9706494341543281,10.791554789962333,78.99858696407115,UNIDIRECTIONAL_PARTIAL
1472,1345,3.3257732805219553,4.296887767363362,2.97623242946379,8.765752087149991,100.0,1:N_SPLIT
1472,1347,4.052428641534908,6.367773926703468,2.7239215870679083,27.1235194623888,100.0,UNIDIRECTIONAL_PARTIAL
1474,266,3.207183071594995,7.381980326278599,1.749701949891903,18.932085494649186,100.0,CONFLICT
1474,1629,17.208009877469397,17.575578678259255,16.628198801716852,6.99762984585152,100.0,UNIDIRECTIONAL_PARTIAL
1478,1127,2.491590745759081,2.867864497337879,2.2368679041960897,1.4903438235880913,84.30892154526212,1:1_SYMMETRIC
1480,686,0.7703691294776975,1.1169484654270756,0.05557221496109288,2.98366710580666,100.0,1:N_SPLIT
1480,988,17.71305095039969,24.821796569507914,10.604305331291464,20.226106025980528,100.0,UNIDIRECTIONAL_PARTIAL
1483,1830,4.343422615753115,5.813528755052595,1.8915757756227023,24.124680538946564,100.0,1:1_SYMMETRIC
1484,496,22.709101642342407,23.977970195825012,20.22391155650527,18.69402507009511,100.0,CONFLICT
1494,1882,0.7991386613207864,0.8260738433797642,0.7722034792618085,0.9229552304760205,100.0,CONFLICT
1498,1892,0.5642728927949183,0.8887025907219649,0.23984319486787184,0.4696799151717528,50.17884445475643,1:1_SYMMETRIC
1508,381,0.2819244756732173,0.4596361455800474,0.0618513848675549,2.839003596833777,100.0,1:N_SPLIT
1508,382,0.28574630461305456,0.41744591154697464,0.017497843707293917,0.010311094813744148,100.0,1:N_SPLIT
1508,380,0.39254132520604673,0.39570582388167,0.38937682653042344,5.3524384249960235,100.0,1:N_SPLIT
1508,383,5.802208966106323,45.093085866753,0.017497843707293917,3.646395160795919,89.59804405754946,1:N_SPLIT
1509,1248,0.6096559073682182,0.8012957834651919,0.3617063649658694,4.7424730584376675,100.0,1:N_SPLIT
1509,1245,0.7726125247921223,1.622531497646279,0.07223330100761517,0.4280055919867891,100.0,1:N_SPLIT
1509,1263,0.7882698652832445,0.8012957834651919,0.775243947101297,1.7679274749464753,100.0,1:N_SPLIT
1509,1251,12.416888237707147,34.03567374622034,1.5924594692548213,0.6953274291315097,74.2303007081454,UNIDIRECTIONAL_PARTIAL
1509,1206,19.63891031307644,46.50576738229835,0.775243947101297,9.477196987203286,54.294403666378834,UNIDIRECTIONAL_PARTIAL
1510,1255,3.226260381992361,3.3991493596904814,2.9201698450716336,0.4714191687486391,100.0,1:N_SPLIT
1510,1256,8.912403457279032,20.82693900979124,2.9201698450716336,2.7690322816074513,100.0,UNIDIRECTIONAL_PARTIAL
1511,359,9.824872889925889,12.205016704881015,8.257642237470504,4.587383003653827,77.25696659687907,1:1_SYMMETRIC
1512,1996,3.2131415906475986,3.5956895609503103,2.9213868287359093,0.3209658929985153,100.0,1:1_SYMMETRIC
1513,2197,0.6320603598235848,1.83689120643777,0.11268403598371621,6.7136792464614246,50.963222135826534,1:1_SYMMETRIC
1514,1668,0.8775953320429398,2.4366002872776034,0.058623419338022544,1.6634897684150474,95.70689541732929,1:1_SYMMETRIC
1515,37,0.7186587958290505,2.35488248606716,0.0326710613066805,1.052846658186695,100.0,1:N_SPLIT
1515,35,1.3237155020341076,1.8761101740915402,1.0386702493851396,12.074575935019254,100.0,1:N_SPLIT
1515,50,2.3837202399596835,2.5593704213843775,2.2080700585349895,4.0461471596793785,100.0,1:N_SPLIT
1517,856,3.0381210150999958,4.775889763088224,0.6661719135954368,12.432858523327013,100.0,1:N_SPLIT
1517,858,3.203111836228286,4.635627055709746,2.3918457417968413,6.197445699687648,100.0,1:N_SPLIT
1517,859,3.303329089795409,5.0674012582676955,1.1820399029049333,5.8997379200731075,100.0,1:N_SPLIT
1517,857,4.672971898573271,4.710316741436796,4.635627055709746,7.860789850635626,100.0,1:N_SPLIT
1518,1551,0.7817698104108349,1.3430512558678518,0.29482204675610035,0.6828264160745334,100.0,1:1_SYMMETRIC
1519,1467,1.2161344997073467,2.3433936569583547,0.4329628656033364,0.3157717296774081,100.0,1:1_SYMMETRIC
1520,1508,2.6409876046442773,4.040539779110365,0.601884553045247,3.0949285755690426,74.78712695986243,1:1_SYMMETRIC
1521,1508,3.5957492079038786,4.527305069011079,2.664193346796678,6.742527497749165,66.08616530210352,CONFLICT
1522,1214,2.3794970997638276,3.278583573210198,0.9610552827021897,0.08561154995464904,100.0,1:1_SYMMETRIC
1524,2074,0.7270433292731677,1.7982307119143948,0.009928726190257142,0.021737645837106356,100.0,1:1_SYMMETRIC
1526,1942,1.1088430049226938,2.1235098931373453,0.4002330427441132,0.8343633068579379,100.0,1:N_SPLIT
1526,1940,17.18104289813067,44.76505020678735,1.9382054180078319,1.5617535928672623,57.1460424858377,UNIDIRECTIONAL_PARTIAL
1527,1922,2.310906019472674,5.230733188446185,0.3652878857707648,7.027961242898272,64.33164066948525,1:1_SYMMETRIC
1529,1002,0.622879555030964,1.1095899599931576,0.1406421748538033,6.050419458416002,100.0,1:N_SPLIT
1529,2182,7.971504075409489,19.50039828993479,0.7881023900696691,10.873767685988412,100.0,1:N_SPLIT
1530,2201,0.7108538214211749,1.6202554558981974,0.014568812418073559,0.6805841883605694,100.0,1:1_SYMMETRIC
1531,1789,2.994626877561732,3.1458553242433243,2.8573100092962154,0.06367312612604792,100.0,1:N_SPLIT
1531,2506,12.676015485002834,31.88504132514927,2.997149805615904,2.3397420350448783,80.41355336751398,UNIDIRECTIONAL_PARTIAL
1532,792,18.47253070147166,39.74803312639106,4.944150602752344,3.816610002545019,57.97704454055058,CONFLICT
1533,211,2.705406805794229,4.101702291572517,1.2839001814004407,2.6161128054617393,88.3748275666928,1:1_SYMMETRIC
1534,1480,0.37922379801737927,0.8148137783491315,0.10125592941682307,2.5253141577637166,89.16842719814586,1:1_SYMMETRIC
1535,2501,1.6984227966248182,3.7189984148204305,0.6296554375729463,0.7745090982751321,100.0,1:N_SPLIT
1535,2503,5.3683114750596825,8.679659460882089,2.056963489237276,0.6481467806927981,50.25167680764846,UNIDIRECTIONAL_PARTIAL
1536,266,1.586303060375332,2.010434102385511,1.347142139880012,9.666169052807959,100.0,1:N_SPLIT
1536,525,10.339453549837962,13.19235542570983,7.539086392853751,15.787939506029034,84.06412005381159,UNIDIRECTIONAL_PARTIAL
1538,860,1.9686167611395042,2.824972685937864,1.1122608363411446,5.726293003052717,100.0,1:1_SYMMETRIC
1539,1471,2.2254144842031125,3.3900319171822737,1.2597329882402937,0.5815794058656252,100.0,1:1_SYMMETRIC
1540,2352,1.3160151280143908,2.9346145328061315,0.4983545300587004,0.6554077168244703,100.0,1:1_SYMMETRIC
1541,791,13.606286706347909,23.319194255014164,0.45787801081088475,10.947228720890337,90.62024252191226,CONFLICT
1541,790,19.637607608970004,19.70620525366492,19.575341954911814,4.896870459086529,100.0,UNIDIRECTIONAL_PARTIAL
1542,1652,3.3580669341560476,3.746236107488669,3.124750697715458,0.125794260056864,100.0,1:N_SPLIT
1542,1651,3.3796281787102016,3.3823375330222176,3.376918824398185,0.12746061291915112,100.0,1:N_SPLIT
1542,1649,8.007043473620914,19.762670680385057,3.3823375330222176,3.4909920815093756,100.0,1:N_SPLIT
1543,870,1.3668250061224108,2.100141780415559,0.1115664069195695,3.6007203551397993,100.0,1:N_SPLIT
1543,2059,24.39510066152447,25.08648630304354,23.7037150200054,19.81889039377438,93.06578992476365,1:N_SPLIT
1544,186,1.1201642203081401,2.6933979549457776,0.1170602502309152,0.7050597478395275,100.0,1:1_SYMMETRIC
1546,1859,1.6553045977010032,1.8662057855144225,1.3777675309703898,7.021630347689097,100.0,1:N_SPLIT
1546,1858,3.5244484650584793,5.397799140200761,1.8662057855144225,7.031340168021728,100.0,1:N_SPLIT
1547,945,1.1835717786000182,2.3889860976075825,0.2007760102046912,0.14082340969156348,100.0,1:1_SYMMETRIC
1550,2300,3.419298002524575,6.72779731983396,0.3248547236416653,0.8645446721073426,100.0,1:1_SYMMETRIC
1551,2094,4.200122740042032,5.120803379255548,2.6863450712769334,1.0508506057512363,100.0,1:1_SYMMETRIC
1555,527,0.4315332553372523,0.43162735747462955,0.431439153199875,0.012964872927284432,100.0,1:N_SPLIT
1555,484,0.44197494849200436,0.45232253950937923,0.43162735747462955,0.015695753444219918,100.0,1:N_SPLIT
1556,1291,1.120529807716488,4.76186669400853,0.18770038203355166,0.10394483091414486,100.0,1:1_SYMMETRIC
1557,2368,0.9984510050909672,1.8473780436372516,0.14952396654468292,5.995653427132709,100.0,1:1_SYMMETRIC
1558,2411,0.3992729546374041,0.624598385642078,0.03135958713231847,0.09469341386278529,100.0,1:1_SYMMETRIC
1559,1254,1.6895418147861467,3.3503314623573495,0.5270974408110117,1.9918935175731178,100.0,1:N_SPLIT
1559,2290,15.148698398108179,27.562055219557344,2.7353415766590152,22.201557442056497,89.60963622290629,1:N_SPLIT
1560,1233,0.5882216466989946,0.9409363264889521,0.08154804470093792,1.0265604008853302,100.0,1:N_SPLIT
1560,1228,0.9300294011487731,0.9354164917389711,0.9246423105585749,2.325774938523068,100.0,1:N_SPLIT
1560,1230,0.9373308356762874,0.9392451796136037,0.9354164917389711,2.324327138233116,100.0,1:N_SPLIT
1561,1304,0.974135130903138,1.8615476659256227,0.18465142965149642,2.057056288456181,83.94334647833351,1:1_SYMMETRIC
1562,1325,6.712706253926136,11.954660598800467,1.1070419878139541,3.136720845238699,96.99787178465188,CONFLICT
1564,845,16.63214234141736,40.132972369389705,4.877596248294919,0.24417698537314436,62.23177895878912,CONFLICT
1565,287,1.4680457418803725,3.8988258170505925,0.009808974543608382,2.7410969410130974,100.0,1:N_SPLIT
1565,288,4.049070485733733,4.309585360356358,3.8988258170505925,2.742153751671026,100.0,UNIDIRECTIONAL_PARTIAL
1565,284,4.873567810319803,11.15667569115442,0.4955024340469165,3.4224137137850903,100.0,1:N_SPLIT
1566,2532,1.8352433671445192,3.873247897753347,0.10807825163007179,1.0134245489742852,100.0,1:1_SYMMETRIC
1567,1474,5.097726504037006,7.71965821079248,0.18898932522343617,2.8680331418508445,100.0,1:1_SYMMETRIC
1569,1380,24.107671825871208,25.872217570601162,22.343126081141254,14.243812457336162,72.80051498538288,CONFLICT
1570,1,1.224217175716281,2.099268102714972,0.2797310616323847,26.652593793668302,78.08495048223004,1:N_SPLIT
1570,22,21.197874360093632,36.07789687912025,4.975329869655574,27.168283874014833,64.51255049942945,UNIDIRECTIONAL_PARTIAL
1571,2315,3.1919017294384386,8.360977368226996,0.27358499373937456,5.5439875549217845,72.70403787733916,1:1_SYMMETRIC
1572,2336,1.1444739348218662,2.147439959637279,0.1687379911522246,1.9274042139799121,100.0,1:1_SYMMETRIC
1574,964,1.5943847328568748,2.4939539440938243,0.3089040421972456,0.03236825119057585,100.0,1:1_SYMMETRIC
1577,201,2.7612595932096866,2.7721020639535405,2.750417122465833,0.5002461224976287,100.0,1:N_SPLIT
1577,202,4.73234622258442,11.371643000016174,2.283644283762269,0.2567879705560472,100.0,1:N_SPLIT
1579,990,1.2314261057492324,3.10862110014113,0.09951439817373206,0.5305940175231854,100.0,1:N_SPLIT
1579,989,6.527771957511099,13.34579470372573,3.10862110014113,1.073943000069562,100.0,UNIDIRECTIONAL_PARTIAL
1582,2009,3.961478467055114,4.6678600028229145,3.4839005125991753,2.54426500485971,100.0,1:N_SPLIT
1582,2010,15.766522568811807,27.149930542387423,7.279994160742765,2.5428464221164973,67.18653895676623,UNIDIRECTIONAL_PARTIAL
1583,1636,1.255497138954216,2.2469351253085343,0.39763099542925223,1.2992789605074222,100.0,1:1_SYMMETRIC
1584,634,1.9444990103920123,2.45460343376323,1.5809754207773679,0.4126325725733295,100.0,1:N_SPLIT
1584,633,2.4639406520484464,2.4732778703336624,2.45460343376323,0.4111844586654456,100.0,1:N_SPLIT
1584,632,2.989155566446559,3.4832443068923227,2.4732778703336624,0.4117811908560043,100.0,1:N_SPLIT
1586,969,4.044898342847864,4.605217751669326,3.4845789340264024,1.1347521353068828,69.43526958362159,1:N_SPLIT
1586,2009,15.318607886416165,27.149930542387423,3.4872852304449085,1.634882733155564,91.75751888229206,UNIDIRECTIONAL_PARTIAL
1587,2285,0.600435032439557,1.5916677279289568,0.142808772320583,0.44980353995816813,100.0,1:1_SYMMETRIC
1591,888,1.5216656173099958,5.070838532902313,0.057854196855220516,5.0055578158054175,91.20936244716434,1:1_SYMMETRIC
1595,679,1.7333138798723862,1.9923315451771038,0.6849641233236287,1.6985333349453526,100.0,1:N_SPLIT
1595,677,1.997835561351908,2.5789124777139425,1.5375494448830351,5.682816550132827,100.0,1:N_SPLIT
1595,681,15.12261143699459,41.28070568110722,1.9868553462391598,2.4836697393565146,69.92150401909505,UNIDIRECTIONAL_PARTIAL
1596,631,7.110477722083597,8.91577071502578,5.813501104948829,4.176982491500496,72.23053816267199,1:1_SYMMETRIC
1597,635,1.3880752181743512,1.5873075697327335,1.204678209056905,0.16427412660266327,100.0,1:1_SYMMETRIC
1599,769,3.3161275400924977,4.117206293042917,1.5427867875046986,0.11558534539224752,100.0,1:N_SPLIT
1599,768,4.1649068656261985,4.290415867791174,3.9476837642380698,12.723836535536037,100.0,1:N_SPLIT
1599,1977,15.473287561132894,31.124191130538218,4.290415867791174,4.773208523985687,79.50587052622531,UNIDIRECTIONAL_PARTIAL
1600,223,2.1893730639749305,3.1910182598519015,0.1930270771460796,1.3315740650577084,100.0,1:1_SYMMETRIC
1603,457,0.5982980643968476,2.4154562188783744,0.07044418311384706,16.577690583255674,100.0,1:N_SPLIT
1603,357,1.8780107045982146,8.8291395178644,0.181299379851643,8.581285868324244,100.0,1:N_SPLIT
1603,2266,16.94481120390454,50.12208194695528,0.28146670094931586,3.7439857909747047,58.8164440699575,UNIDIRECTIONAL_PARTIAL
1607,593,10.50135170071525,16.18978161703312,4.812921784397384,2.2912915648307717,100.0,CONFLICT
1608,862,2.5945070517993316,6.836309454862133,0.061443670240404445,16.95156168807256,86.93451140219007,1:1_SYMMETRIC
1609,1986,2.9667941394843997,3.3810795328541614,2.552508746114638,2.4298504949102835,100.0,1:1_SYMMETRIC
1611,1790,3.197436172660488,8.236187662145058,0.1301721186402736,7.14699754702383,91.46740956592107,1:1_SYMMETRIC
1613,777,2.937361781713106,4.077709984170504,2.502475596474961,11.49023055441603,100.0,1:N_SPLIT
1613,776,3.940490396065544,15.444661924919306,1.7097819746553449,1.7481556190571155,62.87920512329386,1:N_SPLIT
1613,1979,17.36253519373822,41.675608931443186,4.065017439047055,5.461236991071473,60.20436151804809,UNIDIRECTIONAL_PARTIAL
1615,2048,3.059573882634747,6.190881001832117,1.4601355032851266,1.1663971352047042,63.40460669419088,1:N_SPLIT
1615,2049,5.135266941594696,7.36273582132224,3.8462410991932523,4.270762597886176,100.0,UNIDIRECTIONAL_PARTIAL
1615,1816,12.557588002023747,17.752440182725255,7.36273582132224,5.628685626502943,100.0,UNIDIRECTIONAL_PARTIAL
1616,880,0.8337054528607096,1.0800607579083237,0.38071902077962594,2.051297921152127,59.98373948651611,CONFLICT
1621,1358,1.3705601574480986,2.4241358010583953,0.41301455973316675,0.730219339100131,100.0,1:1_SYMMETRIC
1624,1356,1.0709360984614857,1.7453482919142933,0.10732826295972905,0.5781040266469972,100.0,1:1_SYMMETRIC
1625,416,7.353594042420646,15.057796378915807,3.8336750383631824,4.544105837465111,100.0,1:1_SYMMETRIC
1626,1435,1.936431350574341,2.540435689096554,1.339286336675379,0.5770092522956247,98.14582755917057,1:1_SYMMETRIC
1629,1262,10.809052745118688,16.017100227245926,5.601005262991448,1.380989730067597,50.14451127936225,CONFLICT
1631,461,1.574012268020356,6.83760901825475,0.19718465910146463,0.9359254136728055,100.0,1:1_SYMMETRIC
1632,1312,2.0790781274563828,4.489160125870336,0.32777586120568175,3.502674182295607,82.89571646398677,CONFLICT
1632,1314,8.079627830700028,11.67009553552972,4.489160125870336,22.818773979931905,100.0,1:N_SPLIT
1636,663,0.4113788758756141,0.8515084064761007,0.03459865278517748,0.7305594260018324,100.0,1:N_SPLIT
1636,1902,12.989688187774947,18.62098172220428,7.358394653345613,20.813298150135893,100.0,UNIDIRECTIONAL_PARTIAL
1637,954,0.7121546492316602,1.6885635307793008,0.28329461733047967,8.805894524587075,72.98534409363914,1:1_SYMMETRIC
1643,320,4.489660175441772,4.856617882354579,4.159846069379611,5.770241023444953,100.0,1:N_SPLIT
1643,321,4.924540472844843,4.992463063335107,4.856617882354579,15.258786581298352,100.0,1:N_SPLIT
1643,322,5.321797424259576,5.742114117675095,4.992463063335107,15.256676278741736,100.0,1:N_SPLIT
1643,312,14.2825626663702,25.101918385122186,3.8816460814940648,25.151654057411974,99.49078938348482,UNIDIRECTIONAL_PARTIAL
1644,904,0.9089683603343034,1.856631726268658,0.153674051548342,0.6108062287491975,100.0,1:N_SPLIT
1644,920,14.823323036346181,29.820973630001223,1.8552958255261094,0.31344154492160214,83.98205464993809,UNIDIRECTIONAL_PARTIAL
1646,1150,16.883232809498896,27.36874295867391,6.179374868657019,14.0171143179399,91.46839452600413,CONFLICT
1661,409,0.6320952750173435,10.034977651020832,0.0022963839589704993,0.29108255123173876,99.90854062740695,1:1_SYMMETRIC
1663,578,3.563264290994096,5.185326425585167,1.934442125803575,27.70319146691338,50.732760619900155,CONFLICT
1663,579,5.489765569228677,9.38869214395009,3.510580242142392,0.8990065717856623,100.0,UNIDIRECTIONAL_PARTIAL
1664,578,1.499514429728899,7.131593984482597,0.020948482034558222,2.916917392184473,100.0,1:1_SYMMETRIC
1665,569,0.6913205945941814,0.7469625739574932,0.6356786152308695,5.915855012064526,100.0,1:N_SPLIT
1665,572,1.4244953434822738,2.2142042417675314,0.7469625739574932,8.260020570635845,100.0,1:N_SPLIT
1665,576,2.5498592176118806,5.397025220546923,0.00024110712340467985,13.32065319851489,100.0,1:N_SPLIT
1665,574,3.481526131420917,4.733839665245727,1.482267959375094,1.2148515673313227,100.0,1:N_SPLIT
1665,580,18.485113309782335,36.10443801082821,0.9562083648468136,19.359844644015197,58.32392859765062,UNIDIRECTIONAL_PARTIAL
1666,393,0.44296692292881407,0.5482903912768463,0.3376434545807818,0.3912431579090594,100.0,1:N_SPLIT
1666,392,1.7618708559621694,4.553610376056342,0.18371180055332031,2.3059388538265466,100.0,1:N_SPLIT
1666,379,16.28797330841694,28.02233624077754,4.553610376056342,0.6299193430299397,87.0791452472866,UNIDIRECTIONAL_PARTIAL
1667,394,0.5623337839477079,1.4761270571556617,0.11535608247842707,0.10525771789872351,100.0,1:1_SYMMETRIC
1668,922,1.875626873650578,4.38798903955901,0.8154444330131867,3.64874050275273,100.0,1:1_SYMMETRIC
1669,340,0.7561871198721006,1.3762666145797122,0.1842592082330656,0.13153980906162133,90.14548819223458,1:N_SPLIT
1669,341,9.47104431570166,25.992287944341435,1.2091605403130465,4.285275769498867,96.15609821899658,UNIDIRECTIONAL_PARTIAL
1670,352,0.47319815662082454,0.48009197260200104,0.466304340639648,0.3549951279258039,100.0,1:N_SPLIT
1670,351,1.0983244509666679,1.3300497377573153,0.48009197260200104,0.3270751819245561,100.0,1:N_SPLIT
1670,341,1.2995549703240306,1.3762666145797122,1.2091605403130465,0.06652358866278973,100.0,1:N_SPLIT
1670,405,24.59371572554041,197.5279642954522,0.13551956997200473,0.2785097757154631,77.56657194021716,1:N_SPLIT
1671,606,0.2249761711375814,0.3675588180604597,0.057346619912096365,7.8825189244648755,100.0,1:N_SPLIT
1671,607,0.36693304349129846,0.5544136400510736,0.2709492863037284,8.613777635047427,100.0,1:N_SPLIT
1671,604,1.2004427434417777,56.98782693950467,0.0007162784879489897,1.3547307418754713,98.43320794953694,1:N_SPLIT
1671,610,4.5754226706306635,16.809298936235788,0.3721676616879654,8.885172911660561,100.0,UNIDIRECTIONAL_PARTIAL
1672,1684,6.060185476425115,6.270897524643469,5.826728553343765,3.355257919238568,100.0,1:N_SPLIT
1672,1685,8.137101995043711,12.61685952530102,5.698263538781282,16.451636737128013,100.0,1:N_SPLIT
1673,32,1.1542422938805275,2.1165514089033275,0.014692318055175794,0.20428305757559428,63.64949816064281,1:1_SYMMETRIC
1674,1860,2.2974528210472513,4.235528449552405,0.35937719254209777,5.179463105577383,100.0,1:N_SPLIT
1674,1503,2.6239266413108133,4.235528449552405,0.3086515870291313,7.84629367486184,100.0,1:N_SPLIT
1674,121,12.131741654608064,35.74656152448521,0.3086515870291313,15.746451801238663,69.94585512913734,UNIDIRECTIONAL_PARTIAL
1675,391,0.08356656704935789,0.09497042706557463,0.07216270703314114,0.4385112704762264,100.0,1:N_SPLIT
1675,395,0.09050818790626064,0.10885366877938014,0.07216270703314114,0.27203349039513114,100.0,1:N_SPLIT
1676,1247,0.6404647126338382,0.9313802820616389,0.3762844900752517,12.372953119504928,83.96716015821899,CONFLICT
1677,2489,0.7366391010531259,0.9542389118053207,0.5195933874007238,0.4136175581260204,100.0,1:1_SYMMETRIC
1678,788,2.3998435689172664,4.0310144837922905,0.8025300119788377,3.279287677588229,100.0,1:N_SPLIT
1678,789,5.368433157106882,36.79545476534745,0.8025300119788377,12.866000052721574,83.30053676695125,1:N_SPLIT
1679,2410,0.8908258106228296,1.3927446278062978,0.1437322877419756,0.24762305504987125,100.0,1:1_SYMMETRIC
1680,121,3.9324585212152185,18.537225532439663,0.110223970735476,8.94815831105592,100.0,CONFLICT
1682,39,2.5129822209040165,3.507104755586745,1.6560293590009267,5.343271208298006,100.0,1:N_SPLIT
1682,38,5.724884026406497,13.35643011930801,1.5377150042507648,0.526244178271952,100.0,1:N_SPLIT
1682,337,12.102606129971965,21.63092179338313,2.221344629007393,21.081192403513455,100.0,UNIDIRECTIONAL_PARTIAL
1684,1462,1.1001326719256763,1.1066805837583285,1.093584760093024,1.9036955483960583,100.0,1:N_SPLIT
1684,1463,1.9087676549932213,8.943141407877677,0.07369537087695581,2.318541331566337,100.0,1:N_SPLIT
1684,1461,2.9197856916112324,4.599507177581714,1.1066805837583285,0.7249232685110769,100.0,1:N_SPLIT
1685,1935,0.0049030323025672316,0.009107506042638684,0.0006985585624957791,3.898241833746283,100.0,1:1_SYMMETRIC
1686,1825,0.6668917448675706,0.7593777740822965,0.5744057156528447,0.09449410550928405,100.0,1:N_SPLIT
1686,1824,0.7574256505096018,0.7604283817068411,0.7524707957396677,0.16895479374301203,100.0,1:N_SPLIT
1686,1823,1.4012796408555224,3.935088422044412,0.3838806836703079,0.6195605419285357,100.0,1:N_SPLIT
1686,1635,9.242059524362158,14.549030626679905,3.935088422044412,0.05525708386903716,100.0,UNIDIRECTIONAL_PARTIAL
1687,656,0.3947079470865055,1.1279576850758666,0.05441761223665827,3.2987075341000036,87.37000097608433,1:1_SYMMETRIC
1688,2413,0.4212051442362319,0.6574611259921677,0.12346809294027629,0.056116682980700716,100.0,1:N_SPLIT
1688,2415,4.9547586972983,18.341559747173914,0.6574611259921677,3.0467125025792825,100.0,UNIDIRECTIONAL_PARTIAL
1691,1012,5.6668867935577545,5.698754816442501,5.635018770673008,0.32033299098412726,100.0,1:N_SPLIT
1691,1011,5.706898534597159,5.71100870638505,5.698754816442501,0.32129952205309564,100.0,1:N_SPLIT
1691,292,8.157631857398762,13.066912769107615,5.635018770673008,4.494308774460023,100.0,UNIDIRECTIONAL_PARTIAL
1691,262,11.764393799648479,41.804400320262175,5.256743749776081,0.6340341865283676,82.7784855436004,1:N_SPLIT
1693,150,1.0961701491367992,1.4565147567646082,0.7358255415089903,0.9248691871766823,62.549489532627724,1:1_SYMMETRIC
1694,1541,3.0931488961841342,11.320417841436305,0.17767727122721932,7.953961343959179,100.0,1:1_SYMMETRIC
1695,97,2.110043740014967,3.076875316273204,0.9809031922782514,0.05312678608817123,100.0,1:1_SYMMETRIC
1696,334,3.6995198748581224,21.342452974688875,0.23650779224942828,12.403565390222184,100.0,1:1_SYMMETRIC
1698,2303,0.10142327521381693,0.3019694030655977,0.0002135472446520167,12.501694119315346,100.0,1:N_SPLIT
1698,2304,1.8988829004875845,4.0150492365944705,0.0002135472446520167,2.6448476276217434,100.0,1:N_SPLIT
1699,1635,1.2313485743756187,2.287846093203632,0.17485105554760527,0.24494549216922223,100.0,1:N_SPLIT
1699,2160,2.427804207555586,4.560401184603102,0.12819616817886373,1.2402043969963756,100.0,1:N_SPLIT
1699,2012,14.278239737196973,85.1460705761804,0.33362215735550627,0.7059856090601784,87.28608680458129,1:N_SPLIT
1701,1640,1.1391353720478177,2.992612483281145,0.04604672759369671,0.09931887122081662,100.0,1:1_SYMMETRIC
1702,2037,1.0005056671576158,1.405844471855987,0.19675031204865912,0.14430256082493997,100.0,1:N_SPLIT
1702,2130,1.2577229007826063,1.3122081342907104,1.2032376672745022,4.5409376514226665,100.0,1:N_SPLIT
1702,2117,1.3861817431078498,1.4601553519249892,1.3122081342907104,4.5409136110091595,100.0,1:N_SPLIT
1702,2114,3.4004053681987436,9.634716747547708,0.0016638719229211396,3.1494665770878782,100.0,1:N_SPLIT
1703,385,0.28928294812027916,0.47460214728624495,0.08659870146162485,2.116294263053021,100.0,1:N_SPLIT
1703,386,2.096017231761826,5.961117777796504,0.08659870146162485,0.21525115738774048,56.8946378294525,1:N_SPLIT
1703,384,11.006708847683898,21.53881554808155,0.47460214728624495,0.22638624425485432,100.0,UNIDIRECTIONAL_PARTIAL
1704,2248,0.5883111607889366,1.1159275194054226,0.19218990049000317,0.3687839250827665,100.0,1:N_SPLIT
1704,2236,9.014956369532804,25.34854746908226,0.7678166727538116,12.459255683215531,98.56599782017132,UNIDIRECTIONAL_PARTIAL
1705,1905,3.039851249539325,3.2971078070605833,2.6991183536374432,12.789934477367808,100.0,1:N_SPLIT
1705,1995,13.114710393385218,22.932312979709852,3.2971078070605833,12.732855904264454,100.0,UNIDIRECTIONAL_PARTIAL
1705,1906,17.598371304723248,80.06517583290632,1.261363910909271,12.795914771913601,100.0,1:N_SPLIT
1706,2217,4.507361236070887,6.634563123509592,0.9000992593113925,5.4582941282024535,100.0,1:1_SYMMETRIC
1707,1034,2.358512817519665,3.5849174669876227,0.665429787926801,4.050585945593525,100.0,1:1_SYMMETRIC
1708,1285,2.1259932489139666,3.01287906294945,1.458130109291163,0.9397054256054957,100.0,1:N_SPLIT
1708,1287,3.6400071695068763,7.762622180618826,1.458130109291163,29.739651787759556,100.0,1:N_SPLIT
1708,2448,7.335422927232386,18.848510552441326,1.458130109291163,24.160068397959662,79.61511696075104,UNIDIRECTIONAL_PARTIAL
1711,2212,0.602288335777027,1.6567174322394966,0.005976010704267273,0.05100910608507547,100.0,1:1_SYMMETRIC
1714,942,0.6405872518361265,0.9661093671821607,0.3458148075079906,8.501068820304567,100.0,1:N_SPLIT
1714,944,5.642675678316153,25.062562629804397,0.009799203879440131,25.291738376965043,80.08117420998926,1:N_SPLIT
1714,855,20.38180912447285,37.294210492470064,0.5119285151551878,15.348836243860092,60.03886969640148,UNIDIRECTIONAL_PARTIAL
1715,845,4.957970374886233,5.044643427837967,4.885858406567454,0.23786518344553542,100.0,1:N_SPLIT
1715,851,5.049188216736804,5.053733005635641,5.044643427837967,0.23545868533614112,100.0,1:N_SPLIT
1715,852,7.067476436768348,9.023351299766762,5.053733005635641,0.7702788704535237,100.0,1:N_SPLIT
1716,1216,1.2421688600260814,2.109198133808896,0.6519636939750955,0.6799064353006656,100.0,1:N_SPLIT
1716,2245,6.594225825803147,15.826138268706496,1.8473410748940517,9.550620294060025,100.0,UNIDIRECTIONAL_PARTIAL
1717,282,1.0083121198997946,2.361286936417946,0.4206551527537113,0.2731695224585451,100.0,1:N_SPLIT
1717,263,1.0506572345013783,3.0620756915974052,0.132611501658752,5.2441357609851025,100.0,1:N_SPLIT
1717,265,9.913688290657033,17.3994462605955,3.0620756915974052,16.992543335451558,100.0,UNIDIRECTIONAL_PARTIAL
1718,1561,1.764280517116043,2.57208181304349,0.3658838294406464,1.5987405615514376,100.0,1:1_SYMMETRIC
1719,713,2.8081058545659356,4.729111324065793,1.6760061732118485,0.4408257261915196,100.0,1:1_SYMMETRIC
1720,1930,0.017075615297080012,0.04383509900978233,0.003290987517087415,0.9533482026578213,100.0,1:1_SYMMETRIC
1721,1929,1.903437367369596,4.009395335886564,0.39670501831004873,4.157493177381298,76.12742703187482,1:1_SYMMETRIC
1723,327,1.8192740386681343,4.412606311536297,0.35814662425331395,7.004139559966603,86.2344526847242,CONFLICT
1726,959,1.146117775578236,1.3985900796277213,0.8933015874265248,0.12781462104231878,67.10972744578191,CONFLICT
1727,978,0.9338279331998959,1.308379295822356,0.3202505671501563,1.4177335431446636,55.82469740132725,1:1_SYMMETRIC
1730,2033,2.523240341785062,2.789172696413392,2.190476668143799,2.348421779897393,100.0,1:N_SPLIT
1730,2030,3.7603968050586123,5.147533656077042,2.6161768520116397,24.967384567489148,100.0,1:N_SPLIT
1730,2031,3.854979529784797,5.395081056041336,2.789172696413392,1.1392663048979443,100.0,1:N_SPLIT
1730,2034,7.54690459525798,18.510623968163706,1.9396131494664346,2.123054485531185,100.0,UNIDIRECTIONAL_PARTIAL
1731,2480,1.114429599848885,1.9355939323882863,0.36900297671107435,0.16481639916429458,100.0,1:1_SYMMETRIC
1733,2085,2.0003280915617863,4.064357957252892,0.07703501521432764,2.0787973494907988,100.0,1:1_SYMMETRIC
1734,408,1.4750862397515305,2.2226935588104655,0.20304782089819504,1.355386567707285,100.0,1:N_SPLIT
1734,407,16.37605948402036,17.67915255046101,15.072966417579707,3.1934026518606515,100.0,UNIDIRECTIONAL_PARTIAL
1735,893,0.07781513967867859,0.10870330825365085,0.05431840158186555,0.06085141842305575,100.0,1:N_SPLIT
1735,921,13.280569743537272,29.737701821909145,0.09087730019639638,2.529227082765601,84.68142083660557,UNIDIRECTIONAL_PARTIAL
1735,2107,19.99303380973702,29.535783802543822,12.291638406464491,0.46073871916343023,83.32267901579877,UNIDIRECTIONAL_PARTIAL
1736,896,3.92897055138352,6.099361692562447,2.215141725932203,24.666367047709684,70.27192500883235,1:1_SYMMETRIC
1738,762,4.033821750475578,4.222562515750579,3.6733088078791107,0.1077117878078866,100.0,1:1_SYMMETRIC
1739,1594,1.7750144318320344,3.1571037604083187,0.15808614213650138,0.46671676694847974,100.0,1:1_SYMMETRIC
1740,680,1.9249665753153864,2.4487825519092614,1.6961316045076786,1.4994541748072265,100.0,1:N_SPLIT
1740,678,3.2187398075484435,12.420108121899547,1.478483341269415,9.16233812073051,100.0,1:N_SPLIT
1740,691,7.3628744978559455,17.13800816014447,2.4487825519092614,1.5294343377395876,100.0,UNIDIRECTIONAL_PARTIAL
1740,690,18.27976210350385,19.421516046863232,17.13800816014447,1.5267452143929177,100.0,UNIDIRECTIONAL_PARTIAL
1743,2076,1.2278437917956884,1.8380297574171462,0.35326072547503523,1.8487567288054834,100.0,1:1_SYMMETRIC
1744,568,1.8183819762125915,4.562031146742027,0.033301835817020065,1.0800636998651214,58.9531983198708,1:N_SPLIT
1744,571,9.512741000433591,17.38689662522682,1.638585375640361,4.271110791110914,100.0,UNIDIRECTIONAL_PARTIAL
1747,750,1.0701727831981074,2.78337773246381,0.01982097249810908,0.27749930509236265,100.0,1:N_SPLIT
1747,749,3.727490352384842,10.861750808959775,0.1311052495734796,1.7720572963902441,100.0,UNIDIRECTIONAL_PARTIAL
1747,598,16.026171056700505,29.2689643809372,2.78337773246381,19.04415832080747,84.94497246248616,UNIDIRECTIONAL_PARTIAL
1749,342,0.767808513107741,2.0264258249285536,0.002308335093184167,1.0017506612389866,100.0,1:N_SPLIT
1749,343,11.038394389684427,38.55635025194027,1.399731535536006,5.172775213471141,79.37262834763293,UNIDIRECTIONAL_PARTIAL
1753,1614,2.8933603936692522,5.563018330384535,0.2880824532983966,16.580815092518947,69.25467671092275,1:1_SYMMETRIC
1754,913,2.838667244076247,11.260973355255702,0.7104329054860015,4.045756586398454,100.0,1:1_SYMMETRIC
1755,1846,3.1065621934402796,3.5756078408790106,2.6375165460015486,4.1696034382518405,96.38657352487593,1:1_SYMMETRIC
1758,307,0.021250720313517327,0.038973423101026805,9.832246775884473e-06,25.522117068173884,100.0,1:N_SPLIT
1758,309,0.3859541795419699,2.590160058840397,0.004809683373960326,2.280539240860037,100.0,1:N_SPLIT
1758,1151,3.129289932518072,4.369285983305438,2.428423755408383,8.231958950702165,100.0,UNIDIRECTIONAL_PARTIAL
1760,2063,2.6735978773053275,5.7574511129957555,0.10838606132511007,6.737980011215143,84.05913140434365,1:1_SYMMETRIC
1761,1623,6.425526003713976,19.12966855496081,0.8955534869618769,0.5956593076765557,100.0,1:1_SYMMETRIC
1765,2510,0.12451870145399056,0.23839729915633132,0.010640103751649803,0.0634990089126859,100.0,1:1_SYMMETRIC
1766,338,4.219198174862711,11.162893088162221,0.713082936437734,1.6323281030433918,100.0,CONFLICT
1767,1733,1.6111261727014519,3.5547740948811337,0.05964598843425095,0.049985115266451885,100.0,1:N_SPLIT
1767,1718,1.9053587533848553,2.7674270692028915,0.19633599850388103,0.051201075662987705,100.0,1:N_SPLIT
1767,1715,3.499671421309767,10.113228481883555,0.189449783541865,0.3679923633276303,100.0,UNIDIRECTIONAL_PARTIAL
1768,673,5.25901917521807,5.671766426368921,4.846271924067217,5.926465425094193,58.89543240103401,1:N_SPLIT
1768,1829,7.40100174667914,11.890197906069975,4.715820204959175,21.128423933554927,94.4611986985646,UNIDIRECTIONAL_PARTIAL
1770,472,3.8456156072108976,4.211647769230743,3.150413629454053,8.425582068664994,100.0,1:N_SPLIT
1770,1770,17.116517631807845,22.58564980377959,11.6473854598361,22.645031263255873,74.88130053178179,UNIDIRECTIONAL_PARTIAL
1771,672,3.9960875640641698,5.87264835148773,0.6557615815044047,9.777009831152839,100.0,1:N_SPLIT
1771,671,6.625781770241263,7.378915188994794,5.87264835148773,13.643826186749322,100.0,1:N_SPLIT
1771,665,13.845497536390388,33.509783016410836,0.9290679475252653,7.211149905953903,93.9415626831223,UNIDIRECTIONAL_PARTIAL
1773,957,1.9926545418152806,2.260099735303374,1.699509853748133,0.559442332856861,100.0,1:N_SPLIT
1773,956,2.26824157696368,2.276383418623986,2.260099735303374,0.5631872377804825,100.0,1:N_SPLIT
1773,653,14.791175019323422,98.40678535023208,0.05087516433014923,8.271616086867084,81.99468132926317,1:N_SPLIT
1775,2371,2.145852241719567,2.228150271870687,1.997812036692706,0.2108451921459391,100.0,1:N_SPLIT
1775,2374,3.940162480608413,7.382789119338277,2.2115944165953083,4.533141964283374,100.0,UNIDIRECTIONAL_PARTIAL
1775,2368,11.37503543169936,20.425175604407638,2.3248952589910803,0.4148509162562277,100.0,UNIDIRECTIONAL_PARTIAL
1776,1346,2.0860247759778945,3.59803111524383,1.395812536836638,1.1151434473668473,100.0,1:1_SYMMETRIC
1777,1347,2.741242603864185,2.849534845756481,2.608664446406936,2.741752866924571,100.0,1:N_SPLIT
1777,756,7.223707424509755,12.287585776510108,2.740543774792228,16.32132071138284,51.20051252570054,UNIDIRECTIONAL_PARTIAL
1780,950,4.644382299050302,7.666122596169069,1.6226420019315342,22.280143690581383,58.030649533036815,CONFLICT
1780,942,4.644382299050302,7.666122596169069,1.6226420019315342,11.385297157165098,99.63228318816812,UNIDIRECTIONAL_PARTIAL
1782,1805,9.394852520162415,30.84887924648869,3.969065053682565,0.5136929752969763,89.62327376151481,CONFLICT
1783,1630,4.2153354238521885,6.620936352170947,0.5759477560859521,13.306075829376255,100.0,1:N_SPLIT
1783,1629,9.347936222001135,13.168126673165789,6.620936352170947,11.126469225746064,100.0,1:N_SPLIT
1785,1120,0.9212592180035332,1.3509806899704306,0.7045927741275054,5.068522093830381,100.0,1:N_SPLIT
1785,1122,16.151702680510596,17.907933772195022,14.395471588826172,13.491729589886717,100.0,UNIDIRECTIONAL_PARTIAL
1787,682,2.6655303978326916,3.90531540320892,1.854345766731582,0.8857203998576892,100.0,1:N_SPLIT
1787,685,12.281424379246744,27.858252078617816,3.90531540320892,2.5150809046914446,90.5734934437622,UNIDIRECTIONAL_PARTIAL
1789,920,2.214468387377465,2.39946604084773,1.8552958255261094,0.9927399735946665,100.0,1:N_SPLIT
1789,2108,14.81864172757877,15.844538230924138,14.27731696085824,3.982705775523698,100.0,1:N_SPLIT
1792,492,4.954801837991665,5.627135095172238,4.282468580811093,7.730289182634863,100.0,1:1_SYMMETRIC
1793,2494,1.3682082758204028,2.21242565369219,0.807014693614374,1.2625019835428475,65.35446384570409,1:1_SYMMETRIC
1794,310,0.7457693519257237,1.0747317691427045,0.5689730578237235,21.37120416521327,100.0,1:1_SYMMETRIC
1800,1262,4.268437961598243,5.601005262991448,2.882669719102949,2.6102057948146467,74.99608948003348,1:1_SYMMETRIC
1801,503,0.007672374204145525,0.007897119453184132,0.0074476289551069184,0.38018265672610596,100.0,1:1_SYMMETRIC
1809,312,4.5281891355124175,9.22548425667487,1.2329668743079918,15.770597512568031,100.0,CONFLICT
1809,322,15.119619224464454,17.206873652242447,13.032364796686462,5.875619733897793,100.0,UNIDIRECTIONAL_PARTIAL
1809,321,17.910478211461434,18.614082770680422,17.206873652242447,5.877730036454409,100.0,UNIDIRECTIONAL_PARTIAL
1810,399,0.15568786248945715,0.22434081306703138,0.02515037322602785,0.5739705109706392,100.0,1:N_SPLIT
1810,400,0.17062147565604466,0.42667293585547406,0.04247552053943994,0.08935078132941499,100.0,1:N_SPLIT
1810,378,0.22101056367849264,0.39954560681754536,0.04247552053943994,1.0824827350898545,100.0,1:N_SPLIT
1810,379,7.35968705864457,21.32018660091903,0.35932896819713295,0.9565304652008422,100.0,UNIDIRECTIONAL_PARTIAL
1811,588,1.4790467632903748,3.2585271271285667,0.07812988693888821,1.707988971246948,100.0,1:N_SPLIT
1811,618,1.8540164237174348,1.8650527077149235,1.8429801397199461,11.381596532953836,100.0,1:N_SPLIT
1811,589,20.5696867976417,60.744859265822534,0.07984394075481392,26.866759631094453,69.40120990060701,UNIDIRECTIONAL_PARTIAL
1812,1658,0.6154880758988821,2.8099654642976857,0.029261154861512977,2.514158334754427,100.0,1:1_SYMMETRIC
1813,1663,0.7037160278913265,1.8189316380133251,0.10772923468322476,0.036590592389188714,100.0,1:1_SYMMETRIC
1815,600,3.729998923178177,4.927811542008071,2.4613478546418985,1.166527010129073,100.0,1:1_SYMMETRIC
1816,1605,3.4156285904372226,4.1067839154013965,2.885022974468596,1.8937807989763655,90.62287753947034,CONFLICT
1817,1504,2.8237976023207216,3.9538407853715865,0.2725666954596529,1.678446101141958,100.0,1:1_SYMMETRIC
1818,2349,0.32458564074764895,0.5487692255902179,0.06978349202076285,0.08237121175966422,100.0,1:1_SYMMETRIC
1819,2244,1.659249859965796,3.0903200864510976,0.6490615343799647,1.48008303873155,100.0,1:N_SPLIT
1819,1211,13.147982186558842,19.646569860602728,1.979955858136827,13.140897883867808,100.0,UNIDIRECTIONAL_PARTIAL
1820,2247,1.0512156194120141,1.4399670443589898,0.6608728146866191,0.07565231758394475,100.0,1:N_SPLIT
1820,2251,3.002923770764548,6.123194932314263,1.4427871081588568,2.917754389973595,100.0,UNIDIRECTIONAL_PARTIAL
1821,120,8.260746243152806,23.452302336608412,0.06525446071841062,2.5314787555288945,68.07179385973579,1:1_SYMMETRIC
1824,2418,0.4284506279767273,0.598102207712158,0.22580885292526506,2.0622729188882545,100.0,1:1_SYMMETRIC
1825,1102,0.36165858155523617,1.01738573257938,0.0005232171049747974,0.001692029736375389,100.0,1:1_SYMMETRIC
1826,2498,0.6562597235660003,0.801479943309346,0.4614721436178686,0.29069542560705486,100.0,1:N_SPLIT
1826,2476,0.7091403334440078,0.7124535831172297,0.705827083770786,0.16381395567458412,100.0,1:N_SPLIT
1826,2475,0.7597662401943516,0.7902814197627251,0.7124535831172297,0.162817208321826,100.0,1:N_SPLIT
1826,2474,1.079142142403282,1.6168958477044375,0.7902814197627251,0.16475721614853,100.0,1:N_SPLIT
1827,587,4.294975797901993,4.43228498027063,4.161885531406816,0.40568299096912597,100.0,1:1_SYMMETRIC
1829,876,0.6266319163617515,1.6785090155874782,0.10932190094064151,1.1039832109263443,100.0,1:1_SYMMETRIC
1830,188,3.659858501237305,11.828388666758409,0.117316595093186,1.3683631668961311,100.0,1:1_SYMMETRIC
1831,196,2.1549783948758314,6.044913158033878,0.3513099974538913,0.08210261072679259,100.0,1:1_SYMMETRIC
1832,506,2.458872938144956,2.4595393504116494,2.4582065258782624,0.0430805919309023,100.0,1:N_SPLIT
1832,507,2.9715358849859537,3.986780966953287,2.4595393504116494,0.03838128551410591,100.0,1:N_SPLIT
1832,505,8.719093370360778,15.034799275105975,2.4033874656155785,0.04006707899520734,75.55984752238615,UNIDIRECTIONAL_PARTIAL
1833,1343,1.6571460816822736,2.9415220732002707,0.6415878849430127,0.6646726471218471,100.0,1:N_SPLIT
1833,1345,3.988811761374645,6.367773926703468,1.8656159599749484,17.97988586469117,100.0,UNIDIRECTIONAL_PARTIAL
1833,1347,12.797475720161957,19.62570555777214,6.367773926703468,17.90938568484762,100.0,UNIDIRECTIONAL_PARTIAL
1834,847,0.6009104818358075,0.6533825733380638,0.5184235314463734,0.21247890395915192,100.0,1:N_SPLIT
1834,846,9.820417709808673,37.90748936580303,0.6533825733380638,0.24111336779685644,84.9256646827703,1:N_SPLIT
1835,1048,3.859959424652446,5.9095986454024185,2.515454925433645,1.3275003165091448,53.08837057563019,1:1_SYMMETRIC
1836,832,2.533810567898265,3.021824887212833,1.358467643329533,4.151989989595052,100.0,1:N_SPLIT
1836,833,3.0102987169047175,3.021824887212833,2.9987725465966015,0.015017028686372669,100.0,1:N_SPLIT
1837,2374,2.2808885041561777,2.3884113347061926,2.2261039058916543,1.3260813650791192,100.0,1:N_SPLIT
1837,2375,5.344555600909474,7.382789119338277,3.3063220824806714,1.3264273697529347,100.0,1:N_SPLIT
1838,821,2.309078494812703,2.688335759938404,1.6357715031051947,0.48030157632354076,100.0,1:N_SPLIT
1838,823,5.0644985655016805,11.915714515925295,1.6379327221372948,7.291131532883185,100.0,UNIDIRECTIONAL_PARTIAL
1840,1472,1.7029165104677157,2.826790036905275,1.1886176024891095,0.3264892668643711,100.0,1:1_SYMMETRIC
1841,1087,0.9830197266024966,2.300169436005316,0.030395331781227972,2.852093646692083,76.31064780046208,1:1_SYMMETRIC
1842,2013,0.6080020150929323,0.7098172374824903,0.5061867927033743,2.0273048711194406,100.0,1:N_SPLIT
1842,2014,2.6407613595976382,6.409075189225876,0.7098172374824903,2.0264077783565426,100.0,UNIDIRECTIONAL_PARTIAL
1842,816,12.375981282060101,18.342887374894325,6.409075189225876,0.797576453392594,100.0,UNIDIRECTIONAL_PARTIAL
1842,815,22.47952725714996,25.6997269131855,19.25932760111442,0.7970038678045057,88.67127151087645,UNIDIRECTIONAL_PARTIAL
1843,2317,0.15190060171105912,0.22198242408039146,0.08181877934172678,0.2829060950171538,100.0,1:N_SPLIT
1843,2308,0.2679595068886759,0.3139365896969604,0.22198242408039146,0.79369146151123,100.0,1:N_SPLIT
1843,2316,4.873167582910296,14.460481771374194,0.07720219801496585,0.36969363209743733,100.0,UNIDIRECTIONAL_PARTIAL
1844,1184,2.775537225411933,3.9626130813570764,1.7572399115005521,3.4341003012742704,100.0,1:N_SPLIT
1844,1185,13.740621993484954,39.700385082477524,3.9626130813570764,11.716758946685673,70.02010679747134,1:N_SPLIT
1845,2056,2.1528782762098433,7.352754699201906,0.2993530208030673,2.1677905429986026,100.0,1:N_SPLIT
1845,2055,9.92591138950783,22.841060808406432,2.100141780415559,20.679067073336284,100.0,UNIDIRECTIONAL_PARTIAL
1846,2414,1.074598965408295,2.8705241674263435,0.19293758068513395,3.621619903968451,95.01937370471686,1:1_SYMMETRIC
1847,1807,1.1291817402352184,1.1623223077179774,1.1025301795967803,0.2513632710140996,100.0,1:N_SPLIT
1847,1911,1.4654628316046374,1.7686033554912974,1.1623223077179774,0.25184690431359513,100.0,1:N_SPLIT
1848,694,1.7653944453727164,3.1627948723360793,0.7996108288458013,1.2154737274096874,100.0,1:1_SYMMETRIC
1849,2383,2.323609853766391,2.973482874476558,0.2837767298812903,0.9409937237514328,100.0,1:1_SYMMETRIC
1850,2427,0.9443365136258238,1.5183861410180186,0.4256074149422,0.5180090839131708,90.52348001494913,1:1_SYMMETRIC
1851,951,3.063163582331851,8.349434831990045,0.2523787663213077,21.10915166450161,100.0,1:N_SPLIT
1851,952,14.533110039348529,18.767586724564172,12.411635271581869,27.468732315748355,100.0,UNIDIRECTIONAL_PARTIAL
1851,2137,20.63163217193562,37.19461099166853,2.5789124777139425,12.460966119976035,64.78867691832387,UNIDIRECTIONAL_PARTIAL
1852,1289,2.6557954418956617,5.7278409467049585,0.3708178083074182,3.478372465027121,100.0,1:1_SYMMETRIC
1854,369,16.71452028706706,28.331000061143417,5.098040512990702,9.350012020939403,86.36929096916745,CONFLICT
1855,1582,1.8328568302955757,4.363844934655467,0.21442991872447287,6.056847621655891,100.0,1:N_SPLIT
1855,215,20.944623390729042,48.95834811623354,2.469468432595015,9.441031172538601,61.42401345433688,UNIDIRECTIONAL_PARTIAL
1856,184,2.594007551923104,3.539914546126847,1.1005805762398082,0.319902213137766,100.0,1:1_SYMMETRIC
1857,1945,13.061875889695836,13.883534421706354,11.930291247443023,1.514349127149984,70.15114299222277,1:1_SYMMETRIC
1859,1421,1.8498536893731772,3.6056076271185735,0.0798614233769169,8.101854719312257,93.09736514557243,1:1_SYMMETRIC
1863,1257,2.9351845393417375,5.212460462250066,0.657908616433409,8.365451922127818,100.0,1:1_SYMMETRIC
1864,838,1.0870750204271096,2.3588429382375367,0.31248469647982596,0.7775700856896037,100.0,1:N_SPLIT
1864,779,3.8585933354583353,7.6346000888139995,0.31248469647982596,12.206550064819453,100.0,1:N_SPLIT
1864,765,23.19620176756552,40.19040896212295,7.6346000888139995,2.8450804447242604,54.75104223158228,UNIDIRECTIONAL_PARTIAL
1865,206,1.1519374987967388,1.8929902499334683,0.3077611937131627,0.3585126543695196,100.0,1:1_SYMMETRIC
1867,2327,1.0667698904782974,1.6462890985066465,0.48725068244994835,11.539563955469134,73.63303928957725,1:1_SYMMETRIC
1868,1195,0.5752236961773327,1.926038755378996,0.03335336230754051,0.3620155362567061,100.0,1:1_SYMMETRIC
1870,1900,0.8194635831488046,0.8880277550039007,0.7405335020498419,0.6874632776742828,100.0,1:N_SPLIT
1870,1872,0.966624365869649,1.0452209767353973,0.8880277550039007,0.8406198650530996,100.0,1:N_SPLIT
1871,488,6.784043849932283,10.758758530334596,2.80932916952997,0.14161786034810575,100.0,CONFLICT
1871,489,11.877924720813754,12.997090911292911,10.758758530334596,0.1377033661473206,100.0,UNIDIRECTIONAL_PARTIAL
1872,978,1.006621524437607,1.4946937847344095,0.3202505671501563,0.6958320967233078,74.78359018197537,CONFLICT
1874,2077,0.33099336475880475,0.9518872211236156,0.03648065995559783,0.131255043422982,100.0,1:N_SPLIT
1874,2076,20.32707111868988,49.46727025688516,0.3285439645053001,0.3899017532675657,55.5555797861808,UNIDIRECTIONAL_PARTIAL
1875,903,2.385642507775404,5.118760134469526,0.22819001019383442,1.6276757953614265,99.78534265355576,1:1_SYMMETRIC
1881,1458,1.8135573500224016,4.17251890055059,0.15905117858093457,0.8285475520430055,100.0,1:1_SYMMETRIC
1882,453,0.2962957186036121,0.3146414399847823,0.27447908512522123,0.9989850125515432,88.77676234906129,1:1_SYMMETRIC
1886,80,4.759983449933478,6.338438050138088,3.775484656660833,4.98649748051551,100.0,1:N_SPLIT
1886,222,5.033325350792886,6.959344468305351,2.5500208005282667,2.742309046763779,100.0,1:N_SPLIT
1886,81,6.385702569084089,6.43296708803009,6.338438050138088,4.982455181668058,100.0,1:N_SPLIT
1888,348,0.022034019160924834,0.03367370864797578,0.01039432967387389,9.7828606514733,100.0,1:N_SPLIT
1888,347,0.8317153841258171,4.366058557771148,0.01039432967387389,2.69135224870854,100.0,1:N_SPLIT
1888,421,2.4749620661383993,13.80795961488518,0.03367370864797578,25.389172238893252,100.0,1:N_SPLIT
1888,353,15.378754740538223,28.28486056865777,4.366058557771148,7.051435181860086,89.48953696530079,UNIDIRECTIONAL_PARTIAL
1889,11,1.3344218967984316,3.73305982022351,0.1035467010904178,0.9661474648880812,100.0,1:1_SYMMETRIC
1892,2103,0.07594390518689907,0.15723539064138964,0.017846448939793532,0.0034353617302826933,66.79443426910873,CONFLICT
1895,2046,21.924206984510644,28.570867460349728,15.27754650867156,14.097088607224464,76.95910435817875,CONFLICT
1897,463,3.0174018730984757,13.813906787170376,0.29032111334985133,17.25131527089752,100.0,1:1_SYMMETRIC
1910,1360,3.080328312755376,3.402424328156632,2.75823229735412,0.39406713933749415,100.0,CONFLICT
1911,1724,5.060610861766156,6.403388210141013,3.717833513391299,1.6146877660749226,100.0,1:1_SYMMETRIC
1912,1730,3.60222448695782,7.739047404698514,0.23841243566310105,0.9898954025983926,100.0,1:N_SPLIT
1912,1354,13.610810581017713,19.48257375733691,7.739047404698514,0.24133265892345435,100.0,UNIDIRECTIONAL_PARTIAL
1913,1360,2.7163077374638416,2.75823229735412,2.6743831775735636,0.3707630146551537,64.56940543918157,1:1_SYMMETRIC
1914,473,4.408384303204555,8.109505852654511,2.915278824405596,23.38016804966861,100.0,CONFLICT
1914,472,7.108829295104883,16.11058583467423,3.150413629454053,29.27855973003676,100.0,UNIDIRECTIONAL_PARTIAL
1921,1119,1.2003116340616142,1.325499691149494,1.0828049201910217,1.8187530436462112,100.0,1:1_SYMMETRIC
1924,1121,0.4598311462399681,0.5827647337602697,0.3576275834746149,3.260981593742372,100.0,1:1_SYMMETRIC
1938,160,6.130663218614313,6.6275376940607496,5.552135593020163,4.192198506711634,100.0,1:1_SYMMETRIC
1939,775,4.019949672512735,4.047410783193682,3.9924885618317885,1.340744492742715,100.0,1:N_SPLIT
1939,776,4.349107085091403,6.99560804787723,2.0592246455651932,0.4664797584661642,69.17932684560083,UNIDIRECTIONAL_PARTIAL
1939,774,19.362047023870634,49.912781592154374,4.047410783193682,1.3432305054716949,52.694078354429976,UNIDIRECTIONAL_PARTIAL
1950,2189,3.1880424750622103,3.7722477060015027,2.6038372441229183,2.240663359632947,96.33739626833369,CONFLICT
1951,1395,9.174222670883568,14.55274740973245,5.031750122377986,4.502987820827059,60.688070813306496,1:N_SPLIT
1951,1394,13.498008483130102,44.47142472584116,0.8513266243770046,14.50841828225549,52.57761769075315,UNIDIRECTIONAL_PARTIAL
1952,312,1.2864033557803927,1.475100176130598,1.146075210257404,12.863239733716227,100.0,1:N_SPLIT
1952,322,8.096252968614234,8.973414281911403,7.219091655317067,2.968261955045989,100.0,UNIDIRECTIONAL_PARTIAL
1952,321,9.47793814990297,9.982462017894537,8.973414281911403,2.9703722576026053,100.0,UNIDIRECTIONAL_PARTIAL
1952,320,14.193175212514703,18.614082770680422,9.982462017894537,6.518173300250794,52.95316939524328,UNIDIRECTIONAL_PARTIAL
1953,311,1.491615098524062,1.580813295354111,1.4311665500028157,1.863982216602949,100.0,1:N_SPLIT
1953,1671,12.206729127627355,14.132154393104445,10.281303862150265,17.081995023006357,100.0,UNIDIRECTIONAL_PARTIAL
1953,1670,14.809207911517484,15.486261429930524,14.132154393104445,17.07988472044974,100.0,UNIDIRECTIONAL_PARTIAL
1953,1664,17.04142861216899,19.474805478718388,14.60805174561959,15.467217707312159,65.50026170920555,UNIDIRECTIONAL_PARTIAL
1955,2265,1.2661735614835181,3.0529687263418945,0.05398564870701222,0.6718253017953657,100.0,1:1_SYMMETRIC
1956,2195,1.2743212723371773,9.035090448624972,0.025457635476113218,7.674896842014562,58.28502414289849,1:1_SYMMETRIC
1957,295,5.207702760367633,6.49308137521891,3.955574666967449,6.365920920012968,100.0,CONFLICT
1957,1647,7.551403739371657,12.053500561084482,5.1744522389165395,3.851866370999005,100.0,UNIDIRECTIONAL_PARTIAL
1958,584,0.9912094636442106,1.0610774482792253,0.9213414790091957,3.961598980584938,100.0,1:N_SPLIT
1958,583,1.1139505740050588,1.1668236997308923,1.0610774482792253,3.9645827308361277,100.0,1:N_SPLIT
1958,581,1.3771753703424476,2.177079087308113,0.18560113624825297,0.1432200555616987,100.0,1:N_SPLIT
1958,579,2.9605026013252704,5.185326425585167,0.18560113624825297,23.143286135528,100.0,1:N_SPLIT
1958,601,4.503315524233429,8.990156480424256,0.9213414790091957,1.03823677939738,100.0,1:N_SPLIT
1959,733,2.461879717727171,4.393728694549767,0.6494370930135454,0.8600507798134913,100.0,1:N_SPLIT
1959,734,4.361716564971018,4.507568783788248,4.183852216575039,2.177236598021466,100.0,1:N_SPLIT
1960,1183,1.6525076326529704,2.516251569666252,0.1238488009161463,3.4964935077982773,64.50302355017833,1:1_SYMMETRIC
1961,2391,1.3736125634731187,3.5166693432452485,0.006236923692876808,0.26243871181452505,100.0,1:1_SYMMETRIC
1962,2251,1.3669301047507174,1.4427871081588568,1.291073101342578,1.4650362933473957,100.0,1:N_SPLIT
1962,2252,1.4620544307140726,3.6727030345205223,0.4334687017873034,1.4085229267652721,100.0,1:N_SPLIT
1964,122,0.2464276218963072,0.5483466399801735,0.012988231139184195,0.11853381761915216,100.0,1:1_SYMMETRIC
1965,260,0.22525902274023946,0.3192517261203771,0.13126631936010183,6.956077340982262,100.0,1:N_SPLIT
1965,259,3.675014545023855,5.790892078630879,0.3192517261203771,5.7244084944539395,100.0,1:N_SPLIT
1965,261,4.486483849296664,8.841701379233227,0.13126631936010183,6.958156718115106,100.0,1:N_SPLIT
1965,253,16.485562038356807,31.810494941182714,8.805462972978363,2.550160908519274,77.19176974206007,UNIDIRECTIONAL_PARTIAL
1966,1043,0.9337656752574013,1.8134838420065662,0.040310675746791765,0.6008992379062192,100.0,1:1_SYMMETRIC
1967,565,5.391753146161888,9.33969600522542,2.6674957402142447,0.651814700492082,100.0,1:N_SPLIT
1967,566,10.264423685398112,11.915714515925295,9.33969600522542,5.723044512384149,100.0,1:N_SPLIT
1968,828,0.9010895020708446,1.5485432027136277,0.5877881847084556,0.06127955525073503,100.0,1:1_SYMMETRIC
1969,943,1.687726257169352,3.7552552962473618,0.6735456746434516,0.3336916126232552,63.40955861795761,1:1_SYMMETRIC
1971,1826,5.320132302452216,6.49308137521891,4.147183229685522,3.8869484779502272,95.81566670848709,CONFLICT
1972,660,3.572071854636194,5.732694938772592,0.3521811970409881,16.874825782920993,100.0,1:N_SPLIT
1972,661,7.854929834828556,9.171163091781645,5.732694938772592,21.78109273900526,100.0,1:N_SPLIT
1972,662,13.601431885611868,31.260169525174845,0.4516434395026968,4.119769961046359,88.2785207194401,UNIDIRECTIONAL_PARTIAL
1973,1212,4.095429618924907,12.957357690449108,0.4167041067695031,0.6116370415451229,100.0,1:1_SYMMETRIC
1974,735,1.4504330979198021,4.156160668205544,0.0462794849845352,1.3216898128639514,100.0,1:N_SPLIT
1974,734,13.267605843415396,22.339146095906724,4.196065590924069,0.4748544397214687,100.0,UNIDIRECTIONAL_PARTIAL
1975,1926,1.9581179397635944,7.413194700125803,0.024750074976716142,1.2101998295859744,100.0,1:1_SYMMETRIC
1976,1200,2.9138754166860537,4.901789698053338,0.5117957961187669,0.6445830801673083,100.0,1:1_SYMMETRIC
1977,370,0.9828992758246434,2.0178462623950653,0.4562494177926201,6.492213797380202,100.0,1:1_SYMMETRIC
1978,281,1.0113673276548343,2.0489014529600738,0.1049295285214573,0.25101877836340236,100.0,1:N_SPLIT
1978,676,4.133144432826753,7.421831521999199,0.8270176736178046,19.978161410846212,100.0,1:N_SPLIT
1978,266,5.57433991464513,13.19235542570983,1.347142139880012,18.708525019972114,100.0,UNIDIRECTIONAL_PARTIAL
1979,2491,1.2317477487773607,2.9807152991456554,0.2579966745093812,0.21053854660073057,79.9880102885188,1:1_SYMMETRIC
1980,1826,4.224365962029381,15.223080904489116,0.21817926996564374,22.09340274816384,100.0,1:1_SYMMETRIC
1982,2150,1.6594831206649916,1.7587490749503487,1.5012878523677737,0.10330297953078116,71.08723036984846,1:1_SYMMETRIC
1983,1114,0.6189853456343083,1.2627738555920296,0.12784465210145005,0.30267897238081787,100.0,1:N_SPLIT
1983,1115,2.413457263937915,6.995631746987357,0.11689539272493776,0.19516446855891445,100.0,UNIDIRECTIONAL_PARTIAL
1984,2426,2.234371243208026,4.782488020849721,0.17112598299484483,1.588152158107846,100.0,1:1_SYMMETRIC
1986,880,2.5160958442256116,4.261477800415884,0.7707138880353396,4.733756268121994,89.89705007306733,CONFLICT
1987,1977,1.2827558965313528,2.165550977458865,0.4932772741735252,8.26959233033375,100.0,1:N_SPLIT
1987,768,9.909797838543453,15.25429100308773,4.1766299338905775,9.227452729187974,100.0,UNIDIRECTIONAL_PARTIAL
1987,1983,17.24096695560351,23.401036900758115,11.080897010448911,4.4468264446775265,100.0,UNIDIRECTIONAL_PARTIAL
1988,586,1.084907605853042,3.1752511060349478,0.28060048959232226,0.0349759217481278,100.0,1:N_SPLIT
1988,585,5.243937250199126,7.312623394363305,3.1752511060349478,5.225862125951323,100.0,UNIDIRECTIONAL_PARTIAL
1988,587,6.906311696979962,14.542229216630556,1.0641163058118008,24.14563374743352,100.0,UNIDIRECTIONAL_PARTIAL
1990,709,4.072908144562955,6.380043232236633,1.5699642583431415,2.188603260294144,100.0,1:1_SYMMETRIC
1993,999,4.41443304789469,8.941042079387108,1.5357965881435394,0.8539207435289882,82.10363976905467,1:1_SYMMETRIC
1994,2006,3.207713357907686,7.306964392668667,0.4907794720460004,6.057789641059742,100.0,1:1_SYMMETRIC
1995,1223,0.094763908466225,0.12986435098306823,0.05966346594938176,0.06403150093944987,100.0,1:1_SYMMETRIC
1996,772,2.894915568518522,3.303388624310467,2.2593551838575423,12.129429085824711,100.0,1:N_SPLIT
1996,765,8.072907609353436,11.080897010448911,5.06491820825796,16.449251061854568,57.27910009918355,UNIDIRECTIONAL_PARTIAL
1997,1105,3.702707019733829,5.606665174053568,2.6325706032465783,4.026379118744416,76.85264717015112,CONFLICT
1998,899,2.436669197708293,5.768551570340539,0.8532629456527695,14.210326517052863,100.0,1:1_SYMMETRIC
1999,2086,2.293037432134802,5.190730052899798,0.22130725665069795,1.8957977027688173,100.0,1:1_SYMMETRIC
2002,568,3.2223641380877366,4.158795038273394,2.844516788571293,2.6124404921109488,78.29308163272066,CONFLICT
2003,988,1.8576784547347103,3.9933788763157807,0.40163894230073094,2.6816988341122396,100.0,1:N_SPLIT
2003,987,3.829020637093537,6.442608673924537,1.1780175455876194,0.22691989368740906,100.0,1:N_SPLIT
2003,984,4.654758571021746,5.200648342340949,3.8780371131986335,1.8081570357977057,100.0,1:N_SPLIT
2003,688,10.227218222138827,17.038767668234613,3.9933788763157807,20.975501929802306,100.0,UNIDIRECTIONAL_PARTIAL
2004,629,2.7661102292170976,3.1559357463548854,2.5607227016219785,2.0003773968678615,100.0,1:N_SPLIT
2004,630,3.1784294372147057,3.2009231280745256,3.1559357463548854,1.996488777850118,100.0,1:N_SPLIT
2004,631,9.075205324195032,18.534941149519256,3.2009231280745256,4.187046196169547,87.01988870253578,UNIDIRECTIONAL_PARTIAL
2005,445,2.164545138556777,3.160069680438443,0.37781648261774553,0.5793868415662757,100.0,1:N_SPLIT
2005,451,7.2644282791699935,12.814685905994857,1.4007949404723756,7.215332249371301,100.0,UNIDIRECTIONAL_PARTIAL
2006,894,6.256619806432212,14.188721869238865,2.2530265255462223,10.296940520576726,100.0,CONFLICT
2007,1752,5.213419728118455,5.879792651016137,4.5470468052207735,4.917102871031716,100.0,1:N_SPLIT
2007,1277,14.47133310036196,17.967322905854825,10.975343294869097,2.7679895146255546,100.0,UNIDIRECTIONAL_PARTIAL
2009,782,1.2390311856095548,2.7729197092111524,0.13576738872371066,0.2641921503010849,100.0,1:1_SYMMETRIC
2016,2062,1.3946387002450908,2.5400539975476693,0.19396788192077116,1.2500234733507796,100.0,1:1_SYMMETRIC
2017,2044,23.25134800934964,24.843789747653307,19.590070538245268,0.5499133681905732,97.25480992006553,CONFLICT
2019,2102,0.1015318520353725,0.22298585085079187,0.04918966704191606,0.19116926942496093,100.0,1:1_SYMMETRIC
2020,929,4.764660652861904,6.67429866598817,0.5530950288025085,1.00168033595304,96.34040195786463,1:1_SYMMETRIC
2021,2112,3.2801785793529996,6.4903214457811895,0.9742890560881197,0.1715091194658953,100.0,1:1_SYMMETRIC
2022,933,1.7910430622224462,4.071761006074111,0.13741510731687545,0.3838752160084482,100.0,1:N_SPLIT
2022,939,22.952305321011668,42.38467778636123,3.5199328556621086,17.84815590989274,55.343568159637044,UNIDIRECTIONAL_PARTIAL
2025,500,4.486862564520815,15.728082058225631,0.08501476399529875,0.16215399350971893,100.0,1:N_SPLIT
2025,503,16.884337148325265,18.040592238424896,15.728082058225631,0.09350437329152328,100.0,UNIDIRECTIONAL_PARTIAL
2026,2346,0.47686599761127624,1.0243077150381652,0.23065003745501192,0.583945274987343,100.0,1:1_SYMMETRIC
2028,2509,0.05283973415872437,0.06991921440881209,0.03141047792809142,0.020177421847847654,100.0,1:1_SYMMETRIC
2029,1723,2.358250581525109,3.659975881007969,1.056525282042249,3.2455893166607837,100.0,1:1_SYMMETRIC
2030,2518,0.19860950191064847,0.23839891688143675,0.15882008693986016,0.020289790012327558,100.0,1:1_SYMMETRIC
2031,1722,0.5359946092147655,1.0093316801419994,0.06265753828753162,0.38243299991353297,100.0,1:1_SYMMETRIC
2032,226,1.646323523405287,2.8426586622943963,0.05337974487193699,0.1255714955135545,100.0,1:1_SYMMETRIC
2033,1714,0.09138294639180174,0.17267022587385067,0.010095666909752813,0.08996273150347633,100.0,1:N_SPLIT
2033,1715,0.19779983463500894,0.2312794944893111,0.17267022587385067,0.09507864499718721,100.0,1:N_SPLIT
2034,824,0.7123494312153144,1.0626056614168218,0.2207575401445892,0.964584210266537,100.0,1:N_SPLIT
2034,751,2.4256359918534396,3.6718590885285156,1.0626056614168218,0.19812046798625715,100.0,1:N_SPLIT
2034,598,5.294275331712867,8.1947147506999,2.3938359127258337,21.647774984512978,100.0,UNIDIRECTIONAL_PARTIAL
2034,825,9.047017411270673,34.404737855632675,0.2207575401445892,1.016785506643373,79.21918172333406,UNIDIRECTIONAL_PARTIAL
2037,1352,0.3725255446408942,0.9739352223791125,0.054678678627849225,0.058125848705230965,100.0,1:1_SYMMETRIC
2040,1687,3.3631783925438485,5.160791001680884,1.0662362949209387,2.630293714380741,51.28032076790006,1:1_SYMMETRIC
2041,343,2.3825723458946193,4.112990311645693,0.7779082470823879,3.000478918118233,79.22137433105448,CONFLICT
2043,302,1.6847463809710328,12.083059470912305,0.02883642452743373,15.389466917867708,69.05242691523398,1:1_SYMMETRIC
2044,1261,0.6357647174601988,1.4370798451846634,0.15061144873608076,5.2906567052951345,100.0,1:N_SPLIT
2044,1754,8.4805931863056,22.512297419504048,1.4370798451846634,0.11159191941379731,100.0,UNIDIRECTIONAL_PARTIAL
2047,1756,1.5588828595234976,4.0244821697326785,0.20825095469058708,0.6151648637717528,100.0,1:1_SYMMETRIC
2053,362,1.8598435578701882,3.556999971374593,0.5846240010440882,14.122751564747034,60.71193020483382,1:1_SYMMETRIC
2054,688,2.736626902315276,3.961997542669273,1.6337248540502913,3.8240115524603766,100.0,1:N_SPLIT
2054,988,4.980069793893589,10.604305331291464,0.40163894230073094,22.117814648150443,100.0,UNIDIRECTIONAL_PARTIAL
2063,1157,7.857546922004883,13.129811099864469,5.186699252680752,28.83998106555532,100.0,CONFLICT
2075,2066,23.879743061942015,29.273582939625733,18.485903184258298,2.175425186596385,72.18609053890579,CONFLICT
2080,605,1.200922399071118,2.0476167116301967,0.6117059429323382,3.4107101874362797,52.55653047068319,1:1_SYMMETRIC
2082,1146,3.763338593332479,11.875543262058962,1.5258235744838125,3.965317988480763,68.95614384587545,CONFLICT
2082,325,12.960928550079972,31.704731870878447,0.2964768221936547,14.091094449677541,83.23392415285521,UNIDIRECTIONAL_PARTIAL
2083,1121,5.335739951396417,17.89997744694353,0.30908548334499325,26.626434707169835,100.0,CONFLICT
2086,1076,1.369472040997714,1.4465601233885281,1.228892311987791,0.2760994881092529,100.0,1:N_SPLIT
2086,1077,1.8530188728752142,2.650336498924364,1.3084003993153057,0.02750325076885929,100.0,1:N_SPLIT
2087,1091,1.726225007015785,5.370355108017365,0.3323073311182102,0.6411960276753348,96.01354607380057,1:1_SYMMETRIC
2088,376,15.483627069771545,69.75980345140262,0.006704931754245714,0.42061680310547445,58.48287701283499,CONFLICT
2089,1924,14.828491552869375,44.46157924831941,0.011462384871578035,21.538144761440833,56.32255671952434,CONFLICT
2090,719,0.504312905897895,0.5415304255784354,0.44606462246397555,0.07760715747627955,100.0,1:N_SPLIT
2090,720,0.5232793297792595,0.525343669651274,0.5212149899072449,0.07817954810076344,100.0,1:N_SPLIT
2090,732,0.5507200206011637,0.702620260060333,0.42832481183591326,0.07837011335311672,100.0,1:N_SPLIT
2090,717,16.05233513255663,47.26502780957289,0.44591296563301897,0.07838404377696406,52.95799616054141,UNIDIRECTIONAL_PARTIAL
2091,1440,1.3347754811603356,3.843023946034945,0.4737953157067172,0.529112135624132,100.0,1:1_SYMMETRIC
2092,2468,0.9135567130747353,1.2144800727006368,0.6126333534488336,1.0803019804320684,100.0,1:N_SPLIT
2092,1270,9.280487838063191,17.006646290112215,1.5543293860141671,8.570450344671656,100.0,UNIDIRECTIONAL_PARTIAL
2092,1296,16.30006274334466,31.987198952956167,0.6129265337331518,9.652751901541023,50.672505493583756,UNIDIRECTIONAL_PARTIAL
2093,1101,0.635530551502946,1.0646814275009746,0.16143123080914107,0.24821601436218543,100.0,1:1_SYMMETRIC
2094,1075,0.8821614890382299,1.0615428849263548,0.758499745790259,0.26759401378677694,100.0,1:N_SPLIT
2094,1074,1.491592083695675,2.7776662202612767,0.014037124602713988,1.7879097051982171,100.0,1:N_SPLIT
2094,1073,2.3735406356390465,2.7215053162568257,2.0255759550212677,16.990848287931385,100.0,1:N_SPLIT
2094,1053,20.88992461370563,40.71830634248491,1.0615428849263548,3.8895736276226103,60.58638484752843,UNIDIRECTIONAL_PARTIAL
2095,693,0.8313892894346391,2.294512214971722,0.1737970430979836,0.8238716300869555,100.0,1:1_SYMMETRIC
2096,291,3.9533671723795027,6.996112521291172,0.9106218234678336,4.820827910729406,100.0,CONFLICT
2097,2320,5.010397432272521,6.176765664393601,3.8440292001514402,2.808523571735691,100.0,1:1_SYMMETRIC
2100,1781,3.045675545208351,3.964029311129844,1.3309257830431969,2.6034231319245578,100.0,1:N_SPLIT
2100,2481,3.517908173185404,11.432710950529357,1.3309257830431969,11.031921226870054,100.0,1:N_SPLIT
2100,492,5.026090530002133,9.844031037319667,1.1268284718294046,22.723050371953093,100.0,UNIDIRECTIONAL_PARTIAL
2100,495,14.23609712929094,20.738239077277022,9.844031037319667,19.01403646565484,100.0,UNIDIRECTIONAL_PARTIAL
2101,2466,1.0403193869739489,1.5543293860141671,0.02373005660141139,0.9726474955320441,100.0,1:N_SPLIT
2101,518,4.167400562031168,9.980171951605092,1.2439063541320416,1.97166648980442,100.0,UNIDIRECTIONAL_PARTIAL
2101,519,10.66487733539465,11.349582719184207,9.980171951605092,1.9723897145570959,100.0,UNIDIRECTIONAL_PARTIAL
2102,66,0.26906139443205085,0.5719421206896528,0.07347094519707624,0.08102123153690854,100.0,1:1_SYMMETRIC
2103,1267,3.6514383046750223,5.101735680746539,2.469453529358819,2.242444290608205,100.0,1:1_SYMMETRIC
2104,1336,2.9279563629482457,3.285090900296329,2.570821825600163,0.8683047157226156,100.0,1:N_SPLIT
2104,507,6.109518778442754,13.289447172135175,2.468287337592924,1.9016715968217568,100.0,UNIDIRECTIONAL_PARTIAL
2104,506,14.162123223620576,15.034799275105975,13.289447172135175,1.9063709032385532,100.0,UNIDIRECTIONAL_PARTIAL
2105,141,1.2103642504064036,1.6450843291256885,0.885259113182889,3.137725736007951,60.81490869604621,1:1_SYMMETRIC
2107,1058,2.875117430715422,4.272394536357813,1.1789500665914818,0.9623532018728156,100.0,1:1_SYMMETRIC
2108,1092,1.3579137524943259,2.4457918581772304,0.026841201896282522,1.336915124619054,100.0,1:1_SYMMETRIC
2109,2220,0.7502543655078497,1.5524657939888846,0.20162104988333202,0.43665055932206087,100.0,1:1_SYMMETRIC
2110,959,0.9257034611321466,0.9416162379992827,0.9075771200847307,0.13171329786638353,58.41098298376941,1:1_SYMMETRIC
2111,836,1.7444607547923385,4.829437232125319,0.043840986477352475,0.5904930661003505,100.0,1:N_SPLIT
2111,839,9.328995398683752,19.835058805121044,2.947116408399091,29.145164895706046,100.0,UNIDIRECTIONAL_PARTIAL
2113,1296,1.4280050352855518,2.7423261640517094,0.6093154849923239,3.8501457291115457,100.0,1:N_SPLIT
2113,2468,11.3720990898573,32.89199829044436,0.6116656256787065,4.722304191997409,75.94169299973657,UNIDIRECTIONAL_PARTIAL
2114,2223,2.405654956953732,4.744869408641215,0.10633087561686798,0.407551840807173,100.0,1:1_SYMMETRIC
2115,2250,1.7401595815141104,2.360480014442663,1.1058626674038887,0.8214083620201791,100.0,1:1_SYMMETRIC
2116,1189,1.4249081565590553,3.164182964422382,0.3089965593236741,0.0928081735561932,100.0,1:N_SPLIT
2116,1181,24.3229266069656,45.680974106518626,1.0271826784446938,18.045697145088752,53.763394190533816,UNIDIRECTIONAL_PARTIAL
2117,2397,0.444058555532556,1.321055111826819,0.025769295050608623,0.11541764512600139,100.0,1:1_SYMMETRIC
2118,555,17.199025196930613,25.022269013692906,11.651310398810164,18.083761209938984,99.80790337505046,CONFLICT
2121,981,1.3405743063052613,1.5540639728302579,0.9441382946194744,3.914520118804262,100.0,1:N_SPLIT
2121,982,1.3797528903195173,1.5235206514660515,1.1768149788727047,0.44614300568719045,100.0,1:N_SPLIT
2121,983,1.8013869767704132,2.2433000140365205,1.1768149788727047,6.0400187577691895,100.0,1:N_SPLIT
2121,985,2.2741852067946993,2.303739936134238,2.2433000140365205,6.308172281012503,100.0,1:N_SPLIT
2122,2069,1.3416385613205308,2.175089721820299,0.23161758237471294,27.767878729310382,59.22816181761385,1:1_SYMMETRIC
2123,208,1.308702340304682,4.087653782464011,0.18372199069882925,2.4812686627458334,100.0,1:1_SYMMETRIC
2124,182,1.9658292441654097,2.5369248667610362,1.204653353743834,0.4366943437520945,100.0,1:1_SYMMETRIC
2126,2382,0.6562326202366245,1.3754646039865646,0.09869973130835127,0.18140384968876333,100.0,1:1_SYMMETRIC
2127,2196,2.5017448361178753,4.179153837593185,0.18138538832709236,13.362155364117939,50.35710220443453,1:1_SYMMETRIC
2128,1760,1.0295166016854906,2.7522779298603393,0.014079234230415998,0.7435989432954102,100.0,1:1_SYMMETRIC
2129,2415,1.9561886352279172,2.0588737083326336,1.8535035621232008,1.2710864091820895,87.17659538119258,1:1_SYMMETRIC
2131,770,0.3035712639076135,0.8844502534493349,0.043617619380194,0.5466101912867316,100.0,1:N_SPLIT
2131,771,1.825111455984565,5.682205059419011,0.1679536639979932,11.596386957362142,100.0,1:N_SPLIT
2131,1978,22.923818721946226,33.93057194871805,5.682205059419011,6.084421472982854,62.02566322670518,UNIDIRECTIONAL_PARTIAL
2133,674,3.8753339839080256,7.421831521999199,0.32883644581685273,6.811250533873022,100.0,CONFLICT
2134,406,0.6883296060519923,1.4431353435347682,0.26933488159597746,0.021622991707374695,100.0,1:N_SPLIT
2134,407,0.8731417790891858,0.8901910425510227,0.8560925156273488,2.766002323101418,100.0,1:N_SPLIT
2135,1791,5.583327673609231,9.499410680555306,0.9759543880145514,14.839250955444527,100.0,1:N_SPLIT
2135,1792,6.094289288271177,7.457518897825703,4.731059678716653,16.076153652003086,100.0,1:N_SPLIT
2137,1821,3.1978400663208024,3.2145388652058866,3.1811412674357182,8.04425060296461,100.0,1:N_SPLIT
2137,1820,3.541885877462343,3.9073907802083574,3.180528063778683,5.316008163709853,100.0,1:N_SPLIT
2137,1654,3.608130761671686,4.333617731985273,3.0176993976115916,3.4095445935907946,100.0,1:N_SPLIT
2137,1822,4.078267112998124,5.94739057495548,3.1589873692390333,9.55257067362561,100.0,1:N_SPLIT
2137,676,6.469876299284426,9.311654220034544,4.150584102863254,10.208859660361043,100.0,UNIDIRECTIONAL_PARTIAL
2138,82,3.0855656310429156,3.775301607381179,2.395829654704652,4.853211569454601,100.0,1:N_SPLIT
2138,83,4.404177873793677,4.774083022256696,3.775301607381179,4.84193156530219,100.0,1:N_SPLIT
2138,84,4.593169585531961,4.884643744300045,4.120781990039144,0.3475954619754873,100.0,1:N_SPLIT
2138,85,20.31917704155385,37.48729721546625,3.583426178897868,2.48510163014231,59.008808337982224,UNIDIRECTIONAL_PARTIAL
2140,1770,4.016257926236752,5.538073850298559,2.4944420021749436,5.832204820117283,100.0,1:N_SPLIT
2140,472,6.8271410409873985,19.14734774699087,0.7212484456953893,25.238408511803584,100.0,UNIDIRECTIONAL_PARTIAL
2141,451,1.2600256006907273,1.4285911566614915,0.9656645094321287,1.913813155216559,100.0,1:1_SYMMETRIC
2142,422,21.531940993942285,23.63731819378689,18.804711282679722,1.6099882969843406,85.42187275113993,1:1_SYMMETRIC
2143,617,0.779971754037697,2.039966932715492,0.16793169883011438,0.3468711802341886,100.0,1:N_SPLIT
2143,616,17.61745886432361,36.19659065102489,2.309304273688836,28.32837092612283,66.91099927946456,UNIDIRECTIONAL_PARTIAL
2144,616,0.7988290192135405,1.3655002086615444,0.3679018722208887,5.077734362340777,100.0,1:N_SPLIT
2144,612,1.273591766837463,1.8478341220748216,0.6993494116001042,9.420551945234195,100.0,UNIDIRECTIONAL_PARTIAL
2144,611,1.3017543149157937,2.4819592885818986,0.6993494116001042,9.422260260175051,100.0,UNIDIRECTIONAL_PARTIAL
2144,609,8.737207450748986,36.19659065102489,0.7057408425335678,6.19623938788277,61.10827288311407,1:N_SPLIT
2144,613,13.537124651614704,23.757111128772646,1.8478341220748216,8.630135184510266,100.0,UNIDIRECTIONAL_PARTIAL
2146,1119,7.453103718477739,18.677944221256205,1.1926302908443267,17.06459402888771,100.0,CONFLICT
2147,414,14.561813103167966,17.961025641864346,11.162600564471585,24.753923810195488,61.64445756090103,CONFLICT
2151,2111,2.4171120510448967,5.9618971624900725,1.1210601621160772,3.295038903387251,100.0,1:1_SYMMETRIC
2155,834,2.3759711286316683,2.995865518338969,0.9558776691021978,8.316280645174345,77.732048937089,1:1_SYMMETRIC
2156,556,1.043327215497205,1.0629111178887451,1.0237433131056648,1.7952748703559678,100.0,1:N_SPLIT
2156,557,1.2556779564236302,5.27640098042325,0.032621161304491136,0.351145392328192,100.0,1:N_SPLIT
2156,555,1.6443425148821245,1.9714745202677062,1.0629111178887451,1.794162483794537,100.0,1:N_SPLIT
2156,1832,18.595431324301156,31.484642498715537,5.27640098042325,18.06010167609594,74.6662537722928,UNIDIRECTIONAL_PARTIAL
2157,528,0.296846382021872,0.4021807052662309,0.22439910098908952,0.4846946594445285,78.69522226247098,1:N_SPLIT
2157,527,22.25906250921055,23.41014519505274,21.10797982336836,0.7211564286354815,100.0,UNIDIRECTIONAL_PARTIAL
2158,1362,1.272062797899445,3.402424328156632,0.13075994035645183,0.04197079810666082,100.0,1:1_SYMMETRIC
2159,702,2.2710373930919285,6.030496680615333,0.17086299216406062,3.933536738802445,100.0,1:1_SYMMETRIC
2160,2525,8.236139004056342,8.66584185828573,7.806436149826955,0.3440128554233297,79.6319451542918,1:1_SYMMETRIC
2162,291,1.3323328121066977,2.948745708229549,0.505900027523486,2.9460006984254505,100.0,CONFLICT
2163,2530,8.759878976122746,8.859502063381608,8.660255888863885,0.0655489471765236,100.0,1:1_SYMMETRIC
2165,107,0.03758479913127668,0.07092265546429709,0.0006215214257245012,0.018354636631045196,100.0,1:1_SYMMETRIC
2166,1531,4.290613804956997,8.109505852654511,2.346351691213906,13.62320294676772,54.49146195076236,CONFLICT
2168,1842,0.8904697873265645,2.1499898650795086,0.24131648529594318,4.186666509085683,100.0,1:N_SPLIT
2168,553,1.1736156824053192,2.2526006096498827,0.1761104433065442,5.4554413199428495,100.0,1:N_SPLIT
2168,523,2.9520429192906943,9.460684128066122,0.2978229355586578,3.681870710540636,100.0,1:N_SPLIT
2169,563,5.133939831962498,9.539525388989698,0.5244065214790808,5.405948561086063,100.0,1:1_SYMMETRIC
2170,797,2.555298554488256,3.1655392002809792,1.8705171523866606,4.264534418150674,100.0,1:N_SPLIT
2170,760,12.916619019249262,16.93187005322517,9.066306024451547,24.40460862243401,100.0,UNIDIRECTIONAL_PARTIAL
2172,813,2.2321889235427865,3.11440645462688,1.5981972995849087,0.037889122033618605,70.77275576277782,1:N_SPLIT
2172,2506,12.84397230666867,35.32933733056323,1.5981972995849087,2.385441813209866,70.81756402971531,UNIDIRECTIONAL_PARTIAL
2175,325,16.629241746472452,39.17310354314449,0.3293700653647812,15.224033508468096,64.69945355183518,CONFLICT
2178,1692,1.8144096531226082,4.111433763421536,0.10524734695253711,0.7794285607582765,79.79422204524938,1:1_SYMMETRIC
2179,687,3.033378781929842,3.9933788763157807,2.268213232821139,12.702382949443574,100.0,1:N_SPLIT
2179,2179,16.0826267461716,17.038767668234613,15.596057028795343,13.12715372092191,100.0,UNIDIRECTIONAL_PARTIAL
2182,495,3.0194811291196504,3.8059647614568295,2.246139161756813,1.5775540037008113,100.0,1:1_SYMMETRIC
2183,493,1.6106664968853568,2.390360829802293,0.49115127781078,13.249322582047,95.20386136361695,1:N_SPLIT
2183,1317,11.194558198676049,21.062695048731968,1.8651180509820096,6.503787450472032,56.7171666685107,UNIDIRECTIONAL_PARTIAL
2186,1149,5.364881227871315,5.57621186044108,5.2421676952915925,1.363071549691938,60.9287303667296,CONFLICT
2186,1150,13.941969483091732,22.253525781276274,5.63041318490719,2.288577699824316,81.31479393394466,UNIDIRECTIONAL_PARTIAL
2194,464,1.5836548413655622,1.8118138165854598,1.2579809446293,2.5767235057516586,87.86994728128205,1:1_SYMMETRIC
2196,447,1.3801353329352763,1.4008634667163795,1.3594071991541734,0.04052887673708483,100.0,1:1_SYMMETRIC
2203,1404,12.830175867457228,12.893142756236207,12.767208978678251,0.08974752580633094,100.0,1:N_SPLIT
2203,1403,14.083130007517898,15.519998898970535,12.893142756236207,5.4918862866632026,100.0,1:N_SPLIT
2203,1395,19.27644257085604,44.47142472584116,10.724876216554197,18.59248601604594,80.99657428342904,UNIDIRECTIONAL_PARTIAL
2204,320,8.305162040550211,9.982462017894537,6.627862063205884,25.29672589541741,63.76366095315179,CONFLICT
2236,1147,2.131168797836292,5.818385912513791,0.16219017515205056,0.34788816346764406,94.20395345504986,1:1_SYMMETRIC
2237,1766,4.085519079026624,8.031221705084944,2.4308365528510407,0.5005997320374149,89.55222617403926,1:1_SYMMETRIC
2238,1538,2.0537767865268095,2.065529599180757,2.0478616394332714,0.42493989554270684,100.0,1:N_SPLIT
2238,1537,2.0619508338893553,2.0759625468123106,2.0479391209664,0.9260414667821806,100.0,1:N_SPLIT
2238,2358,2.244065691213642,3.2642964805552475,1.3595772745283285,0.8531698624167348,100.0,1:N_SPLIT
2239,1415,4.098492105105174,12.625087965362626,1.9965183817238656,2.512788268685938,100.0,1:N_SPLIT
2239,1414,15.448810319013585,81.33111358107497,2.752945218379882,1.7091022158779765,51.99223559430677,1:N_SPLIT
2240,1579,1.445173892628346,1.4704550120188138,1.419892773237878,0.032928071962373906,100.0,1:N_SPLIT
2240,212,8.755946190141715,23.35733148275903,1.419892773237878,0.799470277360399,100.0,UNIDIRECTIONAL_PARTIAL
2241,207,2.896821642888436,5.142935551913154,1.8151161383107288,0.2077145831405005,100.0,1:N_SPLIT
2241,212,9.052744844459975,23.595711367090296,1.747407027978901,0.8041040580437766,100.0,UNIDIRECTIONAL_PARTIAL
2242,1469,1.2673605893515796,3.3900319171822737,0.0419565781502707,0.34285633336088495,100.0,1:1_SYMMETRIC
2243,1761,3.4498609859215486,6.604681998664406,0.11767867080190375,6.103002662205199,100.0,1:N_SPLIT
2243,1762,7.374866042307769,18.161624451281543,1.48395009007813,6.102759175176743,100.0,UNIDIRECTIONAL_PARTIAL
2244,1078,1.6503333668463573,4.083668304813574,0.009434188126221784,1.951510659957023,100.0,1:1_SYMMETRIC
2245,708,1.8088101772381193,3.5027934859210794,0.010126450823987032,0.8136195676498232,67.75616618635395,1:1_SYMMETRIC
2246,911,1.4870054647758622,3.1641478271158827,0.076820838786937,6.070390355612858,80.41399649984608,1:1_SYMMETRIC
2247,197,5.385542292280304,10.338771993611847,2.0766737259483827,2.0982970841474184,100.0,1:1_SYMMETRIC
2250,1901,0.31421523573400445,0.430917298641253,0.15790759340746457,0.23056753508018346,76.61080647888431,1:N_SPLIT
2250,658,17.284075447299756,31.761453129403517,2.806697765195993,3.2393881408669927,76.63627654151158,UNIDIRECTIONAL_PARTIAL
2251,1047,5.357269662556814,5.7980495676258625,4.427461277234439,1.8365842257325085,60.76766587116909,CONFLICT
2252,1386,3.0476655249408284,5.274352173384369,0.1035467010904178,11.8084018229776,100.0,CONFLICT
2253,1536,1.048458625578314,2.61195280767658,0.2518095235612063,5.970356011326572,100.0,1:N_SPLIT
2253,1535,1.0540660059052693,1.65193866840503,0.09522328571022169,0.09838916193720593,100.0,1:N_SPLIT
2253,1534,1.647379620967484,1.6483586886697144,1.6464005532652537,1.5477652385717704,100.0,1:N_SPLIT
2253,1533,3.3232664893488826,8.197421989612215,1.642861706655803,2.677750659868906,100.0,UNIDIRECTIONAL_PARTIAL
2253,1851,4.261983587590641,7.574641887445283,2.6072691425693346,7.748336743968849,100.0,UNIDIRECTIONAL_PARTIAL
2253,1532,8.949194494285063,9.700966998957911,8.197421989612215,5.63818761169091,100.0,UNIDIRECTIONAL_PARTIAL
2254,1555,2.9882567793797357,3.2127241503984023,2.8508823953138505,0.06594646460598597,62.06419994976648,1:1_SYMMETRIC
2255,829,2.3354710272719665,6.05705228081189,0.19957686550979123,8.32365283452873,100.0,1:1_SYMMETRIC
2256,1401,3.6718284137695076,4.970002270983268,1.6160983284504342,14.457100880173897,100.0,1:1_SYMMETRIC
2257,1301,2.4652195891746214,5.1402884917457685,0.10172361293425862,0.5221122793867607,100.0,1:1_SYMMETRIC
2258,1028,0.5156878772521047,1.2226693191209022,0.08167144165724742,0.3250896466898894,100.0,1:N_SPLIT
2258,1115,1.1384487960749226,3.2167795538425823,0.08167144165724742,6.735883274799164,100.0,1:N_SPLIT
2258,1116,10.969960164724215,32.479541686401284,0.20921490085927583,29.410040247073027,76.95219115901286,UNIDIRECTIONAL_PARTIAL
2259,1205,0.5908111995097811,1.242167337766151,0.04325810651343322,0.2526996188652788,100.0,1:1_SYMMETRIC
2260,2402,0.9138899337257663,2.091560948878749,0.05882524464764928,10.073492070293469,100.0,1:1_SYMMETRIC
2261,1037,2.643426425091954,5.887503846957961,0.3240925837045918,0.962845560942128,100.0,1:1_SYMMETRIC
2266,194,1.718951320089079,7.796146829633061,0.10073180056071496,2.708489080907327,100.0,1:1_SYMMETRIC
2270,1522,1.0682900453688657,1.837215594141638,0.2993644965960933,0.9452984217110725,99.2661984079698,1:1_SYMMETRIC
2271,2171,0.4159578492140604,0.77062585361818,0.2321895627331434,0.6397681427419002,100.0,1:1_SYMMETRIC
2273,2451,2.2224287426500133,3.4476222748279923,0.339307845620607,0.5441801955154801,100.0,1:1_SYMMETRIC
2274,1295,0.3182107272923202,0.4362864476895822,0.15612214865637777,5.752874876424187,73.43013816589394,1:1_SYMMETRIC
2275,2286,2.353420595662413,5.661705399051536,1.3086818203242403,1.9810951147764513,100.0,1:1_SYMMETRIC
2277,1617,1.83467553783876,6.7717173247339915,0.0508271548396622,0.7079384582299895,100.0,1:N_SPLIT
2277,1618,20.031813400910274,56.18886421080104,1.8192609506726183,11.556234343699032,50.14206115328758,UNIDIRECTIONAL_PARTIAL
2279,530,0.6064402771416482,1.2984504985283136,0.07978599320217696,2.5040484906242,100.0,1:1_SYMMETRIC
2280,233,1.0711255876588464,1.5940667149152914,0.6054339695967692,0.10847335957708992,100.0,1:1_SYMMETRIC
2281,2445,3.3578180435449996,3.469797429566495,3.277758216548698,2.437620433425707,100.0,1:N_SPLIT
2281,2446,7.15649443528681,17.967322905854825,0.6855045984631238,1.1493825569548903,57.19923928193633,UNIDIRECTIONAL_PARTIAL
2281,458,8.435060237652916,17.28833647817148,3.469797429566495,4.58673378983184,100.0,UNIDIRECTIONAL_PARTIAL
2286,2053,5.603865998638521,11.540400341459318,2.2080306888620806,14.94598292701744,93.11614637132897,CONFLICT
2287,592,0.9046590553796419,1.9397659931564357,0.05270163232652918,10.622322998451864,100.0,1:N_SPLIT
2287,593,3.8211857087465244,9.992306884374255,0.6853786770533574,29.933470594742857,100.0,UNIDIRECTIONAL_PARTIAL
2287,591,16.93158651769106,41.18027031812556,1.862642347719253,16.01865020226569,70.89733660969091,UNIDIRECTIONAL_PARTIAL
2288,1353,0.05525936596554554,0.06991921440881209,0.04059951752227899,0.003914352676986255,100.0,1:1_SYMMETRIC
2289,1426,2.457995689411964,5.543117501182073,0.071060724448124,1.1538392821229877,100.0,1:N_SPLIT
2289,1425,10.903854470079704,13.622033410253225,7.833251808242901,26.641246526376847,100.0,1:N_SPLIT
2290,2053,1.6667513679838237,2.2979522513139834,0.678481578800687,7.16720268543142,66.60877134298103,1:1_SYMMETRIC
2292,532,3.71056231807021,5.278235004123536,1.5675732717013031,4.75279258300003,76.91946280016359,1:N_SPLIT
2292,530,14.377962108628823,39.55992907176206,1.2984504985283136,5.148709190741556,65.72197542525036,UNIDIRECTIONAL_PARTIAL
2296,1998,5.019102767505285,5.028627649804342,5.0095778852062285,0.6258515981760411,100.0,1:N_SPLIT
2296,1997,11.332176724970433,23.632429967785725,5.028627649804342,0.6237466464314707,100.0,UNIDIRECTIONAL_PARTIAL
2300,1736,0.31541697875806435,1.6391816149640492,0.008446716504158656,2.130612616382905,100.0,1:1_SYMMETRIC
2302,1735,2.0050821667985983,4.969097869227776,0.004457692461081336,1.4937612539803808,100.0,1:1_SYMMETRIC
2303,2512,2.0614703564847847,4.204942836338049,0.051673680329290365,1.7592897651147439,100.0,1:1_SYMMETRIC
2308,824,21.96250765992258,22.878605047737985,21.046410272107178,0.6070993952852177,100.0,CONFLICT
2312,654,8.41846323866628,9.689641556481002,7.14728492085156,19.95684303875572,100.0,CONFLICT
2315,1728,6.089257101644328,6.964456089272878,4.588915131388673,0.5856369370414711,100.0,1:1_SYMMETRIC
2332,435,4.286280758007664,4.430725693570993,4.141835822444335,7.890275494314153,92.05324093521864,CONFLICT
2333,311,11.771868044749054,14.157191339070032,7.454220082177064,10.115108445751389,100.0,CONFLICT
2333,1671,15.119619224464454,17.206873652242447,13.032364796686462,29.061085685360695,100.0,UNIDIRECTIONAL_PARTIAL
2333,1664,17.179951691768718,25.134419126862568,9.22548425667487,3.488127044957821,99.03729189702754,UNIDIRECTIONAL_PARTIAL
2333,1670,17.910478211461434,18.614082770680422,17.206873652242447,29.05897538280408,100.0,UNIDIRECTIONAL_PARTIAL
2337,1631,0.9634802809514925,1.6461459086815364,0.45896024655281253,5.409900762777738,100.0,1:N_SPLIT
2337,1633,1.1160804511870697,3.6087203396609593,0.02901305144178627,4.286025522294835,100.0,1:N_SPLIT
2337,1632,1.523936321317294,1.5407252613691884,1.5071473812653997,3.5573863424856427,100.0,1:N_SPLIT
2337,1893,12.079291873893006,20.549863408125052,3.6087203396609593,15.945425751996424,100.0,UNIDIRECTIONAL_PARTIAL
2337,1630,12.22692630274719,32.679141447969755,0.5759477560859521,4.824321205696776,77.61620968242774,UNIDIRECTIONAL_PARTIAL
2338,1391,18.168457317708498,26.636894387781602,7.976690724861127,14.251523361337092,52.52386882540262,1:1_SYMMETRIC
2339,1419,1.4586005977362941,1.49307272677293,1.4241284686996583,2.1268896646114968,100.0,1:N_SPLIT
2339,1420,1.5417496746512978,1.9235132930527499,1.0772933892616676,1.4911980342647553,100.0,1:N_SPLIT
2339,1418,1.556828720934908,1.721940476618197,1.483267163549504,2.4745194982170347,100.0,1:N_SPLIT
2340,96,1.4960432875714185,3.015700118831879,0.37307739138212,1.9442865640963305,100.0,1:1_SYMMETRIC
2341,102,2.0108305063679426,3.7805177588205257,0.03799696983254212,0.08292330385276614,100.0,1:1_SYMMETRIC
2343,1586,1.1767428948325487,3.1866269824761932,0.07703654341213205,4.689295845541267,100.0,1:1_SYMMETRIC
2344,2342,4.202909061769067,7.8724988374403475,0.07233546249461414,0.1800298732359238,100.0,1:1_SYMMETRIC
2345,210,1.6854414852561201,1.7118199668301475,1.6470841556378213,0.6707094193019998,100.0,1:N_SPLIT
2345,205,1.8688258343848092,6.044913158033878,0.14218561318355868,0.12988672302469695,100.0,1:N_SPLIT
2347,456,5.972161001160069,10.334944329654588,1.6093776726655502,1.8442818550691982,71.18600435623355,CONFLICT
2349,1187,0.9689138334834553,1.5098748032167868,0.29446833771923314,0.32731802252760644,100.0,1:N_SPLIT
2349,2362,4.436992277277403,12.68487524666948,0.29446833771923314,1.5707942776782033,100.0,UNIDIRECTIONAL_PARTIAL
2350,1997,5.5049467651236865,5.761841726097098,5.335472557321231,1.2082525413482017,92.68640710063801,1:1_SYMMETRIC
2351,944,6.588957487113612,7.864116486602439,3.7475509469377823,13.683307673244997,80.15734854273934,CONFLICT
2352,2430,3.371123852503722,3.839765098131379,2.9901015169742258,2.4540302387985378,100.0,1:1_SYMMETRIC
2354,1408,2.6736666870063854,4.349863009963366,1.4216680216416104,4.173893319414958,100.0,1:1_SYMMETRIC
2355,1236,0.7714666507724572,2.0876136973316095,0.03820966498690951,0.5381506929778084,100.0,1:1_SYMMETRIC
2358,1297,1.4405405498770987,3.6783164405436106,0.06450724856332563,1.5226234198012207,100.0,1:1_SYMMETRIC
2360,2461,0.7452255791885409,0.9940682172537215,0.49638294112336045,1.663422014026196,50.70638204204004,1:1_SYMMETRIC
2361,2461,2.493332348442507,13.437407937940593,0.012238912304584295,0.5619985933851694,78.04813764878897,CONFLICT
2362,174,1.110657274848208,1.8831585399322104,0.6663737129507352,0.8781359092882894,100.0,1:1_SYMMETRIC
2363,1557,0.6722492579218698,0.8764591805181381,0.43298830561842877,0.3663985848862694,100.0,1:N_SPLIT
2363,198,24.790276196631325,70.14239730095011,0.8764591805181381,1.490025262900872,56.72831892242076,UNIDIRECTIONAL_PARTIAL
2364,1923,1.7671228634092166,7.5043483347386575,0.14112699811315746,2.168359979106981,100.0,1:1_SYMMETRIC
2368,2312,0.7350795240483685,0.7379906149376463,0.7321684331590906,4.016128120384508,100.0,1:N_SPLIT
2368,2313,1.5311281949691662,2.658061175666743,0.7379906149376463,2.7462949967115833,100.0,1:N_SPLIT
2368,2310,12.502045428942658,23.08022381829976,1.9238670395855546,4.021264221580452,100.0,UNIDIRECTIONAL_PARTIAL
2368,2311,13.539647348397134,106.45218284125094,0.588881834078896,21.120920815960403,55.53246852535444,1:N_SPLIT
2373,2186,1.2826203325614933,2.4913635136829155,0.35007118805545634,1.2585987068651434,100.0,1:1_SYMMETRIC
2374,2369,0.22184228815635176,0.4208065405562608,0.03458851733770387,0.0012474764574790242,100.0,1:1_SYMMETRIC
2375,2408,0.8026801768243897,1.6394888923647337,0.1760691497339434,0.050934988493224864,100.0,1:1_SYMMETRIC
2379,1063,2.210013387565254,2.5329077605146817,1.8473410748940517,1.4694051796243741,100.0,1:1_SYMMETRIC
2382,2171,1.0835677252474643,1.3965095968767485,0.77062585361818,0.6406365452645275,51.808820062721935,CONFLICT
2383,2473,1.649873305279249,3.057980907447832,0.7428129495639653,4.549154748379635,100.0,1:N_SPLIT
2383,2492,16.046044094418708,26.83178723070515,5.260300958132263,19.00309130988569,91.55636246360739,UNIDIRECTIONAL_PARTIAL
2384,460,2.5403893342461514,3.588376374264216,1.4924022942280868,6.594859695796686,100.0,1:N_SPLIT
2384,2431,7.2610077843708005,12.242311047409284,2.2797045213323175,11.773924481677966,100.0,UNIDIRECTIONAL_PARTIAL
2385,2076,6.903840548370619,11.969651339324091,1.8380297574171462,3.560875228687337,51.93696293496261,CONFLICT
2388,1595,2.8279058119280958,4.755766662830995,0.09390468936775374,0.611045768218446,100.0,1:1_SYMMETRIC
2390,1424,2.0017389024356906,4.363363277985457,0.06031514694301604,1.6852567564315848,100.0,1:1_SYMMETRIC
2392,1445,1.0694098523945157,2.1786552813164155,0.19322883188170328,0.5323072785462841,100.0,1:N_SPLIT
2392,1450,13.9703732824749,39.80574183372246,1.0473595348271452,4.291131772901849,63.001186093300845,UNIDIRECTIONAL_PARTIAL
2394,1436,19.204330565706833,50.08591360719058,0.052509095875273144,8.84587760596736,57.701914808877916,CONFLICT
2397,2128,1.7384082360581763,3.0241430724527296,1.0736206876792178,0.06937266468116832,100.0,1:1_SYMMETRIC
2400,2096,2.1392229413388266,4.471902499067417,0.058217788386928905,5.712394871317684,100.0,1:1_SYMMETRIC
2401,1427,3.6490310190171718,9.287973248654668,0.14872581286441577,9.076229037520136,100.0,1:N_SPLIT
2401,1950,19.39712794666858,27.923436590365096,10.870819302972064,8.36924750666094,84.79888388914574,1:N_SPLIT
2404,1712,1.863551916161495,3.8666096445189497,0.006626090601854827,0.863610421383953,100.0,1:1_SYMMETRIC
2405,57,0.8620358401042126,2.660698117926772,0.0074415261447375045,27.46692329481118,54.924179984373986,1:N_SPLIT
2405,1429,9.301996515574613,27.784759812751595,0.030198170136663937,27.46692329481118,54.924179984373986,UNIDIRECTIONAL_PARTIAL
2406,360,1.8540155072261657,3.3204017628791944,0.967980779112089,6.236124642520963,100.0,1:1_SYMMETRIC
2418,64,10.940242079183355,30.265364173425393,0.8368045339347168,6.938683141063564,53.98587084171827,CONFLICT
2421,1721,1.0267549977800368,1.179716802908059,0.8737931926520148,0.15198237128259962,86.24754009974659,1:N_SPLIT
2421,1719,16.34229989154986,28.806359792221905,3.878239990877818,0.7720296222412912,84.6549259441183,UNIDIRECTIONAL_PARTIAL
2422,1701,1.8862560946899944,3.878239990877818,0.16497206944820844,1.1888555039350592,100.0,1:1_SYMMETRIC
2433,2139,2.202730757083986,4.046161051426127,0.4029078413013317,2.092226188946654,100.0,1:1_SYMMETRIC
2435,832,17.4218568182342,26.646291646856188,8.197421989612215,24.91014817947155,89.19469039019708,CONFLICT
2437,2322,6.123390925137851,6.616368665368513,5.63041318490719,2.179051958433206,100.0,1:1_SYMMETRIC
2438,1763,5.161868423487306,5.430799687208262,4.89293715976635,1.640525007329984,64.80994352156215,1:1_SYMMETRIC
2449,1524,6.739504467870349,7.274962400118549,6.204046535622148,0.44781554520454847,100.0,1:1_SYMMETRIC
2460,308,1.175026150546227,2.4520993933494473,0.024318315846613984,0.0026736598045431492,100.0,1:1_SYMMETRIC
2462,1417,0.959598343447963,3.525708380163253,0.12754138989062447,0.780484618868627,100.0,1:N_SPLIT
2462,1418,4.378643168203034,12.386840615311959,1.4615268183445156,1.659882978129076,100.0,UNIDIRECTIONAL_PARTIAL
2462,1419,22.613862564703087,32.84088451409421,12.386840615311959,1.3122531445235381,61.576299837325486,UNIDIRECTIONAL_PARTIAL
2464,1543,2.7305952227087613,9.028141802838284,0.871070735666583,2.3727195559644656,100.0,1:1_SYMMETRIC
2465,1221,2.6139790492506125,3.0999344359298227,1.7242685227431265,0.008133048228785356,100.0,1:1_SYMMETRIC
2466,1653,0.7447001651500295,4.254864000285179,0.04964765798605908,7.381751652302739,54.67404316637053,1:1_SYMMETRIC
2467,1643,3.949568514944062,4.018137651637923,3.8917676134000154,8.228447735067675,100.0,1:1_SYMMETRIC
2468,1886,1.6890841691399263,1.7073353073021187,1.6708330309777337,0.8254320673403299,100.0,1:N_SPLIT
2468,1887,2.028240561967439,2.690299532919146,1.6057434973882712,0.7148007390899807,100.0,1:N_SPLIT
2471,2289,0.7140102179722877,1.147635058895191,0.004073347072375103,0.25470612476357246,100.0,1:1_SYMMETRIC
2475,1956,0.05616807362021168,0.06129752014648724,0.04607092999453334,1.1159337813891739,100.0,1:N_SPLIT
2475,1946,0.06641480764249746,0.094424719976519,0.04607092999453334,4.501282629988282,100.0,1:N_SPLIT
2475,1955,0.09032510814422293,0.1195144455688314,0.06113577071961444,1.1143113413045285,100.0,1:N_SPLIT
2475,1948,23.414089731518818,46.73375474306112,0.094424719976519,4.500835512612355,53.4182835870597,UNIDIRECTIONAL_PARTIAL
2477,2253,1.3174314875669642,1.8777258501712528,0.9660760659547225,0.6454428177126488,100.0,1:1_SYMMETRIC
2478,1328,0.6540887091306565,1.3644756907093334,0.13008452162379144,1.9642861283244883,100.0,1:1_SYMMETRIC
2479,1047,2.924281933811921,4.427461277234439,1.2470886595763047,1.0919442623170426,65.0104388263667,1:1_SYMMETRIC
2480,6,4.205280215808692,5.21231404917193,3.1982463824454532,1.9959895864203645,100.0,CONFLICT
2481,1533,1.8367198317910638,2.225460548757212,1.6418372399601762,4.152192958404271,100.0,1:N_SPLIT
2481,1532,3.274405819351787,3.8265222894190076,2.722289349284566,7.112629910226275,100.0,UNIDIRECTIONAL_PARTIAL
2481,1534,3.2957823841792804,3.8473985978731466,2.7441661704854137,0.07332294003640527,100.0,UNIDIRECTIONAL_PARTIAL
2482,706,0.06528929330798691,0.09106259015954611,0.0395159964564277,0.04160092039603569,100.0,1:1_SYMMETRIC
2483,1441,1.2428034643094061,2.0144567717656896,0.31647389741253873,1.1543100264908617,100.0,1:1_SYMMETRIC
2484,1110,0.764850639941419,1.204291088700748,0.5229240634931983,0.60700081656978,100.0,1:1_SYMMETRIC
2485,2218,1.429363030747405,3.5412474442719417,0.04944643737645723,0.5585849067305162,100.0,1:1_SYMMETRIC
2489,1569,2.3153443733130126,5.797641546635194,0.27693872447345375,5.12462741782349,100.0,1:1_SYMMETRIC
2491,1373,3.1637418576548506,5.534837706040163,0.09697532576757796,0.8789933030577117,100.0,1:1_SYMMETRIC
2492,1162,2.785095770494804,7.388852541874558,0.08458300083078289,15.171565518336251,70.6402168846095,1:1_SYMMETRIC
2493,8,3.6036074250377332,4.218395721612292,2.9200445160989608,1.3721172311260261,100.0,1:1_SYMMETRIC
2495,972,7.0689753664355,12.128516693474817,2.0094340393961834,1.0729357861300173,100.0,1:N_SPLIT
2495,973,18.03973412960465,23.95095156573448,12.128516693474817,1.076006777821874,100.0,1:N_SPLIT
2496,1776,0.097230557959614,0.10622784492168194,0.08984725513913229,0.13059174436369858,100.0,1:N_SPLIT
2496,1775,0.21280752964617067,0.37557632502565524,0.10622784492168194,0.12780115104879997,100.0,1:N_SPLIT
2499,721,2.235673091636995,4.382633233587336,0.13279153561830542,2.8591452360128073,100.0,1:1_SYMMETRIC
2504,1694,0.12267803815704455,0.4567322922319223,0.013233012675967274,2.7340855248005482,64.26949675525773,1:1_SYMMETRIC
2506,1740,2.21030328559083,3.864328825424079,0.9652741720789115,4.4738270037580605,100.0,1:1_SYMMETRIC
2508,1266,1.8018546966007793,2.3997438421937742,1.0889030903703423,0.15000025135498163,100.0,1:N_SPLIT
2508,2435,20.071378305357193,35.04102092996785,5.101735680746539,2.2462726988501345,66.79123407098861,UNIDIRECTIONAL_PARTIAL
2510,1451,2.7825742524005146,3.713108754793831,2.2883776712431305,0.8598699097403824,100.0,1:N_SPLIT
2510,1452,16.29141919878875,41.385664184911576,3.713108754793831,0.2294020137197208,61.578171420220784,UNIDIRECTIONAL_PARTIAL
2510,1450,21.774705325390013,41.06959627289948,2.4798143778805444,2.82107536736396,59.70301176985687,UNIDIRECTIONAL_PARTIAL
2513,1086,2.516956314256381,15.253220007253997,0.23930704428385516,13.564811327429652,63.28370100307564,1:1_SYMMETRIC
2515,1985,0.8205344532802074,2.0192690735155856,0.27793707851079086,0.2641567673765053,78.72828950828338,1:N_SPLIT
2515,783,17.794176463297145,33.03584418047965,2.552508746114638,2.4376771393700665,74.30674688560049,UNIDIRECTIONAL_PARTIAL
2518,534,1.8347802818941392,4.028997577761193,0.07069949390951677,4.3178881671411204,95.53133012332646,1:1_SYMMETRIC
2520,992,3.654800966725078,4.380676413538109,2.6045891811461654,16.074294303605058,100.0,CONFLICT
2527,1638,3.185308024155251,4.662425874486481,0.95973970422664,4.639215086228205,54.84536872927721,CONFLICT
2532,1215,2.8258042978942566,3.9693731930123226,1.6622578682661435,0.8190337158850411,100.0,1:1_SYMMETRIC
2552,1759,1.6284763753211202,1.8362478119690484,1.3915387974090832,0.2668971210599693,100.0,1:1_SYMMETRIC
2559,236,2.3107940820352963,2.3501925528680574,2.2713956112025357,3.504000727448954,100.0,1:N_SPLIT
2559,239,7.717008121991443,20.774969373510444,2.3501925528680574,10.156302793058842,72.77680333012776,UNIDIRECTIONAL_PARTIAL
2559,237,8.533359171185955,22.240882990599136,1.0877989117561961,3.4934629529026324,100.0,UNIDIRECTIONAL_PARTIAL
2561,1971,0.05031649860857262,0.08077747391415004,0.019855523302995202,0.3119223609667756,100.0,1:1_SYMMETRIC
2563,594,1.3482541327548967,2.9408458580414942,0.2208828452786711,3.7622610645684063,100.0,1:N_SPLIT
2563,595,2.444550312164608,3.2352657381665773,2.077593257066084,10.003708744092762,100.0,1:N_SPLIT
2563,1611,6.079488251662996,9.218130645284496,2.9408458580414942,9.252243445832448,100.0,UNIDIRECTIONAL_PARTIAL
2563,1610,10.459360036298225,11.700589427311952,9.218130645284496,9.251577968262382,100.0,UNIDIRECTIONAL_PARTIAL
2564,1539,1.5264371105885968,1.9866301609611605,0.7944902379179806,0.5188660350784176,100.0,1:1_SYMMETRIC
2565,92,1.7220355794518012,2.7878707545856316,1.0629210203547723,5.141770261491956,54.123822066856775,1:1_SYMMETRIC
2566,146,2.5781320126879472,5.155710470941896,1.6425563021852767,0.1920998133143712,100.0,1:1_SYMMETRIC
2568,119,0.07980656829123325,0.08468789798493037,0.07492523859753612,6.497064568117253,100.0,1:N_SPLIT
2568,117,0.13244886588928184,0.1802098337936333,0.08468789798493037,6.496780613159956,100.0,1:N_SPLIT
2568,116,0.1514966257055084,0.5233268289455102,0.0057986861816939315,10.989992890374253,100.0,1:N_SPLIT
2568,118,5.120599678703784,73.34926135692352,0.011361395106935188,9.729883192295745,85.548742006863,1:N_SPLIT
2569,725,0.6081113530675033,1.3183501812912097,0.004712931597403026,0.09267405975560905,100.0,1:N_SPLIT
2569,363,2.989404793008785,8.953736043397692,0.004712931597403026,1.600897592550524,100.0,UNIDIRECTIONAL_PARTIAL
2569,364,21.021724355751275,33.08971266810486,8.953736043397692,1.301099364155391,66.37217251193348,UNIDIRECTIONAL_PARTIAL
2570,2175,0.9890294236776472,2.0330463064136377,0.16727129817082537,8.909432194461289,100.0,1:1_SYMMETRIC
2571,2348,0.25570196040118515,0.4730301547499441,0.06981878240064036,0.1348092084685959,100.0,1:1_SYMMETRIC
2572,318,0.29926777661639214,1.194641488813026,0.03946084223724744,1.2290938386257722,96.15656590429961,1:1_SYMMETRIC
2573,1907,1.7229926043569022,2.851846752877361,0.32883644581685273,22.96986206166099,100.0,1:1_SYMMETRIC
2574,1116,0.09564308760634237,0.20921490085927583,0.033954605695511945,0.3091717814475601,100.0,1:1_SYMMETRIC
2575,1720,0.803615867779467,53.97832483349962,0.012879861252902094,5.33855768840499,83.83301659646773,1:N_SPLIT
2575,1702,2.580177459644391,4.281215269926374,1.1584281097388773,29.933183276833915,100.0,1:N_SPLIT
2578,1082,0.9949435981646684,3.672958235485271,0.25626795756577964,0.4300704425481854,100.0,1:1_SYMMETRIC
2579,1852,1.9732794763704178,7.574641887445283,0.26447333435935355,5.425694151286848,86.01897062364246,1:N_SPLIT
2579,1851,3.6130902191047127,9.20723085307695,0.5643668638095365,19.857849101070457,100.0,1:N_SPLIT
2580,2055,11.129706955427881,31.48853118171953,2.100141780415559,10.080558778797297,83.38877084586653,CONFLICT
2581,1542,1.9129012111169066,2.3804622206544575,1.5157870760771799,0.2146747096873014,100.0,1:1_SYMMETRIC
2582,1762,3.2192265205514996,4.436741128459694,2.479023585563634,2.265738695263167,100.0,1:N_SPLIT
2582,1763,7.664962390301898,18.161624451281543,3.1894896196168236,1.673519908742719,66.00217942183035,UNIDIRECTIONAL_PARTIAL
2583,1179,2.8093602184768462,3.5477482303340935,2.117862567020386,0.32253422039019597,100.0,1:1_SYMMETRIC
2584,2310,0.9286607829776525,1.4784076186759247,0.37891394727938027,2.8812213478567514,100.0,1:N_SPLIT
2584,2309,11.746034436354654,23.08022381829976,0.4118450544095466,4.982075291278704,92.96898306255059,1:N_SPLIT
2585,1146,1.2428257649559544,1.8333814703437759,0.5799200868111546,1.6969864997256536,51.91459779415939,1:1_SYMMETRIC
2586,1515,0.9346600841300154,2.253030038508326,0.11416090505860071,0.4726821802202039,100.0,1:1_SYMMETRIC
2587,1175,2.523821705381719,3.316900139412644,1.298014862681071,1.285096226933149,100.0,1:1_SYMMETRIC
2588,1948,0.7529637444751713,1.4380659200503711,0.06786156889997157,1.8491058742232553,100.0,1:N_SPLIT
2588,1590,1.5103619294255506,3.759858392405513,0.41869163724823577,2.6373698848888694,100.0,1:N_SPLIT
2589,1987,1.9409822982488298,3.4729742687416074,0.18989273051976796,0.12062515754325887,100.0,1:1_SYMMETRIC
2590,1676,2.7638285790507084,10.158363420711012,0.37996308067587903,16.730951904686094,100.0,1:N_SPLIT
2590,1678,2.981715270647822,3.401232709704642,2.5621978315910012,17.03438849079231,100.0,1:N_SPLIT
2591,2448,0.603903062994451,0.9597154616786434,0.30955056054123276,0.54396889329945,100.0,1:N_SPLIT
2591,1285,9.275431213654903,17.413258439382425,0.9597154616786434,23.764331865653617,100.0,UNIDIRECTIONAL_PARTIAL
2593,2365,0.8823772917730526,1.6272688204427443,0.04801385263878306,0.07193662519560462,100.0,1:1_SYMMETRIC
2594,2115,3.915904599561659,16.70055219983488,0.37537475060871195,14.208615430593966,100.0,1:1_SYMMETRIC
2599,1575,2.0175042835402417,7.345883971042719,0.41787452909816775,1.2278235338409331,100.0,1:1_SYMMETRIC
2600,1580,2.249017363989213,5.872981572310217,0.060892915127596925,4.297095580743189,100.0,1:1_SYMMETRIC
2605,2531,2.8280263582730147,3.873247897753347,1.1523761091767413,2.303936016451928,100.0,1:1_SYMMETRIC
2607,1160,5.064226448157076,7.427470940697659,3.0735975653987087,8.390608236733954,100.0,1:N_SPLIT
2607,1159,6.177743810785744,14.678715691657462,3.038280381728712,15.338404515253046,100.0,UNIDIRECTIONAL_PARTIAL
2607,1155,10.615559754464982,25.113285455344684,5.9690877180131885,9.469819214416503,99.66305488524976,UNIDIRECTIONAL_PARTIAL
2608,2221,2.6412303172384544,3.494938493873808,1.5916677279289568,0.5637394406317071,81.04839171983342,1:1_SYMMETRIC
2610,1292,4.384038333675195,8.977208705616208,2.075975226855056,10.424145379203878,100.0,1:1_SYMMETRIC
2616,1746,1.6191481947591526,6.740488197289112,0.1719952803802809,2.9856195386679474,100.0,1:N_SPLIT
2616,2106,2.2765150669932903,6.740488197289112,0.05258634437327569,18.652665990780918,100.0,1:N_SPLIT
2616,1745,7.81867602919469,14.334069990953934,1.9489898263159824,9.229633208810412,100.0,UNIDIRECTIONAL_PARTIAL
2618,698,0.9560689263756843,1.3872912016659797,0.4121072545707594,0.23295881494055948,100.0,1:1_SYMMETRIC
2619,230,0.9155295900108028,2.143841822391681,0.03950009130574313,0.2428055792548207,100.0,1:1_SYMMETRIC
2620,237,0.6673036156661741,1.0877989117561961,0.27124531156177606,3.502233229986473,100.0,1:N_SPLIT
2620,236,20.131278824226754,20.774969373510444,19.487588274943064,3.5127710045327944,100.0,UNIDIRECTIONAL_PARTIAL
2622,231,2.912535473336101,6.53597553433975,0.0678267784433669,7.8633146035218715,68.50227101933018,1:1_SYMMETRIC
2623,1449,0.460680282054757,1.6623061173948224,0.06169408550481431,0.1082678790984346,100.0,1:N_SPLIT
2623,1707,4.704220916151315,13.989462851549927,0.06150581139920482,6.26899027592674,100.0,UNIDIRECTIONAL_PARTIAL
2624,741,8.495907197957957,23.630594792215586,1.9550823442592864,4.6871451133552,100.0,CONFLICT
2626,2226,17.21025495403568,23.07795134825952,10.334944329654588,7.786142297110899,100.0,1:1_SYMMETRIC
2627,935,2.9405742247481577,7.4388071884015705,0.5942291276295985,0.8995729913371235,100.0,1:1_SYMMETRIC
2628,2136,2.7434624958539944,5.466261821458898,0.3499252005999467,0.7818903195918665,58.8166689019876,1:1_SYMMETRIC
2629,448,0.8595848369659587,2.3954623370061725,0.32490939655655665,1.5042504957667688,92.686585390032,1:1_SYMMETRIC
2630,934,2.1077473757903182,3.9220357002595443,0.21122150739176485,0.3468099871370214,100.0,1:1_SYMMETRIC
2631,936,1.0763848434451913,2.611999061683081,0.1811502674742002,0.20895877035223975,100.0,1:1_SYMMETRIC
2636,2533,0.06825685850975896,0.2523479726599573,0.01298555666690746,0.3010710167291677,100.0,1:N_SPLIT
2636,1919,0.4190072573289705,0.7487167393016974,0.2523479726599573,0.2991689940704987,100.0,1:N_SPLIT
2636,1920,1.347517618644747,2.044548245426121,0.7487167393016974,1.058508572402502,100.0,1:N_SPLIT
2639,1710,0.00958069621851026,0.014992554566180498,0.0014104294581005804,0.0023298982735582285,100.0,1:N_SPLIT
2639,1713,3.6782144403161054,14.635167514644092,0.012339104631249704,0.017388113161018737,100.0,1:N_SPLIT
2640,2528,1.9275537950166213,4.695640464834446,0.12441413885131958,0.1837395105782207,100.0,1:1_SYMMETRIC
2647,2004,0.74401768544079,0.9196297813252046,0.6355402159751431,0.12324181547597846,100.0,1:N_SPLIT
2647,2003,0.9221888227852253,0.924747864245246,0.9196297813252046,0.12470719958287191,100.0,1:N_SPLIT
2648,303,22.316810684220027,22.568737337230445,22.040143462103263,5.461479953633898,100.0,CONFLICT
2651,558,11.883437405527365,26.825867237031837,4.391086647114391,26.742335187380036,93.10441883358779,CONFLICT
2659,916,0.0574087827807291,0.09697111662166466,0.017846448939793532,0.15817655037528766,59.98352546852711,1:1_SYMMETRIC
2665,1764,1.9629387116805823,2.555534296280254,1.3703431270809108,1.4347348549105163,100.0,1:N_SPLIT
2665,1765,2.587161027523302,2.61878775876635,2.555534296280254,1.432574973600083,100.0,1:N_SPLIT
2665,477,16.74668409464097,61.753288808751755,0.958795286300601,1.7097666676515928,83.48711629913689,1:N_SPLIT
2670,2070,0.5757164544074828,0.7707138880353396,0.38071902077962594,4.771331185417978,79.02723358651092,1:1_SYMMETRIC
2673,1731,2.8692349098062655,3.8290508422258567,2.3873114564408207,0.10162149706337686,100.0,1:N_SPLIT
2673,1732,3.9501375088049273,7.147892274121935,2.315208795852026,1.133424046772177,100.0,1:N_SPLIT
2675,13,3.3612919950373152,7.973336018420164,0.2978572104304982,3.5535590570567024,100.0,1:N_SPLIT
2675,14,10.20659398452109,11.93394729516549,7.973336018420164,8.4563202717477,100.0,1:N_SPLIT
2675,15,15.618264384787004,20.03695457284896,11.93394729516549,10.65131014710056,100.0,1:N_SPLIT
2676,155,4.60617325701522,9.20723085307695,1.3037975369961239,3.879198797723461,56.637464074141,1:1_SYMMETRIC
2677,835,0.5270257226389031,0.6375529148014251,0.36975363946772877,0.026980178779069774,100.0,1:N_SPLIT
2677,825,3.0751660760808237,10.996577636042328,0.36512139813585937,0.19393493668388828,100.0,1:N_SPLIT
2678,1413,0.8271626260912596,1.6432758048924445,0.011049447290074522,2.2550964248425203,100.0,1:1_SYMMETRIC
2679,1506,1.1900094946217996,4.040539779110365,0.11011219960718102,0.5284645937917958,100.0,1:N_SPLIT
2679,1473,1.428587339079362,3.7805177588205257,0.19287638370851412,4.857505289133428,100.0,1:N_SPLIT
2680,1466,1.886156540673739,4.232201007469549,0.576078853810916,1.7822069870811674,100.0,1:1_SYMMETRIC
2681,1168,1.4910146192526383,2.297526656989912,0.9359545291132062,8.975994063599046,100.0,1:1_SYMMETRIC
2682,1619,6.426760703313086,8.856743190605394,2.0977892427178344,16.309443097532437,100.0,1:1_SYMMETRIC
2683,2257,2.4475057811275027,5.76523822946506,0.758499745790259,4.867385757065676,100.0,1:N_SPLIT
2683,2235,3.84304452284742,6.624546160768485,1.0615428849263548,9.024553398475092,100.0,1:N_SPLIT
2684,1477,0.2843559132665407,1.0036435354943216,0.010374091360080391,7.600688929645628,100.0,1:N_SPLIT
2684,1476,15.235756581061578,197.8838952465266,0.007464365212434959,14.023186232444345,71.1350547061049,1:N_SPLIT
2685,663,23.01164682941949,24.863112229768277,18.586138315414768,11.857590651127225,100.0,CONFLICT
2685,1902,24.824635896527163,31.06313347763956,18.586138315414768,8.225148073006835,52.91719849963764,UNIDIRECTIONAL_PARTIAL
2687,1852,2.7201758214262743,4.776079733169022,1.1788146981534777,5.953657840650749,71.88356276884194,CONFLICT
2687,1855,9.190415773781002,22.758914689537626,3.70752918963535,12.334658250476991,100.0,UNIDIRECTIONAL_PARTIAL
2688,1517,1.8132194375402497,2.437984589758087,1.5131338021140572,0.009481771104844938,100.0,1:1_SYMMETRIC
2689,2295,0.45991149699364364,1.077240046671219,0.00029645292044471686,0.3089674045974675,100.0,1:1_SYMMETRIC
2690,2421,0.4566158209617657,0.9591812996318682,0.03438167317817707,11.354649690286067,90.06986591741185,1:1_SYMMETRIC
2691,2441,3.9009038463917807,4.391869253162279,3.6407672704997838,2.8043275044026927,100.0,1:N_SPLIT
2691,2442,5.4454733528056884,7.465579990071691,4.391869253162279,2.803837391058721,100.0,1:N_SPLIT
2691,2444,6.145175460313892,8.060742851968179,3.8769844751737046,3.1816992374064057,100.0,1:N_SPLIT
2691,2443,7.501573063092904,7.537566136114117,7.465579990071691,2.8031184765095247,100.0,1:N_SPLIT
2691,2430,9.75391669643181,21.545000515990345,3.839765098131379,2.642995417983002,100.0,UNIDIRECTIONAL_PARTIAL
2692,2360,0.39984126593476965,0.8995316198035549,0.00045698515580734573,0.28856289029636173,100.0,1:1_SYMMETRIC
2693,1338,4.495216990775992,5.55395974290872,3.4072991049182493,1.2942342204695763,100.0,1:1_SYMMETRIC
2695,2170,1.2942324476356346,2.4314523804827277,0.09824580125652672,1.2242110527939474,100.0,1:1_SYMMETRIC
2696,1059,3.193655611605938,8.348914785438229,0.4924563340196182,3.0126065074730377,100.0,1:1_SYMMETRIC
2698,1547,0.8035017250847829,0.9914197031798455,0.6155837469897203,5.943420921077632,100.0,1:1_SYMMETRIC
2699,178,1.5364982539072813,2.334141410224725,0.36361228526938116,1.7341051897905118,100.0,1:N_SPLIT
2699,181,6.649766022946395,18.844536319699017,0.4891780021504465,24.536171405323103,100.0,UNIDIRECTIONAL_PARTIAL
2700,1570,2.349119934129881,3.44847579166494,1.2620673217029152,0.7725913784948943,100.0,1:1_SYMMETRIC
2704,5,2.1010706030936173,3.170655564830695,1.3379855612703588,0.8453831960203502,77.94385837585416,1:1_SYMMETRIC
2708,2370,0.5025501621302518,1.7505054487507075,0.01922137357199489,0.07081074614620775,100.0,1:1_SYMMETRIC
2709,636,0.9374734090371453,1.129952804103582,0.8391755600694796,0.2503619659715923,52.419992349513166,1:1_SYMMETRIC
2711,1969,0.4768956212045044,1.418441279687433,0.009058429089615069,0.12144093962069746,100.0,1:1_SYMMETRIC
2712,4,7.695398886311229,16.024170514062938,3.510547377158939,0.034188882442720114,100.0,CONFLICT
2713,976,0.43656645696273344,0.5093991336957736,0.3504075001550358,0.3428075242653108,79.29114879411921,1:1_SYMMETRIC
2715,1181,0.22234333719428406,0.4201088058230026,0.015186108215607456,0.5573748367801272,100.0,1:1_SYMMETRIC
2718,1863,1.2432261751104514,1.2847371533608705,1.1780682237259437,0.14073399306687406,61.668406919953654,1:1_SYMMETRIC
2719,2083,1.1736461617180547,2.2530265255462223,0.7905665416624977,5.9263723189359325,100.0,1:1_SYMMETRIC
2720,2089,2.08774091352241,5.042443926192059,0.6813522729704126,0.699162136369921,100.0,1:1_SYMMETRIC
2721,593,3.1836527678958895,7.2890539718206755,0.6853786770533574,22.346007891347995,100.0,CONFLICT
2721,592,22.95756018566663,41.18027031812556,1.5765256548136346,3.034860295057001,58.43592432591931,UNIDIRECTIONAL_PARTIAL
2722,2079,0.2527228241992594,0.3879833983377115,0.11746225006080727,1.9777641788254527,100.0,1:1_SYMMETRIC
2723,86,2.421544184947576,10.559326450655863,0.0611274815990404,1.3015379447541022,100.0,1:N_SPLIT
2723,85,12.445265067265382,37.927532104729444,3.583426178897868,1.3015379447541022,100.0,UNIDIRECTIONAL_PARTIAL
2723,84,20.53319895140172,26.88388948744462,10.559326450655863,4.1342350368719,88.3910593324021,UNIDIRECTIONAL_PARTIAL
2727,1086,6.026102791445075,9.279279592354554,1.8333876820977792,9.61660676046938,57.68495531342389,CONFLICT
2730,938,15.455257155625018,45.484760354718674,0.4353869844884303,14.154521342741248,55.619792080320806,CONFLICT
2731,1446,0.7550728394831883,1.9260397138264786,0.21171246704122124,1.4537882354165959,100.0,1:N_SPLIT
2731,1448,1.0225564925694521,2.47220218440316,0.20611287678102308,1.1412794680865659,100.0,1:N_SPLIT
2731,1447,1.9612631748102627,1.9964866357940467,1.9260397138264786,0.05392852142682614,100.0,1:N_SPLIT
2739,1450,1.4614271921995157,2.258180062884514,1.0473595348271452,1.744408635082209,100.0,1:1_SYMMETRIC
2749,1840,0.8726067464834562,2.1499898650795086,0.06831860927728657,0.3411150383593622,100.0,1:1_SYMMETRIC
2750,918,0.11593876100660407,0.21785494314912612,0.014022578864082001,1.8090116311173574,100.0,1:1_SYMMETRIC
2751,1831,16.62469428931932,19.3551793610773,15.375624929242134,19.91588780110908,100.0,CONFLICT
2751,1832,18.48463917271401,20.53212057035754,13.773723610213963,10.836365475079447,100.0,UNIDIRECTIONAL_PARTIAL
2757,2179,24.938888506393205,28.25865799913876,21.619119013647655,6.458296521356033,51.615709813955924,CONFLICT
2758,1777,0.10259569930055708,0.15932568691642898,0.05904286434684966,0.09054235609983152,79.84535135196504,1:1_SYMMETRIC
2759,625,1.0241668831337114,2.093714744568901,0.10833591802612387,1.4329575935759635,72.41621769663615,1:1_SYMMETRIC
2766,1299,8.431343178467868,23.744452653892186,0.284700374423004,23.801131070208385,100.0,1:1_SYMMETRIC
2779,2379,0.8779496000890108,1.41438259604963,0.472418757383326,18.798380818107148,100.0,1:N_SPLIT
2779,2380,0.9832171942189787,0.9885741579931189,0.9778602304448385,13.307437734758167,100.0,1:N_SPLIT
2779,1989,5.287574973754974,48.30221907368509,0.08165147645062223,6.467617352017442,78.91371597714218,1:N_SPLIT
2779,2433,9.053739580580801,17.148297861529734,0.9591812996318682,26.50765033036396,100.0,UNIDIRECTIONAL_PARTIAL
2780,2423,1.6033618004257086,4.340280689768648,0.03910764571336603,0.46704087756722856,100.0,1:N_SPLIT
2780,2424,8.70391278287939,24.276418098470824,0.9085027113766353,0.15843656053857558,100.0,UNIDIRECTIONAL_PARTIAL
2781,267,18.103475176619202,19.948346923565918,13.19235542570983,11.78076620251096,100.0,CONFLICT
2782,6,1.107863124856584,1.1465881658089707,1.0691380839041973,7.178487172630923,100.0,1:N_SPLIT
2782,7,1.729887371262002,2.109629190975006,1.1465881658089707,0.1784430274184956,100.0,1:N_SPLIT
2784,1532,2.4686201556159526,2.562683813298692,2.3745564979332126,7.096312978329337,100.0,1:N_SPLIT
2784,1531,3.398449250250015,3.9781180476951135,2.562683813298692,2.2767335973201455,72.01569174754599,1:N_SPLIT
2784,1533,4.864067777657542,8.865043526034333,2.225460548757212,4.135876026507333,100.0,UNIDIRECTIONAL_PARTIAL
2784,1534,9.49593700331731,10.126830480600288,8.865043526034333,0.08963987193334333,100.0,UNIDIRECTIONAL_PARTIAL
2785,2058,1.4199320071940538,1.9737024136066694,0.4954328517103497,0.979916495171949,100.0,1:N_SPLIT
2785,2055,22.019077750762886,40.170885247047195,1.888766831032104,26.031445733655232,60.740582378841204,UNIDIRECTIONAL_PARTIAL
2786,1525,2.3041377109867933,2.9866943904150984,1.4922721250705555,0.4330590165275794,100.0,1:1_SYMMETRIC
2787,183,1.284868861264972,1.6387768279456234,0.7119891392652187,0.0635724187347364,100.0,1:N_SPLIT
2787,1553,16.704139944226892,47.004924784006704,1.4929504322408576,1.7538781298938488,62.43550613261104,UNIDIRECTIONAL_PARTIAL
2788,235,2.9599632327816794,8.025207070170504,0.2607505787108002,7.509670015332176,100.0,1:N_SPLIT
2788,237,21.440314661584704,42.23776269948886,0.6428666236805503,29.479106985694216,58.60348492515504,UNIDIRECTIONAL_PARTIAL
2788,726,24.274704708315113,63.97112220438908,7.044179609746964,29.486200685708127,65.24521704613197,UNIDIRECTIONAL_PARTIAL
2791,1505,1.8262758958302108,7.44993350364499,0.4424177727719277,0.8164227941733202,87.8678509124757,1:1_SYMMETRIC
2792,1045,1.8248711199879,4.5626315997385944,0.040804284460313554,3.3959746531127166,100.0,1:1_SYMMETRIC
2793,1033,1.4180180376865121,3.099233678319561,0.6041016047091382,1.5123240792374304,100.0,1:N_SPLIT
2793,2213,4.666293937938277,9.824148012834288,1.897628666234129,23.696148082315972,100.0,UNIDIRECTIONAL_PARTIAL
2795,478,5.527362200430152,8.887962243484491,3.77779121798279,0.062469676953924136,100.0,1:N_SPLIT
2795,479,20.91631880809299,69.51857795963471,2.804456792260115,2.404010337730597,67.38500816773325,UNIDIRECTIONAL_PARTIAL
2796,2279,0.6632400084877988,0.6748183462868877,0.6424954749330755,9.30700229755081,100.0,1:N_SPLIT
2796,2280,0.9829387064222322,2.3264380624947214,0.09303279798894042,2.9832838349656186,100.0,1:N_SPLIT
2796,2278,6.676368420700108,17.705113109496217,0.6748183462868877,9.309104722588813,100.0,UNIDIRECTIONAL_PARTIAL
2797,1607,1.190534221183427,1.3107002529946354,1.0703681893722186,1.6216342521706792,100.0,1:N_SPLIT
2797,1845,1.4516384353255636,1.5925766176564915,1.3107002529946354,1.3341822595418193,100.0,1:N_SPLIT
2797,1608,7.713672015831189,21.00488014085242,1.0657677172689266,0.7043979073549735,100.0,UNIDIRECTIONAL_PARTIAL
2798,1581,1.3822445846906752,3.3136063328139307,0.13519310970302076,8.024881786018057,100.0,1:1_SYMMETRIC
2799,1217,1.047464061323745,1.586779079814818,0.508149042832672,0.21559448859630947,100.0,1:1_SYMMETRIC
2800,705,0.07454696665177794,0.11888070830134387,0.01243302541713651,0.10295632678673883,100.0,1:1_SYMMETRIC
2803,2425,1.4962547718688848,2.011708978355539,1.1604805957886644,1.2919261260690575,100.0,1:N_SPLIT
2803,2424,2.136421332311316,4.340280689768648,0.9085027113766353,0.19599656141946298,100.0,1:N_SPLIT
2804,1876,0.07853183032908981,0.10548076232577731,0.05158289833240231,2.49421938660646,100.0,1:N_SPLIT
2804,1877,0.11656510259114461,0.1276494428565119,0.10548076232577731,2.4914745151003217,100.0,1:N_SPLIT
2804,1871,0.7565124378650737,2.6071237982547895,0.05158289833240231,1.9338983488100325,100.0,1:N_SPLIT
2804,1878,3.0464170577325986,6.544811609358595,0.1276494428565119,7.300333070376496,100.0,1:N_SPLIT
2804,1879,7.829583223063011,10.400574503158113,6.543363556672324,22.362924427024666,100.0,1:N_SPLIT
2804,1880,13.60794413821682,16.815313773275523,10.400574503158113,21.350349300126993,100.0,1:N_SPLIT
2805,1698,0.2080203614007238,0.45442141235887934,0.021808347345108847,1.7968228078258903,72.02994880032585,1:1_SYMMETRIC
2806,1099,1.2763067368973193,1.6701412065853365,0.9243050807011612,0.1626424672497251,100.0,1:1_SYMMETRIC
2807,822,0.5655637067940521,1.000924124272766,0.27269185994885486,0.14468244915053674,100.0,1:N_SPLIT
2807,823,0.9553122910430748,1.6379327221372948,0.27269185994885486,6.607908671028042,100.0,1:N_SPLIT
2807,295,11.263830113111508,32.06172984000061,0.7819420342620405,5.388718335728868,78.99635588858173,UNIDIRECTIONAL_PARTIAL
2808,1060,1.2460533641449196,1.3045497733537887,1.2159273282051037,0.02808258301075739,100.0,1:1_SYMMETRIC
2809,695,0.8735442600720658,1.3337776349362687,0.43725728563243055,0.14704411252080263,100.0,1:1_SYMMETRIC
2810,1559,1.511899369285162,3.2561873778972434,0.13356552061389124,4.1047623905683395,100.0,1:1_SYMMETRIC
2811,501,4.451681185953882,8.361994600854809,1.7576857296721162,3.4988271731313887,100.0,1:1_SYMMETRIC
2812,2373,0.6854480981550245,1.1198055413176993,0.026589267325786026,0.18132734158501762,100.0,1:1_SYMMETRIC
2813,1234,0.28860173165610703,0.9076289768026149,0.015628317623221023,21.064401622358105,78.25961125207735,1:N_SPLIT
2813,1181,22.31417322393394,45.67040498803767,0.9248396466995829,25.12082093259164,53.800525530914086,UNIDIRECTIONAL_PARTIAL
2816,778,20.255573911841875,24.133743900111508,17.33670751570606,8.436980140278422,100.0,CONFLICT
2817,1281,3.2467334347488808,14.332958339694178,0.42252930712597436,8.009160414465782,100.0,1:1_SYMMETRIC
2819,1566,1.1551263983073743,6.789542643081901,0.06365604578158245,0.36207267674313925,100.0,1:1_SYMMETRIC
2820,198,2.6416365086480273,4.038895906505722,1.5605351994638825,2.000785542753249,91.02722036606136,1:1_SYMMETRIC
2821,718,8.984332030638264,14.381403019350147,5.2021940466394,3.1770547494925268,72.48285271180447,1:1_SYMMETRIC
2825,908,1.0724205151335424,1.1517735278346573,0.9930675024324276,0.6746574761899069,100.0,1:1_SYMMETRIC
2826,811,2.94215033553549,11.442256642432246,0.45170916857257826,0.523697537782084,74.10149492408242,1:1_SYMMETRIC
2827,2288,0.9868866515935617,1.1484358957263847,0.7335631385849588,0.020924528961927535,74.66688393273813,1:1_SYMMETRIC
2830,1618,0.8806254414394554,1.8192609506726183,0.13132197328370937,2.8382285643774594,100.0,1:1_SYMMETRIC
2832,2446,0.9592740565466844,1.916917157238221,0.5275849594467005,0.8826262735639148,74.64372009561696,1:1_SYMMETRIC
2833,1407,1.7399409532964636,2.9582501995090835,0.305851003814227,1.0172250907058356,100.0,1:1_SYMMETRIC
2834,1638,2.9685277826625507,5.034491253459322,0.4776123986106289,4.5600279960455055,50.78292338551261,1:1_SYMMETRIC
2835,479,1.7300326306131708,2.804456792260115,0.20625254997189085,3.621892756807938,59.30192978621647,1:1_SYMMETRIC
2836,1782,2.317202140077212,2.8532253158659167,1.781178964288507,5.5450234240734915,100.0,1:1_SYMMETRIC
2838,1957,2.029995867109993,3.174568809388101,1.3485100794714446,5.652523219849741,53.38095984734835,1:1_SYMMETRIC
2839,1084,0.757400931524075,1.8638282742175878,0.19455472990924533,3.3608765471907986,75.86520077543972,1:N_SPLIT
2839,1751,12.231382103617399,24.47165441223234,0.29178844742619875,16.96079982703958,54.88790871606858,UNIDIRECTIONAL_PARTIAL
2840,238,6.492528414244354,65.26640972825984,0.002310328320800409,27.818373056221276,100.0,1:1_SYMMETRIC
2844,923,0.36116395999949247,0.9618828840465264,0.04020859147853397,0.799554222718939,100.0,1:1_SYMMETRIC
2850,2497,1.2952064614584644,2.1390262830254603,0.7628635449546449,2.3136067155918454,100.0,1:N_SPLIT
2850,2496,1.5026158772813059,2.1390262830254603,1.1843445897211633,12.70294938473728,100.0,1:N_SPLIT
2853,2420,0.6292367770011937,0.6603713462902295,0.598102207712158,2.758267103368837,54.021757456202224,1:N_SPLIT
2853,1244,2.1941972393737537,5.85287660911661,0.3499639191010453,5.28453201520972,100.0,UNIDIRECTIONAL_PARTIAL
2854,440,1.3500225324388788,3.7238145553997883,0.09524461106407438,19.763342105175184,100.0,1:N_SPLIT
2854,431,3.3412342840466205,6.451460137240468,0.23100843085277353,2.3068617279068917,100.0,1:N_SPLIT
2855,1734,9.392030287844234,13.221584264706339,5.108521033758162,17.604237461354614,100.0,CONFLICT
2856,559,1.942753854616389,3.409466213740105,0.8329177154053301,8.019191670572923,72.84716349271996,1:1_SYMMETRIC
2858,1737,0.7873565594393829,1.957352212589703,0.20234418996561365,0.5017847462239047,100.0,1:N_SPLIT
2858,1738,2.0067937793099815,2.05623534603026,1.957352212589703,0.5010672080229028,100.0,1:N_SPLIT
2860,2529,4.5234651832831965,8.66584185828573,3.0001165193442048,1.4757470771156704,66.98510563185323,CONFLICT
2863,1505,22.45959407104343,72.65881022561223,0.6740206115423152,2.0935151239476113,87.86829729979095,CONFLICT
2864,2527,0.1928460582112476,0.28023093357036355,0.020788136259924303,8.00058266317177,91.11149772611674,1:1_SYMMETRIC
2868,2097,0.8597787968692172,1.1560137964563244,0.3547961086680629,1.3364293086751218,71.66367120897512,1:1_SYMMETRIC
2877,525,14.923445424749767,23.31046159183846,10.626802713856078,7.029172468229945,100.0,CONFLICT
2877,266,15.142106568824772,16.67005580076085,10.83307196855476,18.424936090607048,100.0,UNIDIRECTIONAL_PARTIAL
2896,1699,0.914180904482719,2.460895820397961,0.0967818687748896,18.42196125228986,100.0,1:N_SPLIT
2896,1584,8.153080211034393,27.07635271364934,1.2386500934816411,23.997653432540943,87.13948268392564,1:N_SPLIT
2898,143,3.4372906000513823,7.252159196578005,1.8236775855788532,1.650270372632633,92.58628265443603,1:N_SPLIT
2898,145,19.738890484828374,22.021385227033868,17.456395742622885,1.7895597666261551,100.0,1:N_SPLIT
2899,250,2.0686520094247216,8.856743190605394,0.18066297554324845,7.386076425957356,100.0,1:N_SPLIT
2899,219,24.064624603014742,39.27250601542409,8.856743190605394,29.782308953019594,54.14840491025409,UNIDIRECTIONAL_PARTIAL
2900,1947,0.0740401634464797,0.09525837319324769,0.011764587940748774,0.09466503596291886,100.0,1:N_SPLIT
2900,1949,0.25191886733410096,0.40912476199279857,0.09471297267540334,0.09563978502683312,100.0,1:N_SPLIT
2900,1591,0.8323252620671244,1.3734804614871234,0.19559543982498281,0.13984232555424114,100.0,1:N_SPLIT
2902,219,4.27806280059392,4.691341180535292,3.8647844206525486,1.4997746967206922,100.0,1:1_SYMMETRIC
2903,2376,4.279927012692835,14.388439045063608,1.7182655406174527,0.8322758868257552,100.0,1:N_SPLIT
2903,1173,11.910620792365007,21.816781074612063,5.2872197930358205,2.796124273131454,100.0,1:N_SPLIT
2904,2323,2.56299787414951,3.1776189698510175,2.08295089718913,12.923702056464322,100.0,1:N_SPLIT
2904,2324,2.843080696727988,4.231503706766315,1.097002233236181,1.046353806085449,100.0,1:N_SPLIT
2905,2001,2.277073834710374,3.1322848138565775,0.9442883590273377,0.7499364040606906,100.0,1:1_SYMMETRIC
2906,1883,1.7251298238093322,3.1787630605208075,0.2563405382165013,1.3203531291310355,89.21427470873692,1:N_SPLIT
2906,1882,5.832160270867967,16.12757107705174,0.6281420479019866,15.522424086991975,100.0,UNIDIRECTIONAL_PARTIAL
2907,1656,1.786002971030527,2.4834477437014075,1.2474446340914371,15.312319123614373,100.0,1:N_SPLIT
2907,1657,3.5368241653617765,7.25147828596527,0.060097335575970655,4.7367728236612265,100.0,1:N_SPLIT
2909,1624,4.247059781342791,4.710323619598809,3.320611548016574,1.7750135601720558,100.0,1:N_SPLIT
2909,1625,16.45831272221797,41.593881372981826,4.710323619598809,0.20972215678261819,62.32112506422934,UNIDIRECTIONAL_PARTIAL
2910,1325,2.54953486490446,4.005330142357103,0.9542389118053207,6.909435733270072,57.568897062416355,1:1_SYMMETRIC
2911,502,9.475425283609052,15.915872273940453,5.78038001717777,17.741258397451418,100.0,1:1_SYMMETRIC
2912,948,2.1230670463595294,3.689590746520198,0.47382409683161836,0.5747798619649984,95.98380283701722,1:N_SPLIT
2912,947,6.585748487526721,9.342762866759204,3.8287341082942388,19.20003389123366,100.0,1:N_SPLIT
2913,2207,0.5190715786344902,0.9663169808075359,0.0718261764614444,4.602179507006213,100.0,1:1_SYMMETRIC
2914,44,7.792040459921374,12.6201595108479,4.684974796742891,0.6056874710143916,92.98871691732758,1:1_SYMMETRIC
2915,455,0.4155360220808191,0.4824384689412112,0.3596943607377482,3.0210195314143107,100.0,1:N_SPLIT
2915,456,2.6399716259930606,5.950842844575883,0.3596943607377482,3.0214561360310768,100.0,1:N_SPLIT
2918,2287,1.4787464016201894,2.6325706032465783,0.3249221999938005,4.040669763976382,80.31062226988695,1:1_SYMMETRIC
2919,2404,3.5882578905981015,4.226657250717322,2.9498585304788807,2.1553351524509594,100.0,1:1_SYMMETRIC
2920,1239,0.5695092918055698,1.4118592520587547,0.09162226707515259,0.13292488499621413,100.0,1:1_SYMMETRIC
2921,1090,1.0798148228511992,2.5439953019350856,0.0039425720320054375,0.07023929834826959,100.0,1:1_SYMMETRIC
2922,992,2.2486457411822713,3.5452206086645153,0.5961274337361341,16.030467013859976,100.0,1:1_SYMMETRIC
2924,820,7.898984187216782,8.340259334792552,7.457709039641012,1.036442140659318,64.09680640274365,1:1_SYMMETRIC
2925,2153,9.032454561053544,16.065480372104943,4.605217751669326,1.7318500159679786,72.51580016801007,CONFLICT
2927,2214,1.1145556377226582,3.000205760839557,0.08468032629175613,0.06859349428657424,100.0,1:1_SYMMETRIC
2928,2293,0.5358013806579084,1.8287600680147424,0.03593328420551189,0.8705126570550874,92.16289133157352,1:N_SPLIT
2928,1116,10.965844624876382,32.479541686401284,0.20877728736859144,0.398121761955224,76.97465013419841,UNIDIRECTIONAL_PARTIAL
2929,1294,1.1534743450104805,2.188234454203054,0.06571544335402739,0.15200606902919844,100.0,1:1_SYMMETRIC
2930,2377,0.5147785415665911,3.3573877240856196,0.0007425022738715199,3.045748366029841,100.0,1:N_SPLIT
2930,2416,5.904789173797811,8.452190623510003,3.3573877240856196,26.353583813526825,100.0,1:N_SPLIT
2931,2228,2.3088746265859315,3.733781349371449,0.3034944486434924,0.6877098376845652,100.0,1:1_SYMMETRIC
2932,1901,1.4516414061041687,3.4832443068923227,0.430917298641253,0.8445441421534383,63.42218670235293,CONFLICT
2933,1521,0.1306599811615624,0.13849541963192868,0.12282454269119614,0.3637367800303082,100.0,1:N_SPLIT
2933,1519,0.17846357008768046,0.3516212715960574,0.02602292858411882,0.3623788012927207,100.0,1:N_SPLIT
2933,1518,15.536750709986238,45.52280531685367,0.3516212715960574,0.9296462616624126,81.75858797306877,UNIDIRECTIONAL_PARTIAL
2934,190,4.001659687545673,5.559784756225382,2.066795667984242,1.6422542356789904,100.0,1:1_SYMMETRIC
2936,1123,1.3911326293341655,2.4419195813073302,0.21031530694432313,2.156384196060003,100.0,1:N_SPLIT
2936,1122,15.552055505817307,19.124992951921058,11.979118059713556,24.202555060778394,100.0,UNIDIRECTIONAL_PARTIAL
2936,1155,17.519162286254303,40.25709029759387,0.21031530694432313,20.781848956131796,62.93823560073181,UNIDIRECTIONAL_PARTIAL
2937,1158,2.6467662163279204,5.291640304468139,0.3319153492298777,7.755896991826603,92.50601178996197,1:1_SYMMETRIC
2938,1156,2.720132523959853,13.400423219989616,0.026563607516871125,3.079733166336382,97.28803901229621,1:1_SYMMETRIC
2939,2400,1.7431187065723113,2.292073226477609,1.1012021837192139,0.49017407968921134,100.0,1:N_SPLIT
2939,2291,2.480646411258913,2.7353415766590152,2.292073226477609,0.5868024254548914,100.0,1:N_SPLIT
2940,1325,3.6680340536654645,5.006900852602145,1.1070419878139541,3.136720845238699,96.82764247103786,CONFLICT
2942,1290,2.1683972833077165,4.1955691086555,0.7495927533028516,3.580323189348519,100.0,1:1_SYMMETRIC
2943,2294,3.5944956547300935,18.595885773830574,0.14897615707117903,9.943831969187102,100.0,1:1_SYMMETRIC
2949,91,1.7839903514903739,4.025363370701167,0.007150989184863349,0.6689515794867589,100.0,1:1_SYMMETRIC
2950,1863,1.3771464320922204,1.4414681095618822,1.2668731482445401,0.1582591096057513,87.56091980950639,CONFLICT
2963,1531,3.7797390131260564,3.9781180476951135,3.5030228560496988,1.5025462310656224,57.57614191786613,CONFLICT
2967,1770,18.813726553337222,26.502003049018402,11.236305303445326,15.334423867926319,82.33831486389953,CONFLICT
2969,1346,22.766548539346875,25.284009203276515,19.445062011169462,2.359507818548309,92.25290605775191,CONFLICT
2974,1121,18.25956686641147,22.66088451946315,11.157532316001474,22.75614025767527,100.0,CONFLICT
2994,315,7.798799231363154,15.087583385279386,2.749323683787609,20.19653605506187,100.0,1:N_SPLIT
2994,316,16.833164123654424,18.57874486202946,15.087583385279386,20.195867457133147,100.0,1:N_SPLIT
2997,435,3.624017547436047,4.318000964896725,1.942422011691141,7.912344460354973,52.67100497857834,1:1_SYMMETRIC
2998,1897,2.2353589584965063,2.838646790176302,1.8813991687482123,1.5347047424688753,100.0,1:N_SPLIT
2998,1898,3.176606978178187,3.4922871886825306,2.838646790176302,0.5453898190273208,100.0,1:N_SPLIT
2998,666,10.73185872649236,30.05182611280241,0.1577191501096665,12.225858757486492,87.93349177945137,UNIDIRECTIONAL_PARTIAL
2999,1509,1.466907168668161,2.340150630335083,0.5723018184011567,0.8104560434367158,69.33373999820303,CONFLICT
3000,148,1.0819257063565944,2.2571669898836557,0.037232316189958106,1.1248788340348028,100.0,1:1_SYMMETRIC
3001,1936,0.2503178771857542,0.44591296563301897,0.05472278873848945,0.6073377654450951,100.0,1:1_SYMMETRIC
3002,1051,0.6555256919290292,1.376157060338662,0.04695287952180578,1.0722334946251237,100.0,1:1_SYMMETRIC
3003,2277,4.1493661614039,15.525811085924238,0.6006218132878843,8.498151330621539,100.0,1:1_SYMMETRIC
3004,724,0.7759038072051039,2.026353313222973,0.010593268319711248,0.11508916782281631,100.0,1:1_SYMMETRIC
3005,2211,0.6915503289147608,2.061913540562365,0.11576696638295737,2.692506674486424,100.0,1:N_SPLIT
3005,2213,1.762238894656611,3.099233678319561,0.2898543394161432,20.378259233964968,100.0,1:N_SPLIT
3006,2381,0.6599822414084848,1.141170147732599,0.2876531256101962,0.046660011638095966,100.0,1:1_SYMMETRIC
3007,2341,1.6454178574908092,4.0929703866147,0.017995011364228954,5.585165689078053,75.71640947484077,1:1_SYMMETRIC
3008,454,1.8293137045915464,11.432710950529357,0.104637363541071,0.8481044422823629,80.4893697885223,1:N_SPLIT
3008,1315,8.433749751364385,18.151000210053645,1.4884026505123724,2.498097431123938,100.0,UNIDIRECTIONAL_PARTIAL
3009,977,2.795705016424418,3.034383418550293,2.4891634293808234,0.47267017677006606,83.47404866043996,1:1_SYMMETRIC
3010,1891,1.3503267820416813,1.5225330888502502,1.1781204752331125,0.4772378799115131,100.0,1:N_SPLIT
3010,1802,1.5308367340020321,1.539140379153814,1.5225330888502502,0.47625337269346346,100.0,1:N_SPLIT
3011,111,1.351005497689551,3.6081822800254137,0.007131774868832406,9.417831083000351,100.0,1:1_SYMMETRIC
3012,1478,0.1606910567997818,0.2289600990814225,0.12497345284846004,0.18102016256420939,100.0,1:1_SYMMETRIC
3013,761,3.0435452586589915,3.7229361605582465,1.860544868029927,2.3834366942143674,100.0,1:N_SPLIT
3013,783,12.30211480480706,30.081121724868954,3.3810795328541614,0.5080767580682846,83.70059360704242,UNIDIRECTIONAL_PARTIAL
3014,636,1.7871231917744053,4.437786943492493,0.823214142195983,0.8167922327410793,93.90874701486524,CONFLICT
3014,1641,6.591525259164764,16.635560053965722,1.1388058135494294,13.551930983212117,100.0,1:N_SPLIT
3015,1444,1.1472382007373356,1.753375617924392,0.5329628652832635,3.556390838495531,100.0,1:N_SPLIT
3015,1443,1.4550928948618105,2.074131437654385,0.5399945741916549,7.994822656648807,100.0,1:N_SPLIT
3017,1027,0.24289040712405693,1.2649751626561037,0.014943797946781306,0.31422647834079953,100.0,1:N_SPLIT
3017,2207,5.098352665446275,13.063765852875187,0.9663169808075359,1.2488787518394133,100.0,UNIDIRECTIONAL_PARTIAL
3017,1116,16.311010398412353,32.57826104056047,0.04375975626423928,10.38499219927462,76.68554862596298,UNIDIRECTIONAL_PARTIAL
3018,1339,2.7536545262780425,4.510551098025658,2.056963489237276,1.0293320203719531,70.27932019059664,1:N_SPLIT
3018,499,15.035274351145722,36.17640695104366,4.458222887028378,1.0897710290031455,69.01746495194652,1:N_SPLIT
3019,1902,13.273783354778981,18.586138315414768,7.961428394143194,15.50289621227546,100.0,CONFLICT
3020,2052,1.3326055611239405,2.5195596080331932,0.432274883655132,0.8594275550797761,100.0,1:N_SPLIT
3020,2046,7.696532666982851,18.030756799502086,2.5195596080331932,3.584300824259742,100.0,UNIDIRECTIONAL_PARTIAL
3021,1797,0.5440135546428885,0.5562721486747594,0.5317549606110176,18.44860919071732,100.0,1:N_SPLIT
3021,1798,1.0614849384045526,1.9963376803112278,0.5562721486747594,18.448475047160116,100.0,1:N_SPLIT
3021,1796,1.1295719000026483,2.4883729648112056,0.2823864153485261,1.0024801437599535,100.0,1:N_SPLIT
3021,2178,21.026940171000334,43.01246299867375,1.9963376803112278,24.566799261704773,55.81592523361767,UNIDIRECTIONAL_PARTIAL
3022,2504,3.0038452861826284,5.471836996745953,0.5213361162120514,1.6339484506153212,100.0,1:1_SYMMETRIC
3023,2438,1.0264843382374027,1.0726951884433016,1.002549625042161,0.2468743121502257,100.0,1:N_SPLIT
3023,1300,11.424791404700036,31.987198952956167,1.0726951884433016,7.73702267638987,78.72386009546514,UNIDIRECTIONAL_PARTIAL
3024,697,0.9197421022005028,4.984635225567324,0.013857157741498895,4.0897002885172355,99.34273295540666,1:1_SYMMETRIC
3025,996,2.6103146272135627,3.6722005667651443,1.5484286876619806,1.056585839256968,100.0,1:1_SYMMETRIC
3026,1993,2.282589549973171,2.899913470641699,1.3898019574100613,1.1901620998754083,100.0,1:N_SPLIT
3026,1995,2.9755343738243774,3.112222164418162,2.899913470641699,1.4046385748064836,100.0,1:N_SPLIT
3026,1905,4.2649008342918675,6.55915275053749,3.112222164418162,1.4617171479098374,100.0,UNIDIRECTIONAL_PARTIAL
3027,1117,1.7956085897601735,4.168538550829053,0.0049852555580021584,0.8533717917271701,100.0,1:N_SPLIT
3027,1279,10.644916171887328,31.918686161697508,0.0049852555580021584,5.426123187520886,78.64726283156975,UNIDIRECTIONAL_PARTIAL
3028,2416,10.704486209681196,12.249628089483968,9.159344329878422,1.8385501732718694,100.0,CONFLICT
3030,882,1.1974032216730033,1.5772822039134373,0.9859037225945698,0.02176402283492962,50.80724197477594,1:1_SYMMETRIC
3032,1558,2.351111811548221,8.651526959989662,0.1237050466214623,6.598073924849018,100.0,1:1_SYMMETRIC
3033,650,2.6989662301985198,6.702450780318866,0.6222444310148837,2.357866951760343,100.0,CONFLICT
3038,2154,1.472684959462067,3.254371580374901,0.2538355639675631,0.2028023997985997,100.0,1:1_SYMMETRIC
3039,844,1.9686392306861051,1.9976653119057757,1.9396131494664346,1.547272779108539,100.0,1:N_SPLIT
3039,843,10.25586414934655,15.568319008439824,4.9434092902532765,1.772640073474804,100.0,UNIDIRECTIONAL_PARTIAL
3040,1279,0.5401922230004543,1.0670564038314108,0.011077098406475213,1.9356652952014883,100.0,1:1_SYMMETRIC
3044,892,0.33685906026923707,3.6901332360607806,0.011095124380832292,0.45659750986993686,100.0,1:1_SYMMETRIC
3045,2088,2.2251161117316083,6.596318312440656,0.20458506117644976,1.9641064269516733,100.0,1:N_SPLIT
3045,2087,17.248678106230187,37.26706274826795,3.0704252437610906,7.9380148766163074,68.25629481735693,UNIDIRECTIONAL_PARTIAL
3046,1622,1.9196821018950136,2.8173336317693454,1.1382613061683178,1.5988446783085806,100.0,1:N_SPLIT
3046,1620,2.4220752010520523,12.332926543451851,0.15935898052552414,7.919995472630376,100.0,1:N_SPLIT
3047,764,2.259786373490254,3.100411324900086,1.2508259469310008,2.7257675958538243,90.47071047384505,1:1_SYMMETRIC
3048,1365,2.6452206064376873,3.8539319870513986,0.20340214086170105,0.9442703743497418,100.0,1:1_SYMMETRIC
3049,234,2.549469842552721,5.385465018335713,1.3965456312551952,0.1448485307795977,100.0,1:1_SYMMETRIC
3050,938,0.47765220615482806,0.5096802846417089,0.4456241276679472,1.4224158880787172,100.0,1:1_SYMMETRIC
3053,593,0.7695616749384877,1.5765256548136346,0.04678069294847115,4.201282951227597,100.0,1:N_SPLIT
3053,592,8.883153635923378,16.18978161703312,1.5765256548136346,23.51243054751859,58.48628088253396,UNIDIRECTIONAL_PARTIAL
3054,1363,0.0347893768843139,0.04982307401968954,0.019755679748938253,0.007397662577318442,100.0,1:1_SYMMETRIC
3056,1004,2.1067258624356424,3.7892316863197237,1.0114376984657134,1.592143676058754,100.0,1:N_SPLIT
3056,1003,2.529534969049466,3.961997542669273,1.5573422570300208,1.0873120829274114,100.0,1:N_SPLIT
3057,1008,1.7120100605295105,2.6038372441229183,0.5920659388725352,2.3398631953213567,100.0,1:1_SYMMETRIC
3064,796,1.9000672090372348,3.3797159766518483,0.24935153547771505,0.14827499817550915,100.0,1:N_SPLIT
3064,795,2.5128630838811494,2.709295501793664,2.316430665968635,11.037961560468034,100.0,1:N_SPLIT
3065,1412,0.0340174905726431,0.057045280937252786,0.010989700208033403,0.023428957774001447,100.0,1:1_SYMMETRIC
3070,365,1.227350339858524,3.4197110806049595,0.2207428655060425,0.943213206693315,98.89457405506468,1:1_SYMMETRIC
3071,64,1.922747595941158,4.327546569241143,0.6038916846476139,6.9183205040279745,100.0,1:N_SPLIT
3071,58,14.831459744863324,23.6700445902255,4.692997872367955,28.07613519478207,68.39093525309971,1:N_SPLIT
3072,2092,0.23544130524413448,0.6555719365211671,0.01900109183681544,0.6414846324748851,100.0,1:N_SPLIT
3072,2105,5.949717127261939,11.800020233242373,0.09941402128150527,3.2666774248555157,100.0,UNIDIRECTIONAL_PARTIAL
3072,1747,7.048813141100549,26.076269157522727,0.3146414399847823,1.0994949069643667,98.11427564580838,UNIDIRECTIONAL_PARTIAL
3074,1783,18.044451590343723,31.261108519837435,11.347711488326112,0.008095780390988239,81.13104939281801,CONFLICT
3083,322,18.412193254213108,20.514374080061113,16.3100124283651,21.301697620981315,100.0,CONFLICT
3083,321,21.216092538636516,21.917810997211923,20.514374080061113,21.30380792353793,100.0,UNIDIRECTIONAL_PARTIAL
3095,1526,2.585656607039933,3.5987124114911566,0.6128740180438911,4.453683612282191,100.0,1:1_SYMMETRIC
3104,1874,0.9399253434815995,1.2202440727929578,0.6596066141702414,4.037308680433739,100.0,1:N_SPLIT
3104,1873,3.242442891030925,5.02322064570637,0.6596066141702414,9.93999317587378,100.0,1:N_SPLIT
3104,1875,3.5316329082902227,10.400574503158113,1.2202440727929578,11.709797672858429,100.0,1:N_SPLIT
3104,648,23.938531434986018,37.476488366813925,10.400574503158113,26.119134144542045,53.84554512554125,UNIDIRECTIONAL_PARTIAL
3105,1773,1.391784054645031,2.9538405254357163,0.06808071168572558,3.1542123835751568,75.15069169006287,1:1_SYMMETRIC
3108,1507,2.2037874927266423,6.954420150213755,0.17126229270115112,7.020115766486242,100.0,1:1_SYMMETRIC
3109,1529,1.020021886521486,1.4933863971484413,0.47522765049061433,6.417496671277377,89.80412716129746,1:1_SYMMETRIC
3110,92,2.368955678153846,8.039486643292808,0.3824207962169123,8.755382004943215,64.47833835279316,CONFLICT
3111,1510,2.688219464838849,4.213467718732922,0.34761536828964656,0.7931764639081962,100.0,1:1_SYMMETRIC
3113,1050,0.5256343607631625,0.6098871032675861,0.32409480597843504,0.17431869278124168,100.0,1:N_SPLIT
3113,1049,0.6607087662995172,1.376157060338662,0.2818744325814548,0.29733519087801596,100.0,1:N_SPLIT
3113,1054,0.8021719092187155,1.0615428849263548,0.57715616997598,0.009204475778062715,100.0,1:N_SPLIT
3114,1057,1.2742445054027534,2.756878756511668,0.08039052113928816,0.21233161044455073,100.0,1:1_SYMMETRIC
3115,1483,1.462934170602014,7.312459074126305,0.011899192918614668,2.685870075100638,93.6535155682904,1:1_SYMMETRIC
3117,1442,1.6171939932573118,2.662333364113262,1.149845942897697,3.2603451548872044,100.0,1:1_SYMMETRIC
3118,1320,0.035531416195091384,0.053625414315013276,0.017437418075169492,2.17197059517855,100.0,1:N_SPLIT
3118,1321,0.2070085810181833,0.947963264475768,0.017437418075169492,0.705785614917545,100.0,1:N_SPLIT
3118,1318,3.707002802574384,16.684023291490227,0.053625414315013276,2.8562326628797905,100.0,1:N_SPLIT
3118,1324,5.673850949570376,15.135919561892864,0.9376700223424973,7.348347410634858,100.0,1:N_SPLIT
3119,546,16.047443388180255,33.45733278137693,0.9206058309327427,4.489391165694087,77.34600186168,CONFLICT
3121,2020,2.394251314730687,4.993614838851535,1.5484273669921806,2.067629814953875,100.0,1:1_SYMMETRIC
3122,2131,1.7238363460438648,2.0915854933096156,1.3128406973854536,0.6085876448872796,61.57986116358144,1:1_SYMMETRIC
3123,1025,0.022394220025529543,0.05368236737840523,0.00638953825929329,0.06425227366912623,100.0,1:1_SYMMETRIC
3125,1763,5.798483455367659,6.255660254020909,5.430799687208262,1.6459980185031213,57.93169044574529,CONFLICT
3126,2243,0.5033324133324183,1.2159273282051037,0.11207215271836644,0.1013071251029487,100.0,1:1_SYMMETRIC
3127,1093,0.7136170019136707,1.8480185330542034,0.029293306229678732,1.084578319846429,100.0,1:1_SYMMETRIC
3128,1088,1.155483728568152,1.5103155840661482,0.8072810126061338,0.07729581757837423,100.0,1:1_SYMMETRIC
3130,1786,2.692051382380617,2.9807152991456554,2.4033874656155785,0.039977227457029585,60.84995725242046,1:1_SYMMETRIC
3133,2204,1.1701415235446895,3.082676976370786,0.1008577817372828,7.101956504473208,100.0,1:N_SPLIT
3133,2202,1.750069024952137,2.058742676160887,1.4413953737433869,0.23011537283099415,100.0,1:N_SPLIT
3133,2200,1.9321534785659755,3.672958235485271,0.8964120410347238,25.33656454166652,100.0,1:N_SPLIT
3133,2203,2.4432634229210004,2.8277841696811135,2.058742676160887,0.2212369533868923,100.0,1:N_SPLIT
3133,2207,5.598284777474081,16.622170374223515,0.0718261764614444,3.933839563654658,100.0,UNIDIRECTIONAL_PARTIAL
3134,2436,1.058042596280846,2.129755994132854,0.11691559612502095,1.034613417758635,100.0,1:1_SYMMETRIC
3135,2166,1.8744313208966714,3.3006642441717036,0.38413121506303655,12.20621768966464,100.0,1:1_SYMMETRIC
3138,2183,5.710117264008389,6.473667649815534,3.7695273319173945,3.788312583381753,100.0,1:N_SPLIT
3138,2040,6.948438255742641,8.128178323113765,6.327226981158588,0.8267540281972856,100.0,1:N_SPLIT
3138,2039,8.199607283649392,8.271036244185018,8.128178323113765,0.825105262094894,100.0,1:N_SPLIT
3138,2035,9.084369186933488,14.53084048348048,6.866039280137787,4.952856318075931,100.0,UNIDIRECTIONAL_PARTIAL
3140,2222,0.9995290050593633,2.810773313067844,0.2040033577634775,0.1525638791480901,100.0,1:1_SYMMETRIC
3141,2452,1.0884280627925884,2.810773313067844,0.1024213818456921,0.03199876383928313,100.0,1:1_SYMMETRIC
3142,1295,1.749103788151675,4.3243840211268525,0.15612214865637777,5.723083761528358,62.22951889041344,CONFLICT
3143,1288,1.429355461453305,1.9770338566781798,0.6279229045917941,0.17460600099735757,100.0,1:1_SYMMETRIC
3144,2364,0.46210858240779873,0.7648654031228469,0.34026790644430593,0.16392454108660104,100.0,1:N_SPLIT
3144,2362,0.6877470134515237,1.3913398864667679,0.33163324744349715,0.03976097533296752,100.0,1:N_SPLIT
3145,1220,3.102138516084837,4.2275094613440265,0.4960592462002605,1.0586658183966051,100.0,1:1_SYMMETRIC
3147,180,0.9062453480271324,2.6093764027187443,0.03868009524495634,0.4294191444784019,100.0,1:1_SYMMETRIC
3152,1159,3.0078189225543412,3.1649697111131525,2.7544280319767904,5.899931747871676,100.0,1:N_SPLIT
3152,1160,14.208581835157837,30.322030054867145,3.0735975653987087,12.847728026390769,81.95451542201103,UNIDIRECTIONAL_PARTIAL
3153,1154,4.848274300247982,13.856847237376646,1.0369488184586317,5.974867885347578,100.0,1:N_SPLIT
3153,1153,15.706260492325354,17.24342582479195,13.856847237376646,15.775306262288098,100.0,1:N_SPLIT
3153,1157,23.0700224319127,24.067540446919075,22.425136093103635,22.194945364959608,100.0,UNIDIRECTIONAL_PARTIAL
3154,10,3.1427176123754674,4.565759646169239,1.8719349834639583,26.578288089536727,100.0,1:N_SPLIT
3154,2333,5.014014231389688,7.6648035285344704,2.223680089515104,9.073901830861416,100.0,1:N_SPLIT
3154,8,8.345804566223748,13.94160336521468,4.001585558499756,17.636354909545787,100.0,UNIDIRECTIONAL_PARTIAL
3155,1673,1.726456081071954,4.030986251715092,0.3354484444225777,22.408715636197087,53.020260159273406,1:1_SYMMETRIC
3157,1144,0.4269071457378121,0.719891735941764,0.07720219801496585,0.8242934607812344,100.0,1:N_SPLIT
3157,1145,14.91124356345644,29.102595390971114,0.719891735941764,0.7375059237008941,85.46028061983803,UNIDIRECTIONAL_PARTIAL
3158,2363,0.9382073320638984,1.4328881991788975,0.5041962277867671,0.28019141396600844,100.0,1:1_SYMMETRIC
3159,2073,0.5163678179562177,3.6217315091295146,0.00477300533527043,0.6924199431095985,84.74179360912618,1:1_SYMMETRIC
3160,2061,0.3191044338394381,0.5554505335437698,0.049190275454105536,0.40592038399665853,100.0,1:N_SPLIT
3160,2104,16.36246448346347,48.66289250622855,0.21218770389107228,0.5749750749013742,51.41720553717812,UNIDIRECTIONAL_PARTIAL
3163,1439,2.126328604925726,3.8028320697584403,0.46824630326509153,2.7701652301665263,100.0,1:1_SYMMETRIC
3167,1157,0.9072232671567194,1.3339651040550036,0.28576403622468866,3.1812353534587032,100.0,1:1_SYMMETRIC
3170,890,1.1962131131305138,2.6464380049723526,0.00847507439262667,0.4384574072437317,100.0,1:N_SPLIT
3170,889,3.392339758018359,9.24818358865393,0.3879833983377115,10.908827254380014,100.0,UNIDIRECTIONAL_PARTIAL
3170,891,3.8328874786688396,7.5520998899137926,0.11367506742388678,2.428941895047217,100.0,1:N_SPLIT
3171,1219,2.3018000629521453,6.399771379781229,0.9367570071408848,3.4696578493899892,100.0,1:1_SYMMETRIC
3172,1644,10.049681778514827,17.150617848800106,2.948745708229549,1.2380573757246793,100.0,CONFLICT
3173,232,2.6665615387874744,3.9906732050844775,1.4650808817880268,0.8023782800309789,100.0,1:1_SYMMETRIC
3174,371,0.745649335719284,5.879694772513407,0.03444585430375262,0.6999248781860388,100.0,1:1_SYMMETRIC
3176,529,3.3526951487325136,4.371072512014252,1.5929897967988706,3.794507431526654,100.0,1:N_SPLIT
3176,530,16.216282817696538,41.04606041460996,0.3627919109026516,4.971964270564911,62.27189040351247,UNIDIRECTIONAL_PARTIAL
3177,89,2.751969510357247,4.079102567155747,0.30672279860945695,3.66379806391393,100.0,1:N_SPLIT
3177,88,8.010830248199367,11.942557929242987,4.079102567155747,4.361164072612041,100.0,UNIDIRECTIONAL_PARTIAL
3179,1149,18.39965190382905,30.370309133795644,5.276264127881274,27.21701661612883,75.71769089788857,CONFLICT
3180,59,3.0070657403528984,8.02181780114813,0.000618813064635639,2.8177350479655274,71.26271585691944,1:1_SYMMETRIC
3183,1024,0.5750953621877866,1.640612582688495,0.1870405411553975,1.6286010203498336,100.0,1:1_SYMMETRIC
3184,1084,1.4433045208277373,4.650159549077702,0.18710227077624025,4.0182165956063045,57.32318994145539,CONFLICT
3185,2104,0.7210260185242412,1.2297387967777043,0.2123132402707782,1.2161836307742533,100.0,1:1_SYMMETRIC
3186,247,1.8216660169490992,6.7717173247339915,0.08699225548953728,1.8752523936575471,100.0,1:1_SYMMETRIC
3187,763,0.8400246557247982,1.946626468711599,0.3143564274634554,4.207143535370733,100.0,1:N_SPLIT
3187,459,1.7644126682053338,3.7725019144835295,0.2935079653228638,3.4367670873647853,100.0,1:N_SPLIT
3187,938,13.417600100226762,39.213841310959225,0.5096802846417089,4.2286152718427275,69.20547805541464,UNIDIRECTIONAL_PARTIAL
3191,937,1.6087053102003752,3.0998076537540005,0.014680210010895804,0.7612518056726572,100.0,1:1_SYMMETRIC
3193,2478,0.3840658544438565,0.669364615219903,0.07221220947608901,0.24400560196568222,100.0,1:1_SYMMETRIC
3194,1009,0.3426964718981579,0.8802550847955064,0.04818287343359343,25.600263128015314,100.0,1:1_SYMMETRIC
3196,450,0.274360141901281,0.4127743524118613,0.1209032267545234,1.5170894352348796,100.0,1:N_SPLIT
3196,449,0.4173855022729321,0.4219966521340029,0.4127743524118613,0.3120873598461458,100.0,1:N_SPLIT
3196,1009,7.696298943247292,17.31767954188319,0.30361132568525506,9.846418314204868,100.0,UNIDIRECTIONAL_PARTIAL
3196,448,9.37495485598406,26.98220962535758,0.5550570350680378,3.570899414486746,77.9347029294508,UNIDIRECTIONAL_PARTIAL
3198,1643,22.645539805779894,22.66790489540921,22.623174716150576,2.7229202798180268,100.0,CONFLICT
3205,1853,1.6172651093862354,2.707739353179167,0.5267908655933036,4.717365389358349,100.0,1:1_SYMMETRIC
3207,1886,8.418472388666693,9.689641556481002,7.1473032208523835,1.7842478722380974,100.0,CONFLICT
3212,2278,2.683978827037226,3.2311939789731814,1.6491738063172185,4.9745956104145534,57.329013266369046,1:1_SYMMETRIC
3214,497,23.539511874502377,25.427340955870157,20.738239077277022,3.3856320548661074,62.146435222631915,CONFLICT
3217,2505,1.2807181338483855,4.296887767363362,0.04637905891921975,0.3142802264214879,72.11606719997378,1:N_SPLIT
3217,1346,20.330143171187675,35.92753347271017,8.32358602699221,3.0329850074707565,65.33713213174003,UNIDIRECTIONAL_PARTIAL
3222,688,14.957424640174322,19.018499442149228,10.909900176791774,23.235528496221775,100.0,CONFLICT
3222,988,15.173766887240376,19.43763359768898,10.909900176791774,4.941725400531709,100.0,UNIDIRECTIONAL_PARTIAL
3222,686,18.94165438659001,21.502530585353963,13.097079303950695,12.300713519642159,100.0,UNIDIRECTIONAL_PARTIAL
3223,1834,3.602181452332668,4.433358332435866,2.1907066548413394,4.733891556886022,100.0,1:N_SPLIT
3223,1835,10.827762032726389,26.825867237031837,0.32530428509632453,2.4175377003692233,78.5590066607187,UNIDIRECTIONAL_PARTIAL
3223,1832,11.007564973174338,24.633012302566772,3.3603030193307784,28.826517032338472,100.0,UNIDIRECTIONAL_PARTIAL
3225,2321,2.6210650370458635,5.276264127881274,0.8173470521129346,10.551871247430483,100.0,1:1_SYMMETRIC
3248,1644,0.7264872620174458,0.9106218234678336,0.5423527005670582,2.7838700340628293,100.0,1:1_SYMMETRIC
3249,2,1.0226275752506035,1.5795697293504358,0.12921402234845486,4.760451769130611,73.90818052281483,1:1_SYMMETRIC
3250,2046,2.5152508890630925,2.5559284870166556,2.474951166720248,2.797860599479577,100.0,1:1_SYMMETRIC
3251,1608,1.0649545113649181,1.1317427812038798,1.0088664861211147,0.5839392233497733,100.0,1:N_SPLIT
3251,1609,1.1647570656555928,2.054348000616617,0.6230974525413435,0.22309012798967842,100.0,1:N_SPLIT
3251,1610,2.0607065353745937,2.0670650701325703,2.054348000616617,0.014437957596840079,100.0,1:N_SPLIT
3251,1611,2.0844760336017094,2.101886997070849,2.0670650701325703,0.01510343516690682,100.0,1:N_SPLIT
3251,1607,5.042504138133416,8.953265495062952,1.1317427812038798,0.3332971214659324,100.0,UNIDIRECTIONAL_PARTIAL
3251,1845,14.98666946899267,21.02007344292239,8.953265495062952,0.04584512883707248,100.0,UNIDIRECTIONAL_PARTIAL
3252,2276,0.5866294108142357,0.7833789514286637,0.16468076110560081,0.11977784670705205,100.0,1:1_SYMMETRIC
3253,2386,1.3327158465383797,1.5900758722135522,1.0254528775836729,0.002809516325896766,100.0,1:1_SYMMETRIC
3254,363,0.13040551605683878,0.18492248928801622,0.009765404031260475,2.102450173132695,100.0,1:N_SPLIT
3254,364,0.16611563754942452,0.18492248928801622,0.14730878581083282,1.802651944737562,100.0,1:N_SPLIT
3254,227,1.5911109379651442,3.105602868627311,0.14730878581083282,0.11136988164653872,100.0,1:N_SPLIT
3256,2178,7.61423756847659,13.232137456641953,1.9963376803112278,20.52355362961373,55.795484742611634,CONFLICT
3257,650,0.7834207655149693,0.8260738433797642,0.7407676876501744,1.9455700744612159,100.0,1:1_SYMMETRIC
3258,2118,1.8864891046865688,4.261477800415884,0.7280253377989743,1.4159332241279117,100.0,1:1_SYMMETRIC
3259,2405,1.223228877995873,2.3746179518630055,0.07244457168630562,0.2146535129142535,100.0,1:1_SYMMETRIC
3260,2417,1.1627252008611118,2.2976178355792234,0.2942955479140772,0.05832543272856583,100.0,1:N_SPLIT
3260,1241,14.586291174517351,40.55055877799389,1.3548111834349605,2.5503658651354613,68.46424175766796,UNIDIRECTIONAL_PARTIAL
3261,1553,1.9394460748778806,2.3859417175149034,1.4929504322408576,1.1411594480123313,100.0,1:1_SYMMETRIC
3262,1605,2.887763772562297,3.255078881441676,2.4742884192162546,9.376745249561907,71.15155610815876,1:1_SYMMETRIC
3263,100,0.7687516469424102,3.6934675234366643,0.06624861947165947,1.538558121432402,100.0,1:1_SYMMETRIC
3265,1800,0.3572696644930591,0.46282891657903924,0.2517104124070789,5.935981110629058,100.0,1:N_SPLIT
3265,1799,1.0280543929258716,1.5543293860141671,0.2517104124070789,5.9352578858764105,100.0,1:N_SPLIT
3265,1801,2.8381310341548573,5.4407269117182,0.46282891657903924,1.8989630412303882,100.0,1:N_SPLIT
3265,2441,7.757271498808998,15.98882241443572,3.6407672704997838,0.21474902291853937,100.0,UNIDIRECTIONAL_PARTIAL
3266,1100,0.9206329572419768,1.2967520854467565,0.6805951716456957,0.3065774112053248,100.0,1:1_SYMMETRIC
3267,1056,1.9394934622064788,3.16773143378951,1.547196166084007,0.3117997021726069,100.0,1:1_SYMMETRIC
3268,2035,7.04389216996825,7.221745059798712,6.866039280137787,5.202687984035379,100.0,1:N_SPLIT
3268,2039,23.418662516488247,28.10526786447947,18.732057168497025,0.575273596135446,67.22828148681988,UNIDIRECTIONAL_PARTIAL
3269,1772,1.7962103894464179,1.8639834372220052,1.698824033410897,0.1955933889404946,100.0,1:N_SPLIT
3269,1771,2.8783446961877335,8.031221705084944,1.4637937002660737,0.09305380046981782,100.0,1:N_SPLIT
3270,1055,1.9669271622563933,2.8328600070137404,0.07031778674134494,0.25217167933101337,100.0,1:1_SYMMETRIC
3271,1889,0.1725273867269888,0.20301740582377947,0.14203736763019817,1.314712649670497,100.0,1:N_SPLIT
3271,1890,0.4299802833833664,0.9198549494911452,0.1670684948351747,1.3095897058528863,100.0,1:N_SPLIT
3271,1888,13.035862726108228,33.067228073151185,1.1279576850758666,5.527595201590401,63.86649369987778,UNIDIRECTIONAL_PARTIAL
3272,1980,2.8577444853275704,3.659320344759306,2.1685106521853665,0.3826039838162387,100.0,1:N_SPLIT
3272,2435,10.190516783023979,23.52910430039292,3.3831257039197093,2.242290057040748,100.0,UNIDIRECTIONAL_PARTIAL
3272,1981,12.68506368668873,33.71663464241284,2.1685106521853665,0.2742551023267765,74.24117497673429,UNIDIRECTIONAL_PARTIAL
3273,2246,1.0562063805786812,2.055152312171897,0.09496363540986436,0.3208293421089934,100.0,1:N_SPLIT
3273,2231,4.0877182504902825,11.713035000285414,0.2682453186039768,0.5791318596856172,100.0,UNIDIRECTIONAL_PARTIAL
3274,699,1.783664366861159,3.7900188845205025,0.8584626689571593,0.00454860048489536,100.0,1:N_SPLIT
3274,620,2.616008979455397,5.387349388763505,1.0829100186322964,17.41113705947248,100.0,UNIDIRECTIONAL_PARTIAL
3274,619,17.14832252718189,28.909295665600272,5.387349388763505,17.42084687980514,83.42229513884769,UNIDIRECTIONAL_PARTIAL
3279,926,0.14918805951769779,0.42832697552207,0.016808484408022354,1.7768773517487944,72.42985115806759,1:1_SYMMETRIC
3280,875,0.27688228854302394,0.47402306821857193,0.1277947314114103,0.12214862080776356,100.0,1:1_SYMMETRIC
3281,199,2.9014704316459126,10.916614479818874,0.3525669189716904,0.6633481732202426,100.0,1:1_SYMMETRIC
3282,714,3.397095581234184,5.06329849785893,2.232788779065386,0.7910609519449849,100.0,1:1_SYMMETRIC
3287,2305,1.3654157092292072,3.0735975653987087,0.7589763236999036,0.9253409905255126,70.0217995174902,1:1_SYMMETRIC
3288,967,1.1760468499609575,1.438825320894501,0.9132683790274141,0.2918145451432963,100.0,1:1_SYMMETRIC
3289,1322,16.962841740876655,28.29556274996362,7.018190465762612,23.2624619855564,95.88700357152148,1:N_SPLIT
3289,1319,21.49524747640241,30.66538198536007,15.574772006903737,22.10981280295931,60.11597510415112,1:N_SPLIT
3292,2144,1.4000437791882097,2.0094340393961834,0.1504372982059648,0.3395250829827887,100.0,1:N_SPLIT
3292,2147,1.9985870585107388,2.664025499415786,1.626196172396026,1.0288497221465036,100.0,1:N_SPLIT
3294,1934,1.187794998642507,1.4872424324042313,0.6410565909264608,0.7810013366643034,100.0,1:1_SYMMETRIC
3296,1809,1.059300983937753,2.4119903916176986,0.22439910098908952,0.4827647817806451,53.182836780886966,CONFLICT
3297,2492,7.459425242236446,10.281307086705445,3.0575261080682803,19.012259126940023,100.0,1:1_SYMMETRIC
3298,33,9.677987351537482,12.748418404449295,2.2442680179740706,8.196867441179165,83.46293573700652,CONFLICT
3300,1410,5.932783419765727,50.7877282523909,0.028500667823527108,6.173814820532755,95.31011393476301,1:1_SYMMETRIC
3301,374,0.3526226227009257,1.7580546681014029,0.002479015829308947,0.0044760808276578246,100.0,1:1_SYMMETRIC
3304,65,3.9947611710811217,10.785237377217262,0.2607100583349897,18.557336777362366,100.0,1:N_SPLIT
3304,59,9.978996705770944,41.83996612102644,0.000618813064635639,0.6462389147646945,60.741074652145436,UNIDIRECTIONAL_PARTIAL
3307,742,7.545878567136962,10.413241169810968,0.1913263965253857,1.484641748264039,62.92490199515165,CONFLICT
3309,1085,0.9529289078179216,1.8333876820977792,0.22774045568859846,0.46770696813456425,100.0,1:1_SYMMETRIC
3312,992,10.338322165108165,16.295967916678222,4.380676413538109,24.509240806830462,89.5217883754555,CONFLICT
3314,531,0.784178161849988,1.459433012490705,0.06565400237469571,0.07175023372894884,100.0,1:1_SYMMETRIC
3315,932,3.41619245197531,7.4388071884015705,0.22085104035685144,25.434524768659173,55.8411035511555,1:1_SYMMETRIC
3320,1008,6.7819477469633105,10.709108686402445,3.7722477060015027,2.2618977698824096,82.39878910467276,CONFLICT
3323,1894,10.129151977502715,12.555361366795072,8.660931473931429,24.13844951217152,100.0,CONFLICT
3323,664,15.80630744078171,17.374135494736954,14.238479386826466,26.250498467626926,100.0,UNIDIRECTIONAL_PARTIAL
3323,1893,20.314312022101227,28.073262677407385,12.555361366795072,19.232182556087253,81.05803354167239,UNIDIRECTIONAL_PARTIAL
3324,2495,0.8451410894543446,7.426685188099282,0.03572836532253952,2.682309951056766,100.0,1:N_SPLIT
3324,2496,20.36916196951515,25.61895196004103,17.743984406152762,17.663427046155448,92.13215836489199,UNIDIRECTIONAL_PARTIAL
3324,1310,21.940222945424907,38.34835923255201,3.512572052640593,26.389970253729757,54.44060457165677,UNIDIRECTIONAL_PARTIAL
3326,1350,2.8874540215200675,3.704339336206864,2.070568706833271,0.45812473209605287,100.0,1:1_SYMMETRIC
3327,1428,0.6314418444119521,1.0595919752437295,0.3196611938589158,0.16357426885105042,100.0,1:1_SYMMETRIC
3328,2420,1.2158399283490404,1.7713085104078512,0.6603713462902295,1.276458436669543,100.0,CONFLICT
3328,1244,20.486121480289015,30.612803612262372,5.85287660911661,3.802723348510426,77.15109456851788,UNIDIRECTIONAL_PARTIAL
3330,1359,1.4887033241184648,2.208534112550076,0.19366908824374718,0.49155937077472345,100.0,1:1_SYMMETRIC
3335,2488,17.412661140587772,26.500840636293468,10.036271232420601,0.6955784609924649,98.23647125015731,1:1_SYMMETRIC
3337,2090,0.6974247389541888,0.9034285582741756,0.49142091963420187,0.37903248942535583,100.0,1:N_SPLIT
3337,1719,0.8905619851232032,0.9034285582741756,0.8776954119722309,0.05894164991764228,100.0,1:N_SPLIT
3338,1870,8.256350984129783,24.633321945138146,0.02553864546467644,0.12638945322856898,57.08329959340149,CONFLICT
3342,1629,14.107146362919506,17.3994462605955,10.570501895246897,7.150886575673098,79.70429486717433,CONFLICT
3342,266,15.8487413376011,16.107334232263867,15.547510875619352,18.778828764827608,100.0,UNIDIRECTIONAL_PARTIAL
3345,2306,22.115646503464898,50.30663769621949,1.9827942038949116,1.2422935986689936,71.51882936123005,CONFLICT
3355,1990,1.9505870063720738,5.050105722287337,0.2429703157990088,1.2459098831473625,100.0,1:1_SYMMETRIC
3358,2354,1.5814921231410517,3.770958440679434,0.01566530594690363,4.049255761067286,88.16916658207353,1:N_SPLIT
3358,1422,3.949333290193988,5.114198975264575,2.7844676051234014,0.8130270477118984,100.0,UNIDIRECTIONAL_PARTIAL
3359,2051,0.7655950694378872,1.3097898156686982,0.187257705207844,9.91253841816473,61.995398510036495,1:1_SYMMETRIC
3360,591,4.159640916446392,4.743673992013774,3.5756078408790106,3.448276902183693,81.75155841710927,CONFLICT
3361,212,1.61901067120357,1.747407027978901,1.4906143144282387,0.7964270651397669,100.0,1:1_SYMMETRIC
3362,1512,2.180264818299758,2.826790036905275,1.5509997881188353,0.30940330418451367,100.0,1:1_SYMMETRIC
3363,2350,1.3797856235115686,1.5850211748277236,1.034558724033115,0.12626738202408205,100.0,1:1_SYMMETRIC
3364,1489,0.25955860446428564,0.340011852309852,0.17910535661871932,0.4978862574561731,100.0,1:1_SYMMETRIC
3365,1272,1.616438515655763,3.670075015513279,0.5924967141988758,1.6902751711229484,100.0,1:N_SPLIT
3365,1271,1.9537800420802993,2.334373157692502,1.1110054131269747,0.1922524610064329,100.0,1:N_SPLIT
3367,648,6.466185824628377,10.400574503158113,2.5317971460986417,8.08711044596157,97.57866869136464,1:1_SYMMETRIC
3368,648,9.256827262755024,15.981857379411409,2.5317971460986417,10.202617920593184,100.0,CONFLICT
3371,1309,2.6181677654079127,2.686701008754465,2.549634522061361,1.2110243565355745,100.0,1:1_SYMMETRIC
3372,545,0.3782502530240054,0.39296039918666864,0.3635401068613421,2.54996125300994,100.0,1:N_SPLIT
3372,546,1.2392175890108592,4.183734861579982,0.27549810480672665,0.5488204377960528,100.0,1:N_SPLIT
3372,544,2.1476167260891446,3.746236107488669,0.39296039918666864,3.491823768134168,100.0,1:N_SPLIT
3373,2355,2.327454774873471,2.93893842531104,1.8890733168842646,6.648862789522752,50.335163957318855,CONFLICT
3373,1184,22.55702330955413,39.700385082477524,3.2642964805552475,5.15399046675094,60.00494573386431,UNIDIRECTIONAL_PARTIAL
3374,712,0.025360038661581867,0.03824866306802774,0.012471414255136,0.019999964674241255,100.0,1:N_SPLIT
3374,716,4.5950579864857275,9.12510387042513,0.06501210254632524,11.717399029842682,100.0,UNIDIRECTIONAL_PARTIAL
3375,1303,1.4498318709329607,2.630350014566223,0.7214986948810068,1.017807727559159,100.0,1:N_SPLIT
3375,1328,24.325979352817946,45.942030587392146,2.7099281182437474,2.178891679307071,51.886533194369655,UNIDIRECTIONAL_PARTIAL
3376,1335,3.858990436294226,3.982961106824861,3.735019765763591,1.245451451878921,100.0,1:1_SYMMETRIC
3377,1999,3.460650614792211,4.489899736440354,2.747913847435103,1.0425722873524421,85.58436084648837,1:1_SYMMETRIC
3378,979,0.35036771498305286,0.4774983830796001,0.1587346357902951,0.03037673525398077,100.0,1:1_SYMMETRIC
3381,2224,0.9154268278287045,1.8767641109848094,0.0225425006255798,0.3049756540077624,100.0,1:1_SYMMETRIC
3382,1282,1.5002134107651957,2.7145118596718865,0.24992225361333234,0.6744837556823882,100.0,1:1_SYMMETRIC
3383,3,1.642836041192852,3.6836324866338277,0.18926347884720748,1.0473723233202463,100.0,1:N_SPLIT
3383,22,3.3559459930946973,3.9187137776759076,2.0540203279908367,6.336261604059075,100.0,1:N_SPLIT
3383,4,6.626547866008874,13.901601681297528,2.4265631490172797,3.5909500761526942,100.0,1:N_SPLIT
3386,881,0.909257932829792,2.0265607109369044,0.0426577142259639,1.5158660176012972,83.24431134615821,1:1_SYMMETRIC
3387,1583,5.171751183229226,14.724105951650538,0.010495943236327522,6.056847621655862,100.0,1:N_SPLIT
3387,1581,21.027608291157296,48.95834811623354,3.0503627355928202,9.44103117253863,61.42274165769146,UNIDIRECTIONAL_PARTIAL
3389,1166,0.46216514143653314,0.532526557951993,0.3268953325223263,8.239981784997724,100.0,1:N_SPLIT
3389,328,1.1742418411718862,2.693098359262376,0.3268953325223263,7.206587984624377,100.0,1:N_SPLIT
3389,1167,5.203679961227459,24.399401796339497,0.06841102134112653,8.18456799435296,100.0,1:N_SPLIT
3390,326,3.0322991435195132,5.207931099551235,0.1892873372895941,4.503198189026591,100.0,1:1_SYMMETRIC
3395,1155,4.358999585690364,5.9690877180131885,1.6462890985066465,10.136393278840814,100.0,CONFLICT
3397,1052,1.962622888058492,3.0903200864510976,1.0133419815634903,0.7773630757528736,100.0,1:N_SPLIT
3397,1063,11.368444973526913,19.646569860602728,3.0903200864510976,12.142639874530033,100.0,UNIDIRECTIONAL_PARTIAL
3398,532,4.946088254069431,9.634716747547708,0.4131599875694299,4.751126822920014,70.1524017602063,CONFLICT
3401,2174,0.8613143045628865,1.3529991611676493,0.2831462683562617,0.7599372059178222,100.0,1:1_SYMMETRIC
3402,1000,1.5127677934053019,2.4119903916176986,1.0280494782157557,5.515193987969752,53.60804426077498,1:1_SYMMETRIC
3403,1194,1.942417405151777,4.0562285248249434,0.1897555882667986,0.6243275723911665,100.0,1:N_SPLIT
3403,1196,12.691952495741145,22.235178651852852,3.1487263396294383,5.346203538122779,100.0,UNIDIRECTIONAL_PARTIAL
3409,628,0.5485041881212943,0.8191059005944783,0.2779024756481104,0.22779495598553012,100.0,1:1_SYMMETRIC
3411,1697,0.2703643133228672,0.914370824497304,0.013683453720532908,0.027438096772186782,100.0,1:1_SYMMETRIC
3412,1612,1.151571939217355,2.4336653519219564,0.1560545191976922,19.773721636118125,57.602221093046005,1:1_SYMMETRIC
3413,1870,0.18959287227177218,0.2689933827570208,0.11019236178652356,0.12795124032737704,87.94824793322631,1:1_SYMMETRIC
3416,62,7.006732415782681,57.84274990761336,0.17245930413428512,14.575847740995187,72.90806812377195,1:1_SYMMETRIC
3419,1981,2.251103550480583,2.332161335493182,2.170045765467984,0.28893980569137057,100.0,1:1_SYMMETRIC
3420,1010,0.4226730390042969,2.1139400642811137,0.0019094717552450083,0.14219375033661663,100.0,1:1_SYMMETRIC
3428,561,7.4132567737835755,13.250639721941372,4.725252955403388,4.445050065823921,100.0,1:1_SYMMETRIC
3429,1707,0.2626220816747207,0.6646663481201428,0.06150581139920482,2.4713517977988317,100.0,1:1_SYMMETRIC
3442,268,17.208009877469397,17.575578678259255,16.628198801716852,6.99762984585152,100.0,CONFLICT
3442,265,18.511730691180443,20.729369368642455,16.96552631675752,15.516893612315585,100.0,UNIDIRECTIONAL_PARTIAL
3445,2306,2.4915907457590807,2.867864497337879,2.2368679041960897,1.4903438235880913,84.30892154526212,1:1_SYMMETRIC
3447,685,20.767170861701107,21.621979329669077,18.412444975776317,16.630357016528876,100.0,CONFLICT
3447,1001,21.36717930586889,24.469203562045887,19.721951537441246,3.97953646098523,100.0,UNIDIRECTIONAL_PARTIAL
3461,650,0.7991386613207864,0.8260738433797642,0.7722034792618085,0.9229552304759636,100.0,CONFLICT
3474,2422,0.6096559073682182,0.8012957834651919,0.3617063649658694,4.7424730584376675,100.0,1:N_SPLIT
3474,2419,0.7726125247921223,1.622531497646279,0.07223330100761517,0.4280055919867891,100.0,1:N_SPLIT
3474,2433,0.7882698652832445,0.8012957834651919,0.775243947101297,1.7679274749464753,100.0,1:N_SPLIT
3474,2425,12.416888237707147,34.03567374622034,1.5924594692548213,0.6953274291315381,74.2303007081454,UNIDIRECTIONAL_PARTIAL
3474,2379,19.638910313076444,46.50576738229835,0.775243947101297,9.477196987203286,54.29440366637884,UNIDIRECTIONAL_PARTIAL
3475,2429,3.226260381992361,3.3991493596904814,2.9201698450716336,0.4714191687486391,100.0,1:N_SPLIT
3475,2430,8.912403457279034,20.82693900979124,2.9201698450716336,2.7690322816074513,100.0,UNIDIRECTIONAL_PARTIAL
3476,1016,0.632060359823585,1.83689120643777,0.11268403598371621,6.7136792464614246,50.96322213582655,1:1_SYMMETRIC
3477,319,0.87759533204294,2.4366002872776034,0.058623419338022544,1.6634897684151042,95.70689541732929,1:1_SYMMETRIC
3478,1411,0.7186587958290506,2.35488248606716,0.0326710613066805,1.052846658186695,100.0,1:N_SPLIT
3478,1409,1.3237155020341076,1.8761101740915402,1.0386702493851396,12.074575935019197,100.0,1:N_SPLIT
3478,1422,2.3837202399596835,2.5593704213843775,2.2080700585349895,4.046147159679435,100.0,1:N_SPLIT
3479,2041,3.0381210150999958,4.775889763088224,0.6661719135954368,12.432858523327013,100.0,1:N_SPLIT
3479,2043,3.203111836228287,4.635627055709746,2.3918457417968413,6.197445699687648,100.0,1:N_SPLIT
3479,2044,3.303329089795409,5.0674012582676955,1.1820399029049333,5.8997379200731075,100.0,1:N_SPLIT
3479,2042,4.672971898573271,4.710316741436796,4.635627055709746,7.860789850635626,100.0,1:N_SPLIT
3480,185,0.6627514022474212,1.3430512558678518,0.29482204675610035,0.6828264160745334,100.0,1:1_SYMMETRIC
3481,99,1.2161344997073469,2.3433936569583547,0.4329628656033364,0.3157717296774081,100.0,1:1_SYMMETRIC
3482,140,2.9808381132441153,4.040539779110365,2.204791688295087,3.094928575569071,74.78712695986243,1:1_SYMMETRIC
3483,140,3.817477621776774,4.527305069011079,2.664193346796678,6.742527497749165,66.08616530210352,CONFLICT
3484,2387,2.3794970997638276,3.278583573210198,0.9610552827021897,0.08561154995464904,100.0,1:1_SYMMETRIC
3486,884,0.7270433292731678,1.7982307119143948,0.009928726190257142,0.021737645837106356,100.0,1:1_SYMMETRIC
3488,723,1.1088430049226938,2.1235098931373453,0.4002330427441132,0.8343633068578811,100.0,1:N_SPLIT
3488,721,17.181042898130666,44.76505020678735,1.9382054180078319,1.5617535928672055,57.1460424858377,UNIDIRECTIONAL_PARTIAL
3489,703,2.3109060194726747,5.230733188446185,0.3652878857707648,7.0279612428983,64.33164066948524,1:1_SYMMETRIC
3491,2178,0.622879555030964,1.1095899599931576,0.1406421748538033,6.050419458416059,100.0,1:N_SPLIT
3491,2181,3.8138318518108103,7.040026677062104,0.4791402593729074,0.7421170695697583,100.0,1:N_SPLIT
3492,1020,0.7108538214211747,1.6202554558981974,0.014568812418073559,0.6805841883606263,100.0,1:1_SYMMETRIC
3493,1577,2.705406805794229,4.101702291572517,1.2839001814004407,2.6161128054617393,88.3748275666928,1:1_SYMMETRIC
3494,112,0.37922379801737915,0.8148137783491315,0.10125592941682307,2.5253141577637166,89.16842719814584,1:1_SYMMETRIC
3495,1337,1.6984227966248182,3.7189984148204305,0.6296554375729463,0.7745090982751321,100.0,1:N_SPLIT
3495,1339,3.8277458292001474,8.679659460882089,0.7466145374810775,0.6481467806927981,50.25167680764846,UNIDIRECTIONAL_PARTIAL
3496,1806,10.339453549837962,13.19235542570983,7.539086392853751,15.787939506029034,84.06412005381159,CONFLICT
3496,265,16.989627449199414,17.365374377852646,16.481286852175398,13.08136093514156,100.0,UNIDIRECTIONAL_PARTIAL
3497,2045,1.9686167611395042,2.824972685937864,1.1122608363411446,5.726293003052746,100.0,1:1_SYMMETRIC
3498,103,2.225414484203112,3.3900319171822737,1.2597329882402937,0.5815794058656252,100.0,1:1_SYMMETRIC
3499,1180,1.3160151280143908,2.9346145328061315,0.4983545300587004,0.6554077168245271,100.0,1:1_SYMMETRIC
3500,2055,1.3853841938760958,2.100141780415559,0.1115664069195695,3.600720355139856,100.0,1:1_SYMMETRIC
3501,1552,1.1201642203081401,2.6933979549457776,0.1170602502309152,0.7050597478394707,100.0,1:1_SYMMETRIC
3503,620,1.6553045977010032,1.8662057855144225,1.3777675309703898,7.021630347689097,100.0,1:N_SPLIT
3503,619,3.5244484650584793,5.397799140200761,1.8662057855144225,7.031340168021757,100.0,1:N_SPLIT
3504,2132,1.183571778600018,2.3889860976075825,0.2007760102046912,0.14082340969162033,100.0,1:1_SYMMETRIC
3505,1118,3.614562319639524,6.72779731983396,0.3321136257755917,0.8645446721073995,100.0,1:1_SYMMETRIC
3506,907,3.903574225266241,5.120803379255548,2.6863450712769334,1.0508506057512363,100.0,1:1_SYMMETRIC
3510,1808,0.4315332553372523,0.43162735747462955,0.431439153199875,0.012964872927227589,100.0,1:N_SPLIT
3510,1774,0.44197494849200436,0.45232253950937923,0.43162735747462955,0.015695753444219918,100.0,1:N_SPLIT
3511,2459,1.1205298077164878,4.76186669400853,0.18770038203355166,0.10394483091414486,100.0,1:1_SYMMETRIC
3512,1196,0.9984510050909672,1.8473780436372516,0.14952396654468292,5.995653427132652,100.0,1:1_SYMMETRIC
3513,1238,0.3992729546374041,0.624598385642078,0.03135958713231847,0.09469341386278529,100.0,1:1_SYMMETRIC
3514,2406,0.5882216466989947,0.9409363264889521,0.08154804470093792,1.0265604008853302,100.0,1:N_SPLIT
3514,2401,0.9300294011487731,0.9354164917389711,0.9246423105585749,2.325774938523068,100.0,1:N_SPLIT
3514,2403,0.9373308356762874,0.9392451796136037,0.9354164917389711,2.324327138233116,100.0,1:N_SPLIT
3515,2472,0.974135130903138,1.8615476659256227,0.18465142965149642,2.057056288456238,83.94334647833351,1:1_SYMMETRIC
3517,1642,1.4680457418803725,3.8988258170505925,0.009808974543608382,2.7410969410130974,100.0,1:N_SPLIT
3517,1643,4.049070485733733,4.309585360356358,3.8988258170505925,2.742153751671026,100.0,UNIDIRECTIONAL_PARTIAL
3518,1371,1.8352433671445192,3.873247897753347,0.10807825163007179,1.0134245489742852,100.0,1:1_SYMMETRIC
3520,4,24.11032549431214,25.872217570601162,22.343126081141254,14.243812457336162,72.80051498538288,CONFLICT
3521,1377,1.224217175716281,2.099268102714972,0.2797310616323847,26.652593793668302,78.08495048223006,1:N_SPLIT
3521,1396,21.197874360093632,36.07789687912025,4.975329869655574,27.16828387401489,64.51255049942945,UNIDIRECTIONAL_PARTIAL
3522,1143,3.1897613302165393,8.328871379898505,0.27358499373937456,5.5439875549217845,72.70403787733916,1:1_SYMMETRIC
3523,1164,1.1997439079724446,2.147439959637279,0.1687379911522246,1.9274042139800258,100.0,1:1_SYMMETRIC
3525,2148,1.5943847328568745,2.4939539440938243,0.3089040421972456,0.032368251190547426,100.0,1:1_SYMMETRIC
3528,1567,2.7612595932096866,2.7721020639535405,2.750417122465833,0.5002461224976287,100.0,1:N_SPLIT
3528,1568,4.73234622258442,11.371643000016174,2.283644283762269,0.2567879705560472,100.0,1:N_SPLIT
3530,2167,1.2314261057492322,3.10862110014113,0.09951439817373206,0.5305940175231854,100.0,1:N_SPLIT
3530,2166,6.527771957511099,13.34579470372573,3.10862110014113,1.073943000069562,100.0,UNIDIRECTIONAL_PARTIAL
3532,819,3.9614784670551138,4.6678600028229145,3.4839005125991753,2.54426500485971,100.0,1:N_SPLIT
3532,820,13.546790055614029,27.149930542387423,4.6678600028229145,2.542846422116469,67.18653895676623,UNIDIRECTIONAL_PARTIAL
3533,276,1.255497138954216,2.2469351253085343,0.39763099542925223,1.2992789605073654,100.0,1:1_SYMMETRIC
3535,2153,4.044898342847864,4.605217751669326,3.4845789340264024,1.1347521353068828,69.43526958362159,1:N_SPLIT
3535,819,15.318607886416165,27.149930542387423,3.4872852304449085,1.634882733155564,91.75751888229206,UNIDIRECTIONAL_PARTIAL
3536,1103,0.600435032439557,1.5916677279289568,0.142808772320583,0.4498035399581113,100.0,1:1_SYMMETRIC
3540,2078,1.5216656173099958,5.070838532902313,0.057854196855220516,5.005557815805446,91.20936244716434,1:1_SYMMETRIC
3543,1867,7.110477722083597,8.91577071502578,5.813501104948829,4.1769824915005245,72.23053816267199,1:1_SYMMETRIC
3544,1868,1.3880752181743512,1.5873075697327335,1.204678209056905,0.16427412660266327,100.0,1:1_SYMMETRIC
3546,1589,2.189373063974931,3.1910182598519015,0.1930270771460796,1.33157406505768,100.0,1:1_SYMMETRIC
3548,1751,0.5982980643968476,2.4154562188783744,0.07044418311384706,16.577690583255674,100.0,1:N_SPLIT
3548,1683,1.8780107045982146,8.8291395178644,0.181299379851643,8.5812858683243,100.0,1:N_SPLIT
3548,1084,17.013963099613747,50.12208194695528,0.28146670094931586,3.7439857909747047,58.816444069957505,UNIDIRECTIONAL_PARTIAL
3550,1848,10.50135170071525,16.18978161703312,4.812921784397384,2.2912915648307717,100.0,CONFLICT
3551,2047,2.5945070517993316,6.836309454862133,0.061443670240404445,16.951561688072616,86.93451140219007,1:1_SYMMETRIC
3552,783,2.681461545967759,3.3810795328541614,2.110796358934477,2.4298504949102835,100.0,1:1_SYMMETRIC
3553,509,3.032864978791853,8.236187662145058,0.1301721186402736,7.14699754702383,91.46740956592106,1:1_SYMMETRIC
3556,2070,0.8337054528607096,1.0800607579083237,0.38071902077962594,2.051297921152127,59.98373948651611,CONFLICT
3561,2519,1.3176852896671238,2.4241358010583953,0.41301455973316675,0.730219339100131,100.0,1:1_SYMMETRIC
3564,2517,1.3118380573369248,1.7453482919142933,0.23918611561366257,0.5781040266469688,100.0,1:1_SYMMETRIC
3565,1711,7.353594042420644,15.057796378915807,3.8336750383631824,4.544105837465111,100.0,1:1_SYMMETRIC
3566,63,1.936431350574341,2.540435689096554,1.339286336675379,0.5770092522956816,98.14582755917056,1:1_SYMMETRIC
3569,2432,9.816812750089492,16.017100227245926,5.601005262991448,1.380989730067597,50.14451127936225,CONFLICT
3570,1755,1.6477911021040228,7.218630036913105,0.19718465910146463,0.9359254136728055,100.0,1:1_SYMMETRIC
3575,671,12.989688187774947,18.62098172220428,7.358394653345613,20.813298150135893,100.0,CONFLICT
3576,2138,0.7121546492316602,1.6885635307793008,0.28329461733047967,8.805894524587075,72.98534409363913,1:1_SYMMETRIC
3582,2322,16.883232809498896,27.36874295867391,6.179374868657019,14.017114317939956,91.46839452600413,CONFLICT
3599,2109,1.875626873650578,4.38798903955901,0.8154444330131867,3.64874050275273,100.0,1:1_SYMMETRIC
3600,1406,1.1542422938805277,2.1165514089033275,0.014692318055175794,0.20428305757559428,63.64949816064279,1:1_SYMMETRIC
3601,623,2.2974528210472513,4.235528449552405,0.35937719254209777,5.179463105577383,100.0,1:N_SPLIT
3601,135,2.6239266413108138,4.235528449552405,0.3086515870291313,7.846293674861812,100.0,1:N_SPLIT
3601,1489,12.131741654608064,35.74656152448521,0.3086515870291313,15.746451801238663,69.94585512913734,UNIDIRECTIONAL_PARTIAL
3602,2421,0.5544334594064616,0.9313802820616389,0.21030844649695565,12.372953119504984,83.96716015821899,CONFLICT
3603,1237,0.8908258106228296,1.3927446278062978,0.1437322877419756,0.24762305504987125,100.0,1:1_SYMMETRIC
3604,1489,3.9324585212152185,18.537225532439663,0.110223970735476,8.948158311055948,100.0,CONFLICT
3606,94,1.1001326719256763,1.1066805837583285,1.093584760093024,1.9036955483960014,100.0,1:N_SPLIT
3606,95,1.9087676549932213,8.943141407877677,0.07369537087695581,2.3185413315663936,100.0,1:N_SPLIT
3606,93,2.9197856916112324,4.599507177581714,1.1066805837583285,0.7249232685110769,100.0,1:N_SPLIT
3607,716,0.0049030323025672316,0.009107506042638684,0.0006985585624957791,3.898241833746283,100.0,1:1_SYMMETRIC
3608,552,0.6668917448675706,0.7593777740822965,0.5744057156528447,0.0944941055093409,100.0,1:N_SPLIT
3608,551,0.7574256505096018,0.7604283817068411,0.7524707957396677,0.1689547937429552,100.0,1:N_SPLIT
3608,550,1.4012796408555226,3.935088422044412,0.3838806836703079,0.6195605419284789,100.0,1:N_SPLIT
3609,1888,0.3947079470865055,1.1279576850758666,0.05441761223665827,3.2987075341000036,87.37000097608434,1:1_SYMMETRIC
3610,1240,0.4212051442362319,0.6574611259921677,0.12346809294027629,0.056116682980700716,100.0,1:N_SPLIT
3610,1241,4.9547586972983,18.341559747173914,0.6574611259921677,3.0467125025792825,100.0,UNIDIRECTIONAL_PARTIAL
3613,1518,1.0961701491367992,1.4565147567646082,0.7358255415089903,0.9248691871766823,62.549489532627724,1:1_SYMMETRIC
3614,175,3.014449174635621,10.926919233693736,0.17767727122721932,7.953961343959264,100.0,1:1_SYMMETRIC
3615,1465,2.1100437400149676,3.076875316273204,0.9809031922782514,0.05312678608817123,100.0,1:1_SYMMETRIC
3616,1677,3.6995198748581224,21.342452974688875,0.23650779224942828,12.403565390222212,100.0,1:1_SYMMETRIC
3617,1124,0.10142327521381692,0.3019694030655977,0.0002135472446520167,12.501694119315403,100.0,1:N_SPLIT
3617,1125,1.8988829004875845,4.0150492365944705,0.0002135472446520167,2.6448476276217434,100.0,1:N_SPLIT
3619,280,1.139135372047818,2.992612483281145,0.04604672759369671,0.09931887122081662,100.0,1:1_SYMMETRIC
3620,849,1.0005056671576158,1.405844471855987,0.19675031204865912,0.14430256082493997,100.0,1:N_SPLIT
3620,941,1.2577229007826063,1.3122081342907104,1.2032376672745022,4.5409376514226665,100.0,1:N_SPLIT
3620,930,1.3861817431078498,1.4601553519249892,1.3122081342907104,4.5409136110091595,100.0,1:N_SPLIT
3620,927,3.400405368198743,9.634716747547708,0.0016638719229211396,3.1494665770878782,100.0,1:N_SPLIT
3621,1066,0.5883111607889366,1.1159275194054226,0.19218990049000317,0.3687839250827665,100.0,1:N_SPLIT
3621,1054,9.014956369532804,25.34854746908226,0.7678166727538116,12.459255683215531,98.56599782017132,UNIDIRECTIONAL_PARTIAL
3622,1035,4.507361236070887,6.634563123509592,0.9000992593113925,5.4582941282024535,100.0,1:1_SYMMETRIC
3623,2216,2.358512817519665,3.5849174669876227,0.665429787926801,4.050585945593582,100.0,1:1_SYMMETRIC
3624,2453,2.348614295454901,3.01287906294945,1.6996281199646721,0.9397054256054957,100.0,1:N_SPLIT
3624,2455,3.6400071695068763,7.762622180618826,1.458130109291163,29.739651787759556,100.0,1:N_SPLIT
3624,1280,10.274069336202999,18.848510552441326,1.6996281199646721,24.160068397959662,79.61511696075104,UNIDIRECTIONAL_PARTIAL
3627,1030,0.602288335777027,1.6567174322394966,0.005976010704267273,0.05100910608507547,100.0,1:1_SYMMETRIC
3630,2389,1.2421688600260814,2.109198133808896,0.6519636939750955,0.6799064353006656,100.0,1:N_SPLIT
3630,1063,6.594225825803147,15.826138268706496,1.8473410748940517,9.550620294060025,100.0,UNIDIRECTIONAL_PARTIAL
3631,195,1.7642805171160432,2.57208181304349,0.3658838294406464,1.5987405615514376,100.0,1:1_SYMMETRIC
3632,1932,2.7631796571115093,4.729111324065793,1.6760061732118485,0.4408257261915196,100.0,1:1_SYMMETRIC
3633,711,0.01707561529708001,0.04383509900978233,0.003290987517087415,0.9533482026578213,100.0,1:1_SYMMETRIC
3634,710,1.903437367369596,4.009395335886564,0.39670501831004873,4.157493177381298,76.12742703187482,1:1_SYMMETRIC
3636,1673,1.819274038668134,4.412606311536297,0.35814662425331395,7.004139559966632,86.23445268472419,CONFLICT
3639,2143,1.0664895957129923,1.3985900796277213,0.8933015874265248,0.12781462104229036,67.10972744578191,CONFLICT
3640,2161,0.9338279331998959,1.308379295822356,0.3202505671501563,1.4177335431446636,55.82469740132725,1:1_SYMMETRIC
3642,843,2.523240341785062,2.789172696413392,2.190476668143799,2.3484217798974214,100.0,1:N_SPLIT
3642,839,3.7863503938121736,5.147533656077042,2.6161768520116397,24.967384567489148,100.0,1:N_SPLIT
3642,840,3.854979529784797,5.395081056041336,2.789172696413392,1.1392663048979443,100.0,1:N_SPLIT
3642,844,7.54690459525798,18.510623968163706,1.9396131494664346,2.1230544855311564,100.0,UNIDIRECTIONAL_PARTIAL
3643,1313,1.114429599848885,1.9355939323882863,0.36900297671107435,0.16481639916429458,100.0,1:1_SYMMETRIC
3644,897,2.0003280915617863,4.064357957252892,0.07703501521432764,2.0787973494907988,100.0,1:1_SYMMETRIC
3645,1706,1.4750862397515305,2.2226935588104655,0.20304782089819504,1.355386567707285,100.0,1:N_SPLIT
3645,1705,16.37605948402036,17.67915255046101,15.072966417579707,3.1934026518606515,100.0,UNIDIRECTIONAL_PARTIAL
3646,2084,3.92897055138352,6.099361692562447,2.215141725932203,24.666367047709684,70.27192500883237,1:1_SYMMETRIC
3648,228,1.775014431832034,3.1571037604083187,0.15808614213650138,0.46671676694847974,100.0,1:1_SYMMETRIC
3651,886,1.2278437917956884,1.8380297574171462,0.35326072547503523,1.8487567288054834,100.0,1:1_SYMMETRIC
3657,248,3.097398841767763,5.563018330384535,0.2880824532983966,16.580815092518947,69.25467671092275,1:1_SYMMETRIC
3658,2100,2.838667244076246,11.260973355255702,0.7104329054860015,4.045756586398397,100.0,1:1_SYMMETRIC
3659,591,3.1065621934402796,3.5756078408790106,2.6375165460015486,4.169603438251784,96.38657352487593,1:1_SYMMETRIC
3662,1660,0.02125072031351733,0.038973423101026805,9.832246775884473e-06,25.522117068173884,100.0,1:N_SPLIT
3662,1662,0.3859541795419699,2.590160058840397,0.004809683373960326,2.280539240860037,100.0,1:N_SPLIT
3662,2323,3.129289932518072,4.369285983305438,2.428423755408383,8.231958950702165,100.0,UNIDIRECTIONAL_PARTIAL
3664,874,2.6735978773053275,5.7574511129957555,0.10838606132511007,6.737980011215143,84.05913140434367,1:1_SYMMETRIC
3665,257,6.425526003713976,19.12966855496081,0.8955534869618769,0.5956593076765557,100.0,1:1_SYMMETRIC
3669,1349,0.12451870145399056,0.23839729915633132,0.010640103751649803,0.0634990089126859,100.0,1:1_SYMMETRIC
3670,439,1.6111261727014519,3.5547740948811337,0.05964598843425095,0.049985115266451885,100.0,1:N_SPLIT
3670,424,1.9053587533848553,2.7674270692028915,0.19633599850388103,0.05120107566301613,100.0,1:N_SPLIT
3670,420,3.4996714213097673,10.113228481883555,0.189449783541865,0.3679923633276303,100.0,UNIDIRECTIONAL_PARTIAL
3671,480,17.116517631807845,22.58564980377959,11.6473854598361,22.645031263255873,74.88130053178179,CONFLICT
3673,2141,1.9926545418152806,2.260099735303374,1.699509853748133,0.559442332856861,100.0,1:N_SPLIT
3673,2140,2.26824157696368,2.276383418623986,2.260099735303374,0.5631872377805394,100.0,1:N_SPLIT
3673,1885,14.791175019323424,98.40678535023208,0.05087516433014923,8.271616086867084,81.99468132926319,1:N_SPLIT
3675,1199,2.1129811542816963,2.228150271870687,1.997812036692706,0.2108451921459391,100.0,1:N_SPLIT
3675,1202,3.940162480608413,7.382789119338277,2.2115944165953083,4.533141964283402,100.0,UNIDIRECTIONAL_PARTIAL
3675,1196,11.37503543169936,20.425175604407638,2.3248952589910803,0.4148509162562277,100.0,UNIDIRECTIONAL_PARTIAL
3676,757,23.677969993771104,26.392635762388856,19.62570555777214,0.6063536303166757,76.3194229028254,CONFLICT
3683,2301,16.151702680510596,17.907933772195022,14.395471588826172,13.491729589886745,100.0,CONFLICT
3688,496,18.5443993515877,20.738239077277022,16.35055962589838,17.97960430095253,71.73574006388762,CONFLICT
3689,1329,1.3682082758204028,2.21242565369219,0.807014693614374,1.2625019835428475,65.35446384570409,1:1_SYMMETRIC
3696,2432,4.268437961598242,5.601005262991448,2.882669719102949,2.6102057948146467,74.99608948003348,1:1_SYMMETRIC
3704,305,0.5806677284472523,2.8099654642976857,0.023542169221177193,2.51415833475437,100.0,1:1_SYMMETRIC
3705,313,0.7037160278913265,1.8189316380133251,0.10772923468322476,0.036590592389188714,100.0,1:1_SYMMETRIC
3707,1855,3.729998923178177,4.927811542008071,2.4613478546418985,1.166527010129073,100.0,1:1_SYMMETRIC
3708,239,3.4156285904372226,4.1067839154013965,2.885022974468596,1.8937807989763087,90.62287753947037,CONFLICT
3709,136,2.925327031882213,3.9538407853715865,0.2725666954596529,1.6784461011419012,100.0,1:1_SYMMETRIC
3710,1177,0.38828617792937054,0.5487692255902179,0.07233546249461414,0.08237121175966422,100.0,1:1_SYMMETRIC
3711,1065,1.0512156194120141,1.4399670443589898,0.6608728146866191,0.07565231758397317,100.0,1:N_SPLIT
3711,1069,3.0029237707645478,6.123194932314263,1.4427871081588568,2.917754389973595,100.0,UNIDIRECTIONAL_PARTIAL
3712,1488,8.260746243152806,23.452302336608412,0.06525446071841062,2.5314787555288945,68.07179385973579,1:1_SYMMETRIC
3715,1244,0.4284506279767273,0.598102207712158,0.22580885292526506,2.0622729188882545,100.0,1:1_SYMMETRIC
3716,2284,0.3616585815552362,1.01738573257938,0.0005232171049747974,0.0016920297364322323,100.0,1:1_SYMMETRIC
3717,1334,0.6562597235660002,0.801479943309346,0.4614721436178686,0.29069542560705486,100.0,1:N_SPLIT
3717,1308,0.7091403334440078,0.7124535831172297,0.705827083770786,0.16381395567458412,100.0,1:N_SPLIT
3717,1307,0.7597662401943516,0.7902814197627251,0.7124535831172297,0.162817208321826,100.0,1:N_SPLIT
3717,1306,1.0791421424032823,1.6168958477044375,0.7902814197627251,0.16475721614853,100.0,1:N_SPLIT
3720,2065,0.6680499307407376,1.6785090155874782,0.10932190094064151,1.1039832109264012,100.0,1:1_SYMMETRIC
3721,1554,3.6598585012373053,11.828388666758409,0.117316595093186,1.3683631668961311,100.0,1:1_SYMMETRIC
3722,1562,2.046413183780691,6.044913158033878,0.3513099974538913,0.08210261072679259,100.0,1:1_SYMMETRIC
3723,1787,2.458872938144956,2.4595393504116494,2.4582065258782624,0.043080591930959145,100.0,1:N_SPLIT
3723,1788,2.9715358849859537,3.986780966953287,2.4595393504116494,0.03838128551419118,100.0,1:N_SPLIT
3723,1786,6.632131088866605,15.034799275105975,2.4033874656155785,0.04006707899520734,75.55984752238615,UNIDIRECTIONAL_PARTIAL
3724,2230,3.8599594246524465,5.9095986454024185,2.515454925433645,1.3275003165091448,53.08837057563019,1:1_SYMMETRIC
3725,2025,2.533810567898265,3.021824887212833,1.358467643329533,4.151989989595052,100.0,1:N_SPLIT
3725,2026,3.0102987169047175,3.021824887212833,2.9987725465966015,0.015017028686372669,100.0,1:N_SPLIT
3726,1202,2.2808885041561777,2.3884113347061926,2.2261039058916543,1.3260813650791192,100.0,1:N_SPLIT
3726,1203,4.359174178841713,7.382789119338277,2.3884113347061926,1.3264273697529347,100.0,1:N_SPLIT
3728,104,1.8829741447077013,2.826790036905275,1.1886176024891095,0.3264892668643711,100.0,1:1_SYMMETRIC
3729,2269,0.981860917475463,2.300169436005316,0.030395331781227972,2.852093646692026,76.31064780046208,1:1_SYMMETRIC
3730,1145,0.15190060171105912,0.22198242408039146,0.08181877934172678,0.2829060950171538,100.0,1:N_SPLIT
3730,1135,0.2679595068886759,0.3139365896969604,0.22198242408039146,0.79369146151123,100.0,1:N_SPLIT
3730,1144,4.873167582910296,14.460481771374194,0.07720219801496585,0.3696936320974942,100.0,UNIDIRECTIONAL_PARTIAL
3731,2356,2.775537225411933,3.9626130813570764,1.7572399115005521,3.4341003012742704,100.0,1:N_SPLIT
3731,2357,16.999958297527577,39.700385082477524,4.45996572089501,11.716758946685673,70.02010679747134,1:N_SPLIT
3732,526,1.1291817402352184,1.1623223077179774,1.1025301795967803,0.2513632710140996,100.0,1:N_SPLIT
3732,692,1.4654628316046374,1.7686033554912974,1.1623223077179774,0.25184690431359513,100.0,1:N_SPLIT
3733,1913,1.7653944453727164,3.1627948723360793,0.7996108288458013,1.2154737274096874,100.0,1:1_SYMMETRIC
3734,1210,2.4236379019342214,2.973482874476558,0.2837767298812903,0.9409937237514328,100.0,1:1_SYMMETRIC
3735,1253,0.9443365136258238,1.5183861410180186,0.4256074149422,0.5180090839132845,90.52348001494914,1:1_SYMMETRIC
3737,2457,2.49086109671975,5.7278409467049585,0.3467146094328999,3.478372465027121,100.0,1:1_SYMMETRIC
3739,216,1.8225051431311636,4.363844934655467,0.21442991872447287,6.056847621655862,100.0,1:N_SPLIT
3739,1581,20.94462339072904,48.95834811623354,2.469468432595015,9.44103117253863,61.42401345433688,UNIDIRECTIONAL_PARTIAL
3740,1550,2.5790709944229295,3.539914546126847,1.1005805762398082,0.319902213137766,100.0,1:1_SYMMETRIC
3741,726,13.061875889695836,13.883534421706354,11.930291247443023,1.5143491271500125,70.15114299222277,1:1_SYMMETRIC
3743,49,1.786705631554223,3.6056076271185735,0.0798614233769169,8.101854719312257,93.09736514557243,1:1_SYMMETRIC
3747,1572,1.1519374987967386,1.8929902499334683,0.3077611937131627,0.3585126543695196,100.0,1:1_SYMMETRIC
3749,1155,1.0667698904782974,1.6462890985066465,0.48725068244994835,11.539563955469163,73.63303928957727,1:1_SYMMETRIC
3750,2367,0.5660957903357556,1.926038755378996,0.03335336230754051,0.3620155362567061,100.0,1:1_SYMMETRIC
3752,1778,6.784043849932283,10.758758530334596,2.80932916952997,0.14161786034810575,100.0,1:N_SPLIT
3752,1779,11.877924720813754,12.997090911292911,10.758758530334596,0.1377033661473206,100.0,1:N_SPLIT
3753,2161,1.0066215244376073,1.4946937847344095,0.3202505671501563,0.6958320967232794,74.78359018197537,CONFLICT
3755,887,0.33099336475880475,0.9518872211236156,0.03648065995559783,0.131255043422982,100.0,1:N_SPLIT
3755,886,20.32707111868988,49.46727025688516,0.3285439645053001,0.3899017532675657,55.5555797861808,UNIDIRECTIONAL_PARTIAL
3756,2091,1.8904743342458747,5.118760134469526,0.22819001019383442,1.6276757953613696,99.78534265355576,1:1_SYMMETRIC
3762,90,1.8135573500224016,4.17251890055059,0.15905117858093457,0.8285475520430623,100.0,1:1_SYMMETRIC
3763,1747,0.2886336575047301,0.3146414399847823,0.26564747420808416,0.9989850125515432,88.77676234906129,1:1_SYMMETRIC
3765,1452,4.759983449933479,6.338438050138088,3.775484656660833,4.986497480515482,100.0,1:N_SPLIT
3765,1588,5.033325350792886,6.959344468305351,2.5500208005282667,2.7423090467638076,100.0,1:N_SPLIT
3765,1453,6.385702569084089,6.43296708803009,6.338438050138088,4.982455181668058,100.0,1:N_SPLIT
3767,1386,1.9183032606569639,3.73305982022351,0.1035467010904178,0.9661474648881949,100.0,1:1_SYMMETRIC
3768,916,0.07594390518689907,0.15723539064138964,0.017846448939793532,0.0034353617303395367,66.79443426910873,CONFLICT
3770,861,21.924206984510644,28.570867460349728,15.27754650867156,14.097088607224407,76.95910435817875,CONFLICT
3772,1757,2.791692034597881,13.813906787170376,0.29032111334985133,17.251315270897578,100.0,1:1_SYMMETRIC
3785,2521,3.0863958889737027,3.402424328156632,2.75823229735412,0.39406713933749415,100.0,CONFLICT
3786,430,5.060610861766156,6.403388210141013,3.717833513391299,1.6146877660748942,100.0,1:1_SYMMETRIC
3787,436,3.60222448695782,7.739047404698514,0.23841243566310105,0.9898954025983926,100.0,1:N_SPLIT
3787,2515,13.610810581017713,19.48257375733691,7.739047404698514,0.24133265892345435,100.0,1:N_SPLIT
3788,2521,2.7163077374638416,2.75823229735412,2.6743831775735636,0.3707630146551537,64.56940543918157,1:1_SYMMETRIC
3789,471,23.262579067093654,24.839106416519158,18.925878221178078,24.26563580890013,100.0,CONFLICT
3799,325,21.97980731946931,23.44902359831545,20.510591040623172,12.082283880150896,61.69560634917287,CONFLICT
3811,1528,6.130663218614312,6.6275376940607496,5.552135593020163,4.192198506711634,100.0,1:1_SYMMETRIC
3822,1008,3.1880424750622103,3.7722477060015027,2.6038372441229183,2.2406633596329186,96.33739626833369,CONFLICT
3823,21,9.864634762301165,14.55274740973245,7.635923798425342,4.502987820827002,60.688070813306496,1:N_SPLIT
3823,20,12.08696542300475,44.47142472584116,0.8513266243770046,14.508418282255434,52.577617690753165,1:N_SPLIT
3824,1671,8.096252968614234,8.973414281911403,7.219091655317067,2.968261955045989,100.0,CONFLICT
3824,1670,9.47793814990297,9.982462017894537,8.973414281911403,2.9703722576026053,100.0,UNIDIRECTIONAL_PARTIAL
3824,311,10.889172606023115,14.057509557103115,7.219091655317067,21.914239194655295,100.0,UNIDIRECTIONAL_PARTIAL
3824,1669,14.193175212514703,18.614082770680422,9.982462017894537,6.518173300250794,52.95316939524328,UNIDIRECTIONAL_PARTIAL
3825,322,12.206729127627355,14.132154393104445,10.281303862150265,17.081995023006357,100.0,CONFLICT
3825,312,14.32236490119773,14.495369498931858,14.054341546931983,7.187017244336118,100.0,UNIDIRECTIONAL_PARTIAL
3825,321,14.809207911517484,15.486261429930524,14.132154393104445,17.07988472044974,100.0,UNIDIRECTIONAL_PARTIAL
3825,315,17.04142861216899,19.474805478718388,14.60805174561959,15.467217707312216,65.50026170920555,UNIDIRECTIONAL_PARTIAL
3827,1083,1.2661735614835181,3.0529687263418945,0.05398564870701222,0.6718253017953657,100.0,1:1_SYMMETRIC
3828,1952,2.461879717727171,4.393728694549767,0.6494370930135454,0.8600507798134913,100.0,1:N_SPLIT
3828,1953,4.361716564971018,4.507568783788248,4.183852216575039,2.177236598021466,100.0,1:N_SPLIT
3829,2355,1.6525076326529704,2.516251569666252,0.1238488009161463,3.4964935077982773,64.50302355017833,1:1_SYMMETRIC
3830,1218,1.3736125634731184,3.5166693432452485,0.006236923692876808,0.26243871181452505,100.0,1:1_SYMMETRIC
3831,1069,1.366728812508149,1.4423845236737196,1.291073101342578,1.4650362933473957,100.0,1:N_SPLIT
3831,1070,1.4620544307140726,3.6727030345205223,0.4334687017873034,1.4085229267653006,100.0,1:N_SPLIT
3833,1490,0.24642762189630715,0.5483466399801735,0.012988231139184195,0.11853381761915216,100.0,1:1_SYMMETRIC
3834,1626,0.22525902274023946,0.3192517261203771,0.13126631936010183,6.956077340982233,100.0,1:N_SPLIT
3834,1625,3.675014545023855,5.790892078630879,0.3192517261203771,5.7244084944539395,100.0,1:N_SPLIT
3834,1627,4.485997260134721,8.840728200909341,0.13126631936010183,6.958156718115106,100.0,1:N_SPLIT
3834,1619,16.485562038356807,31.810494941182714,8.805462972978363,2.550160908519274,77.19176974206007,UNIDIRECTIONAL_PARTIAL
3835,2225,0.93806392402032,1.8134838420065662,0.040310675746791765,0.6008992379062192,100.0,1:1_SYMMETRIC
3836,2021,1.0055232745249743,1.5485432027136277,0.617203034356913,0.06127955525073503,100.0,1:1_SYMMETRIC
3837,2131,1.8112363842974004,3.7552552962473618,0.6735456746434516,0.3336916126232836,63.40955861795761,CONFLICT
3839,2385,5.195883238749244,12.957357690449108,0.4167041067695031,0.6116370415451229,100.0,1:1_SYMMETRIC
3840,1954,1.450433097919802,4.156160668205544,0.0462794849845352,1.3216898128639514,100.0,1:N_SPLIT
3840,1953,13.267605843415396,22.339146095906724,4.196065590924069,0.4748544397214687,100.0,UNIDIRECTIONAL_PARTIAL
3841,707,1.7135776088807926,7.413194700125803,0.024750074976716142,1.2101998295859175,100.0,1:1_SYMMETRIC
3842,2372,2.9138754166860537,4.901789698053338,0.5117957961187669,0.6445830801673083,100.0,1:1_SYMMETRIC
3844,1252,2.234371243208026,4.782488020849721,0.17112598299484483,1.5881521581078744,100.0,1:1_SYMMETRIC
3845,2070,3.038298341859964,4.261477800415884,0.7707138880353396,4.733756268122022,89.89705007306733,CONFLICT
3848,1928,4.252194638241054,6.380043232236633,1.5699642583431415,2.1886032602940872,100.0,1:1_SYMMETRIC
3850,2176,4.399283526771743,8.941042079387108,1.5357965881435394,0.8539207435289882,82.10363976905467,1:1_SYMMETRIC
3851,812,3.207713357907686,7.306964392668667,0.4907794720460004,6.057789641059742,100.0,1:1_SYMMETRIC
3852,2396,0.094763908466225,0.12986435098306823,0.05966346594938176,0.06403150093944987,100.0,1:1_SYMMETRIC
3853,1979,23.09844167029268,24.101426410912296,22.095456929673063,15.75108047405439,63.783706266947824,CONFLICT
3854,2287,3.702707019733829,5.606665174053568,2.6325706032465783,4.026379118744387,76.85264717015112,CONFLICT
3855,2087,2.436669197708293,5.768551570340539,0.8532629456527695,14.210326517052863,100.0,1:1_SYMMETRIC
3856,898,2.2603942654781797,4.962227886303441,0.22130725665069795,1.895797702768789,100.0,1:1_SYMMETRIC
3859,1865,2.7661102292170976,3.1559357463548854,2.5607227016219785,2.00037739686789,100.0,1:N_SPLIT
3859,1866,3.1784294372147057,3.2009231280745256,3.1559357463548854,1.9964887778501463,100.0,1:N_SPLIT
3859,1867,10.543775873225158,18.534941149519256,4.301429655057189,4.187046196169632,87.01988870253578,UNIDIRECTIONAL_PARTIAL
3860,1739,2.164545138556777,3.160069680438443,0.37781648261774553,0.5793868415662473,100.0,1:N_SPLIT
3860,1745,7.2644282791699935,12.814685905994857,1.4007949404723756,7.215332249371329,100.0,UNIDIRECTIONAL_PARTIAL
3861,2083,6.256619806432212,14.188721869238865,2.2530265255462223,10.296940520576698,100.0,CONFLICT
3862,458,5.213419728118455,5.879792651016137,4.5470468052207735,4.917102871031716,100.0,1:N_SPLIT
3862,2445,14.47133310036196,17.967322905854825,10.975343294869097,2.767989514625583,100.0,UNIDIRECTIONAL_PARTIAL
3869,873,1.3946387002450906,2.5400539975476693,0.19396788192077116,1.2500234733506659,100.0,1:1_SYMMETRIC
3870,859,23.251348009349638,24.843789747653307,19.590070538245268,0.5499133681905732,97.25480992006553,CONFLICT
3872,915,0.1015318520353725,0.22298585085079187,0.04918966704191606,0.19116926942501777,100.0,1:1_SYMMETRIC
3873,2116,4.6750983979539775,6.67429866598817,0.5530950288025085,1.00168033595304,96.34040195786466,1:1_SYMMETRIC
3874,925,3.165333006654505,6.4903214457811895,0.9742890560881197,0.1715091194658953,100.0,1:1_SYMMETRIC
3875,2121,1.7910430622224462,4.071761006074111,0.13741510731687545,0.3838752160084482,100.0,1:N_SPLIT
3875,2128,22.952305321011668,42.38467778636123,3.5199328556621086,17.84815590989274,55.343568159637044,UNIDIRECTIONAL_PARTIAL
3878,1174,0.4768659976112762,1.0243077150381652,0.23065003745501192,0.5839452749873999,100.0,1:1_SYMMETRIC
3880,1348,0.05283973415872439,0.06991921440881209,0.03141047792809142,0.020177421847733967,100.0,1:1_SYMMETRIC
3881,429,2.358250581525109,3.659975881007969,1.056525282042249,3.2455893166607552,100.0,1:1_SYMMETRIC
3882,1357,0.19860950191064847,0.23839891688143675,0.15882008693986016,0.020289790012327558,100.0,1:1_SYMMETRIC
3883,428,0.3771302626020508,1.0093316801419994,0.05940156937662143,0.38243299991353297,100.0,1:1_SYMMETRIC
3884,1592,1.4751324979736247,2.8426586622943963,0.05337974487193699,0.1255714955135545,100.0,1:1_SYMMETRIC
3885,419,0.09138294639180174,0.17267022587385067,0.010095666909752813,0.08996273150347633,100.0,1:N_SPLIT
3885,420,0.19779983463500891,0.2312794944893111,0.17267022587385067,0.09507864499721563,100.0,1:N_SPLIT
3888,2513,0.3725255446408942,0.9739352223791125,0.054678678627849225,0.058125848705259386,100.0,1:1_SYMMETRIC
3891,361,3.3631783925438477,5.160791001680884,1.0662362949209387,2.630293714380741,51.28032076790006,1:1_SYMMETRIC
3894,1655,1.6218161816075272,10.9503158823692,0.02883642452743373,15.389466917867765,69.05242691523397,1:1_SYMMETRIC
3895,2431,0.6357647174601988,1.4370798451846634,0.15061144873608076,5.2906567052951345,100.0,1:N_SPLIT
3895,460,8.4805931863056,22.512297419504048,1.4370798451846634,0.11159191941385416,100.0,UNIDIRECTIONAL_PARTIAL
3897,462,1.4917009737759368,4.0244821697326785,0.20825095469058708,0.6151648637717813,100.0,1:1_SYMMETRIC
3901,1688,1.7436552193048322,3.556999971374593,0.5817718336512744,14.122751564747034,60.71193020483382,1:1_SYMMETRIC
3910,2329,7.857546922004882,13.129811099864469,5.186699252680752,28.83998106555532,100.0,CONFLICT
3928,325,20.828821193166256,23.73163458308127,12.218383761134856,11.283169233276567,100.0,CONFLICT
3930,2258,1.369472040997714,1.4465601233885281,1.228892311987791,0.2760994881092529,100.0,1:N_SPLIT
3930,2259,1.8530188728752142,2.650336498924364,1.3084003993153057,0.027503250768830867,100.0,1:N_SPLIT
3931,2273,1.6140370736866803,5.370355108017365,0.3323073311182102,0.6411960276753348,96.01354607380057,1:1_SYMMETRIC
3932,1698,13.651120835940006,69.75980345140262,0.006704931754245714,0.42061680310547445,58.48287701283499,CONFLICT
3933,1938,0.5043129058978949,0.5415304255784354,0.44606462246397555,0.07760715747627955,100.0,1:N_SPLIT
3933,1939,0.5232793297792595,0.525343669651274,0.5212149899072449,0.07817954810076344,100.0,1:N_SPLIT
3933,1951,0.5507200206011637,0.702620260060333,0.42832481183591326,0.07837011335305988,100.0,1:N_SPLIT
3933,1936,16.052335132556628,47.26502780957289,0.44591296563301897,0.07838404377696406,52.95799616054141,UNIDIRECTIONAL_PARTIAL
3934,68,1.3347754811603356,3.843023946034945,0.4737953157067172,0.5291121356241888,100.0,1:1_SYMMETRIC
3935,1300,0.9135567130747353,1.2144800727006368,0.6126333534488336,1.0803019804320684,100.0,1:N_SPLIT
3935,2438,9.280487838063191,17.006646290112215,1.5543293860141671,8.570450344671713,100.0,UNIDIRECTIONAL_PARTIAL
3935,2464,16.30006274334466,31.987198952956167,0.6129265337331518,9.652751901541023,50.672505493583756,UNIDIRECTIONAL_PARTIAL
3936,2283,0.635530551502946,1.0646814275009746,0.16143123080914107,0.24821601436218543,100.0,1:1_SYMMETRIC
3937,1912,0.8313892894346391,2.294512214971722,0.1737970430979836,0.8238716300870124,100.0,1:1_SYMMETRIC
3938,1644,3.104749870005421,6.996112521291172,0.9106218234678336,4.820827910729406,100.0,CONFLICT
3939,1148,5.010397432272521,6.176765664393601,3.8440292001514402,2.808523571735691,100.0,1:1_SYMMETRIC
3942,1298,1.0810367804055674,1.5543293860141671,0.02373005660141139,0.9726474955320441,100.0,1:N_SPLIT
3942,1799,4.167400562031168,9.980171951605092,1.2439063541320416,1.97166648980442,100.0,UNIDIRECTIONAL_PARTIAL
3942,1800,10.66487733539465,11.349582719184207,9.980171951605092,1.9723897145570675,100.0,UNIDIRECTIONAL_PARTIAL
3943,1438,0.26906139443205085,0.5719421206896528,0.07347094519707624,0.08102123153690854,100.0,1:1_SYMMETRIC
3944,2435,4.242430692333124,5.101735680746539,3.3831257039197093,2.242444290608205,100.0,1:1_SYMMETRIC
3945,2500,2.9279563629482457,3.285090900296329,2.570821825600163,0.868304715722644,100.0,1:N_SPLIT
3945,1788,6.109518778442754,13.289447172135175,2.468287337592924,1.901671596821842,100.0,UNIDIRECTIONAL_PARTIAL
3945,1787,14.162123223620576,15.034799275105975,13.289447172135175,1.90637090323861,100.0,UNIDIRECTIONAL_PARTIAL
3946,1509,1.2103642504064036,1.6450843291256885,0.885259113182889,3.137725736007951,60.81490869604621,1:1_SYMMETRIC
3948,2240,2.8751174307154224,4.272394536357813,1.1789500665914818,0.9623532018728156,100.0,1:1_SYMMETRIC
3949,2274,1.8016046026936736,2.4457918581772304,0.6545396408907412,1.3369151246190256,100.0,1:1_SYMMETRIC
3950,1038,0.7502543655078497,1.5524657939888846,0.20162104988333202,0.4366505593221177,100.0,1:1_SYMMETRIC
3951,2143,0.9257034611321466,0.9416162379992827,0.9075771200847307,0.1317132978663551,58.41098298376941,1:1_SYMMETRIC
3952,2029,1.864726320153014,4.829437232125319,0.043840986477352475,0.5904930661003505,100.0,1:N_SPLIT
3952,2030,9.32899539868375,19.835058805121044,2.947116408399091,29.145164895706046,100.0,UNIDIRECTIONAL_PARTIAL
3954,2464,1.428320262299163,2.7423261640517094,0.6093154849923239,3.8501457291115457,100.0,1:N_SPLIT
3954,1300,11.3720990898573,32.89199829044436,0.6116656256787065,4.722304191997409,75.94169299973657,UNIDIRECTIONAL_PARTIAL
3955,1041,2.4056549569537315,4.744869408641215,0.10633087561686798,0.407551840807173,100.0,1:1_SYMMETRIC
3956,1068,1.7401595815141104,2.360480014442663,1.1058626674038887,0.8214083620201791,100.0,1:1_SYMMETRIC
3957,2361,1.4249081565590553,3.164182964422382,0.3089965593236741,0.0928081735561932,100.0,1:N_SPLIT
3957,2353,24.3229266069656,45.680974106518626,1.0271826784446938,18.045697145088695,53.763394190533816,UNIDIRECTIONAL_PARTIAL
3958,1224,0.463794634054681,1.321055111826819,0.025769295050608623,0.11541764512600139,100.0,1:1_SYMMETRIC
3962,879,1.341638561320531,2.175089721820299,0.23161758237471294,27.767878729310382,59.22816181761385,1:1_SYMMETRIC
3963,1574,1.3087023403046818,4.087653782464011,0.18372199069882925,2.4812686627458334,100.0,1:1_SYMMETRIC
3964,1548,1.9658292441654097,2.5369248667610362,1.204653353743834,0.4366943437520945,100.0,1:1_SYMMETRIC
3966,1209,0.6124343672530523,1.3754646039865646,0.09869973130835127,0.18140384968876333,100.0,1:1_SYMMETRIC
3967,1015,2.501744836117875,4.179153837593185,0.18138538832709236,13.362155364117939,50.35710220443455,1:1_SYMMETRIC
3968,466,1.0295166016854906,2.7522779298603393,0.014079234230415998,0.7435989432954102,100.0,1:1_SYMMETRIC
3969,1241,1.9561886352279172,2.0588737083326336,1.8535035621232008,1.2710864091820895,87.17659538119258,1:1_SYMMETRIC
3972,1907,2.586707467372752,7.421831521999199,0.009454434302204582,6.811250533872993,100.0,CONFLICT
3973,1704,0.6883296060519923,1.4431353435347682,0.26933488159597746,0.021622991707374695,100.0,1:N_SPLIT
3973,1705,0.8731417790891858,0.8901910425510227,0.8560925156273488,2.766002323101418,100.0,1:N_SPLIT
3974,510,5.583327673609232,9.499410680555306,0.9759543880145514,14.839250955444527,100.0,1:N_SPLIT
3974,511,6.002034211778504,7.273008744840356,4.731059678716653,16.076153652003086,100.0,1:N_SPLIT
3977,1745,1.2600256006907273,1.4285911566614915,0.9656645094321287,1.9138131552165873,100.0,1:1_SYMMETRIC
3978,1716,21.53194099394229,23.63731819378689,18.804711282679722,1.609988296984369,85.42187275113993,1:1_SYMMETRIC
3983,924,2.4171120510448967,5.9618971624900725,1.1210601621160772,3.2950389033872796,100.0,1:1_SYMMETRIC
3987,2027,2.375971128631668,2.995865518338969,0.9558776691021978,8.316280645174345,77.73204893708899,1:1_SYMMETRIC
3988,554,11.281034288275489,13.440498596521211,9.403176844805127,1.7945581347713073,100.0,1:1_SYMMETRIC
3989,1809,0.296846382021872,0.4021807052662309,0.22439910098908952,0.48469465944458534,78.69522226247098,1:N_SPLIT
3989,1808,22.25906250921055,23.41014519505274,21.10797982336836,0.7211564286354815,100.0,UNIDIRECTIONAL_PARTIAL
3990,1921,2.346463141694076,6.030496680615333,0.17086299216406062,3.9335367388024736,100.0,1:1_SYMMETRIC
3992,1644,1.7455492043983036,2.948745708229549,0.5423527005670582,2.9460006984254505,100.0,CONFLICT
3994,1475,0.03758479913127668,0.07092265546429709,0.0006215214257245012,0.018354636631045196,100.0,1:1_SYMMETRIC
3995,564,0.8904697873265645,2.1499898650795086,0.24131648529594318,4.186666509085683,100.0,1:N_SPLIT
3995,1827,1.1736156824053192,2.2526006096498827,0.1761104433065442,5.4554413199428495,100.0,1:N_SPLIT
3995,1804,2.9520429192906947,9.460684128066122,0.2978229355586578,3.681870710540636,100.0,1:N_SPLIT
3996,1841,5.133939831962499,9.539525388989698,0.5244065214790808,5.405948561086063,100.0,1:1_SYMMETRIC
4003,366,1.6499783314761907,4.111433763421536,0.10524734695253711,0.7794285607582765,79.79422204524937,1:1_SYMMETRIC
4004,1003,16.35945665276131,17.869257388003742,15.596057028795343,13.127153720921967,100.0,CONFLICT
4007,493,19.29279102821523,22.14532159178222,14.371422518812532,4.466026034694721,100.0,CONFLICT
4008,2482,11.19455819867605,21.062695048731968,1.8651180509820096,6.503787450472089,56.7171666685107,CONFLICT
4008,495,22.68954785817987,23.663476495268434,21.936117531310426,10.360850551053147,100.0,UNIDIRECTIONAL_PARTIAL
4011,2321,5.364881227871315,5.57621186044108,5.2421676952915925,1.363071549691938,60.9287303667296,CONFLICT
4011,2322,13.941969483091732,22.253525781276274,5.63041318490719,2.288577699824316,81.31479393394466,UNIDIRECTIONAL_PARTIAL
4019,1758,1.5231952229948218,1.8118138165854598,1.2579809446293,2.576723505751602,87.86994728128205,1:1_SYMMETRIC
4021,1741,1.3801353329352763,1.4008634667163795,1.3594071991541734,0.04052887673708483,100.0,1:1_SYMMETRIC
4028,1669,8.305162040550211,9.982462017894537,6.627862063205884,25.296725895417467,63.76366095315179,CONFLICT
