directed_id,original_edge_id,nvdb_id,name,geometry,is_reverse
1,1,1851701,Mjölnerbacken,"LINESTRING (17.93278058471137 59.37847386000104, 17.932656307790868 59.37848873254058, 17.932559705241164 59.37851552660635, 17.932489694565007 59.37855007024797, 17.93243686298486 59.378595522568084, 17.93239443739082 59.378645440369674, 17.93237170531169 59.37870377518044, 17.932367087651677 59.37876182834971, 17.932371446829748 59.37882737143617, 17.932378875095445 59.378872178193056, 17.93238597124503 59.37897551681522)",false
2,2,1851569,Rissneleden,"LINESTRING (17.936124184081933 59.38014760527937, 17.936099506345926 59.380135319438814, 17.935873315556073 59.38000836694408, 17.935402667463542 59.37974275029012, 17.934973910238252 59.37952769554141, 17.93468712499222 59.37939540180261, 17.934454911726725 59.37930174011317, 17.934227229867016 59.37922218257282, 17.934022586275532 59.379162414054804, 17.93378616910646 59.37910666700725, 17.933554227793273 59.37906337197154, 17.93328697302472 59.37902796983918, 17.933059556089294 59.37900746792168, 17.93285127068394 59.37899457750389, 17.932650285191794 59.37898810912601, 17.93238597124503 59.37897551681522)",false
3,3,1851723,Mjölnerbacken,"LINESTRING (17.934891302545424 59.37885849631949, 17.934773555104115 59.3788297416376, 17.93463684118494 59.37879996707483, 17.934496483937433 59.37878141675871, 17.934375133757914 59.3787680186609, 17.93406147635632 59.37875074453928, 17.933925529687613 59.378743281659006, 17.93381374189328 59.37872947015956, 17.933725637130934 59.37871012054653, 17.933624323616637 59.37868362787021, 17.933438003173713 59.37861758744859, 17.933225616990427 59.37854376746461, 17.93312342401653 59.37851157025348, 17.93301217488801 59.378488490604845, 17.93299069122316 59.37848626022609)",false
4,4,1851722,Mjölnerbacken,"LINESTRING (17.935081877563153 59.378905056584195, 17.934891302545424 59.37885849631949)",false
5,5,1851721,Mjölnerbacken,"LINESTRING (17.936428056594647 59.37893851491411, 17.936340061757637 59.37895832466651, 17.936223332226024 59.37897861079424, 17.936112892511225 59.37899689510174, 17.93598932027057 59.379009131090044, 17.93586062760895 59.379016531094756, 17.935729935110786 59.379016895198234, 17.935598688983077 59.37900800728323, 17.93546642615412 59.378990416923806, 17.93534999796787 59.37897041216459, 17.935264482940777 59.37894966637872, 17.935081877563153 59.378905056584195)",false
6,6,1851568,Rissneleden,"LINESTRING (17.93613677784174 59.38015387499808, 17.936124184081933 59.38014760527937)",false
7,7,1851567,Rissneleden,"LINESTRING (17.9370644930554 59.38047778720455, 17.93689828594246 59.380445740952275, 17.93674808907975 59.38040475241963, 17.936627323251678 59.38036521246459, 17.9365222408178 59.38032923696113, 17.936403619741732 59.38028068965997, 17.93630769977015 59.38023722913103, 17.936206672139058 59.3801886718053, 17.93613677784174 59.38015387499808)",false
8,8,1851720,Mjölnerbacken,"LINESTRING (17.936520821031845 59.37891948726277, 17.936446436657054 59.378934380807436, 17.936428056594647 59.37893851491411)",false
9,9,1851300,Rissneleden,"LINESTRING (17.937144552234702 59.38068452602842, 17.93716142968992 59.38070453458233, 17.937172500897983 59.38072725286494, 17.93717591659013 59.3807488137166, 17.93717355739244 59.38076734166718, 17.937164885505567 59.380788222339376, 17.937153758093444 59.380803928595256, 17.93713707033757 59.38082050593614, 17.937116450814578 59.38083560832093, 17.937093354519725 59.38084854700658, 17.93706194438451 59.38086187965269, 17.937016462737777 59.38087521478171, 17.936974522009066 59.38088286299064, 17.936930490089818 59.380886901073815, 17.936891521260627 59.38088737454321, 17.936851732309567 59.38088488319041, 17.93682164367609 59.380880924292896, 17.936776126900206 59.3808710588007, 17.93674218712458 59.38086004292554, 17.936697169380203 59.3808384397015, 17.93667025212013 59.3808190256519, 17.936652069313386 59.38080000792064, 17.936639563396973 59.380779226903556, 17.936633614343346 59.380758100508736, 17.936634119780518 59.380736666985946, 17.936642257542136 59.380713273375704, 17.936656637460924 59.380692614617544, 17.93667001510092 59.380679301857676, 17.936692987652386 59.38066228648317, 17.936720653688113 59.3806472051589, 17.936752392336015 59.38063441332753, 17.936788520764253 59.38062391282745, 17.936823077260893 59.38061702407346, 17.93685988455954 59.38061253773074, 17.936896288775195 59.38061072025356, 17.936928348190403 59.38061120216073, 17.936967070861918 59.38061440042628, 17.93699251007272 59.38061815850864)",false
10,10,1851719,Mjölnerbacken,"LINESTRING (17.93704244302941 59.378898877032654, 17.936869258478072 59.37889336136125, 17.93674709568371 59.37889358825775, 17.936642938965345 59.378900625045006, 17.93654505552366 59.37891462821198, 17.936520821031845 59.37891948726277)",false
11,11,1851310,Rissneleden,"LINESTRING (17.93699251007272 59.38061815850864, 17.9370644930554 59.38047778720455)",false
12,12,1851299,Rissneleden,"LINESTRING (17.93699251007272 59.38061815850864, 17.937012992002032 59.38062222594827, 17.937051267226494 59.380632667836274, 17.93708497954215 59.38064573751552, 17.93710775586605 59.380657391181124, 17.937129739619216 59.38067189322462, 17.937144552234702 59.38068452602842)",false
13,13,1851313,Rissneleden,"LINESTRING (17.937964485725946 59.38054086419893, 17.937942168234315 59.38054116673199, 17.937787009819917 59.38054298271899, 17.93766318205012 59.38054215163727, 17.93755514738935 59.38053781057953, 17.937446443848685 59.380531031379704, 17.93735408484549 59.380521008392144, 17.93721039368771 59.38050005590962, 17.9370644930554 59.38047778720455)",false
14,14,1851312,Rissneleden,"LINESTRING (17.938156988596518 59.38053712810739, 17.938103194798533 59.38053898468595, 17.937964485725946 59.38054086419893)",false
15,15,1851311,Rissneleden,"LINESTRING (17.938465894977565 59.38051875149875, 17.938286897069474 59.38053264315978, 17.938156988596518 59.38053712810739)",false
16,16,1851322,Kvarnvägen,"LINESTRING (17.93846416093528 59.38075450168363, 17.938463574599883 59.38083430433861, 17.93845717813267 59.3810165278326, 17.938454168260776 59.38119270842075)",false
17,17,1851716,Madenvägen,"LINESTRING (17.938454168260776 59.38119270842075, 17.938885537185126 59.38117850151082, 17.93901623622145 59.38116916638316, 17.939121769334356 59.38115801721131, 17.939219300737538 59.38114700341552, 17.939306347102807 59.38113043008399, 17.93938089231374 59.38110942098813, 17.939437220523484 59.38108732193659, 17.939485281140904 59.381060458082786, 17.93952440392219 59.38102719115896, 17.93955136709855 59.38099709181176)",false
18,18,1851321,Kvarnvägen,"LINESTRING (17.938464734641162 59.38067664833327, 17.93846416093528 59.38075450168363)",false
19,19,1851320,Kvarnvägen,"LINESTRING (17.938465894977565 59.38051875149875, 17.938464734641162 59.38067664833327)",false
20,20,1851658,Rissneleden,"LINESTRING (17.938953636866387 59.380379139247275, 17.938921530702565 59.3803909290123, 17.93879736397236 59.38043011146047, 17.93866941024386 59.38046827389161, 17.938465894977565 59.38051875149875)",false
21,21,1851657,Rissneleden,"LINESTRING (17.939617679693182 59.38005080185374, 17.93960536735846 59.38006033484983, 17.939496967752365 59.380131682123896, 17.93938747919847 59.38019351092424, 17.939277537619237 59.38024746928702, 17.939166274033173 59.38029735084144, 17.939045312494944 59.38034547404077, 17.938953636866387 59.380379139247275)",false
22,22,1851724,Mjölnerbacken,"LINESTRING (17.93299069122316 59.37848626022609, 17.93289997822322 59.37847686209713, 17.93278058471137 59.37847386000104)",false
23,23,1853930,Artillerivägen,"LINESTRING (17.940066729742608 59.37770172326174, 17.940223410236936 59.37746248282231)",false
24,24,1854038,Artillerivägen,"LINESTRING (17.939952921590056 59.378490062223754, 17.939950277383115 59.37848118726068)",false
25,25,1854039,Artillerivägen,"LINESTRING (17.939950277383115 59.37848118726068, 17.93994626699553 59.378467721703316, 17.9399331418963 59.378371285425274, 17.93993307939322 59.378279272125276, 17.939938398624864 59.37818799111356, 17.939950052087198 59.37810478028889, 17.939970019713265 59.378026881284185, 17.93999211969589 59.377957946956236, 17.94001782953524 59.37788677461958, 17.940034527728045 59.37782358721846)",false
26,26,1854040,Artillerivägen,"LINESTRING (17.940034527728045 59.37782358721846, 17.940066729742608 59.37770172326174)",false
27,27,1854171,Mässvägen,"LINESTRING (17.932822853394143 59.3781846901079, 17.93281371262947 59.378205670872994, 17.932765186990576 59.37838675673795, 17.93278058471137 59.37847386000104)",false
28,28,1851717,Madenvägen,"LINESTRING (17.93955136709855 59.38099709181176, 17.939605039258634 59.38093721333283, 17.93985492689566 59.380567518799594, 17.9398970304214 59.380512151330954, 17.939945748227125 59.3804599504583, 17.940010198718856 59.38041269641373, 17.940092236196126 59.38036516254447, 17.940177582990316 59.38032818420257, 17.94028188707281 59.38029637642664, 17.940386521951023 59.38027001549109, 17.940510621151063 59.380247968958635, 17.940655663453438 59.38022860394456, 17.94078894781918 59.3802178518059, 17.940921150578763 59.380215552621024, 17.941099940561923 59.380216362783095, 17.941251902362897 59.38021486654575, 17.941405428076045 59.380212517137934, 17.94155561131764 59.380207771863944, 17.941706412740054 59.38019512292102, 17.941848388921457 59.38017798234483, 17.941976089769767 59.380162960909054, 17.942747964556574 59.380050704367726, 17.94390186766029 59.37987542610888, 17.945025525349372 59.379710750023044, 17.94581508196176 59.37958451596427, 17.94795665874463 59.37925302745265, 17.950332833956224 59.378886406161406)",false
29,29,1851656,Rissneleden,"LINESTRING (17.939805158992893 59.379895406234475, 17.939762531636415 59.379938151450425, 17.9396620263187 59.38001645559877, 17.939617679693182 59.38005080185374)",false
30,30,1851655,Rissneleden,"LINESTRING (17.93981313602602 59.37988740600905, 17.939805158992893 59.379895406234475)",false
31,31,1851654,Rissneleden,"LINESTRING (17.940546481031223 59.37925865789178, 17.940415835269597 59.37932381333505, 17.94031140701954 59.37938993189744, 17.940232956872244 59.37946217689921, 17.940137321771232 59.379560284176094, 17.939882455695813 59.379817894889804, 17.93981313602602 59.37988740600905)",false
32,32,1851612,Rissneleden,"LINESTRING (17.942219687594697 59.378968756675576, 17.9420298540613 59.37897029105778, 17.941865847522546 59.3789757981798, 17.941711310794375 59.37898795658113, 17.941562369641716 59.37900493972972, 17.941414576955232 59.379022984078105, 17.941254340133774 59.379047203700054, 17.941108311668597 59.37907748251757, 17.940978451934388 59.37911022695787, 17.94085938556511 59.37914498323274, 17.940743638700997 59.379181875028365, 17.94064704933911 59.37921792125653, 17.940546481031223 59.37925865789178)",false
33,33,1851621,Rissneleden,"LINESTRING (17.94228520010942 59.37915749898667, 17.942053045454273 59.37917466234733, 17.94186768753498 59.379198182617124, 17.941513678442075 59.37925694930353)",false
34,34,1851622,Rissneleden,"LINESTRING (17.942219687594697 59.378968756675576, 17.942231094599848 59.37903554244146, 17.942252308669257 59.37909702090426, 17.94228520010942 59.37915749898667)",false
35,35,1851631,Rissneleden,"LINESTRING (17.942569412679557 59.378988314360406, 17.942538720978586 59.37898620441474, 17.942219687594697 59.378968756675576)",false
36,36,1851620,Rissneleden,"LINESTRING (17.94228520010942 59.37915749898667, 17.9423484255541 59.379234931622655, 17.942447175689136 59.37931727743657, 17.942580783816453 59.37941187484365, 17.942758157411543 59.37950689503075, 17.94291257497827 59.37956524086554, 17.94303224983292 59.37959498717471, 17.94312463208704 59.37960995678983, 17.94329518450595 59.37963481620125, 17.943510362911738 59.379622302218166, 17.943702652540264 59.37959665522213, 17.943951191074735 59.37955435405198, 17.944194213719403 59.379494151395576, 17.944489620452096 59.37942634928993, 17.944984436391426 59.379305797239105, 17.945923815355027 59.37903629544085)",false
37,37,1851630,Rissneleden,"LINESTRING (17.946334968393305 59.37829024647987, 17.946193444112744 59.378342507516855, 17.94604905010956 59.378400260687236, 17.94589319668999 59.378462540905126, 17.9457601509842 59.37852282291558, 17.945623597443777 59.37858672445869, 17.945464284765865 59.37866293845188, 17.945301485891264 59.37873429777719, 17.945146128508114 59.37879603568606, 17.944995341181006 59.378844892314824, 17.94485064748621 59.37888848020858, 17.94469615102281 59.37892869502117, 17.94454765867255 59.37896199872147, 17.944390193042782 59.37898809159969, 17.94424897563859 59.37900903688019, 17.94408186727374 59.379025480709096, 17.94389721166498 59.379042455343395, 17.94371778107711 59.379049013978715, 17.94353643130627 59.37904989172727, 17.943345099265414 59.379044102463496, 17.943157041199765 59.37903118513761, 17.942989303669307 59.37901824014801, 17.942755674930474 59.379001121202734, 17.942569412679557 59.378988314360406)",false
38,38,1603286,,"LINESTRING (17.945389401739508 59.38142291194202, 17.945290578378327 59.381487622930486, 17.94510252974432 59.381589043672065)",false
39,39,1603285,,"LINESTRING (17.94582662105723 59.38121778967458, 17.94546234420659 59.3813751487717, 17.945389401739508 59.38142291194202)",false
40,40,1841182,Gamla Enköpingsvägen,"LINESTRING (17.946639958397387 59.38169087214547, 17.947489828479252 59.381457412234546)",false
41,41,1841183,Gamla Enköpingsvägen,"LINESTRING (17.947489828479252 59.381457412234546, 17.947976146763143 59.381316463668036)",false
42,42,1279701,Gamla Enköpingsvägen,"LINESTRING (17.947976146763143 59.381316463668036, 17.948076369656818 59.3812859729352, 17.948341852880137 59.38121482218528, 17.948647352781528 59.38113560412852, 17.949147648629094 59.38101495743377, 17.94995724853522 59.380827761383784, 17.950473575002945 59.38071637956764, 17.950733312532474 59.380669390982646, 17.950818706844366 59.380656172015115)",false
43,43,1841184,Gamla Enköpingsvägen,"LINESTRING (17.950818706844366 59.380656172015115, 17.950955920860462 59.380634923883015, 17.95112484754169 59.38061300269522, 17.951441917677755 59.38056104866021)",false
44,44,1228754,Gamla Enköpingsvägen,"LINESTRING (17.951441917677755 59.38056104866021, 17.951449921024544 59.38087808608863, 17.951512469282264 59.3810835424198)",false
45,45,1841116,Gamla Enköpingsvägen,"LINESTRING (17.951441917677755 59.38056104866021, 17.952020772505165 59.38051484819344, 17.952168222735 59.38050904730875, 17.952312116147837 59.38050629213351, 17.952484297803707 59.38050338141439, 17.95268796738273 59.38050106028636, 17.952854589006968 59.380503675501394, 17.953227371982774 59.38051863991869, 17.95381716390628 59.38054006288845, 17.954204091653175 59.380559700192336, 17.95444746797904 59.3805712493398)",false
46,46,1841117,Gamla Enköpingsvägen,"LINESTRING (17.95444746797904 59.3805712493398, 17.954464126167487 59.38057203101826, 17.954536434052343 59.38057298032365)",false
47,47,1841118,Gamla Enköpingsvägen,"LINESTRING (17.954536434052343 59.38057298032365, 17.95467456121667 59.380574792233745)",false
48,48,1841119,Gamla Enköpingsvägen,"LINESTRING (17.95467456121667 59.380574792233745, 17.954841893629627 59.38057221294709, 17.955034840305203 59.38056870242932, 17.955273892914317 59.3805601208483, 17.955661706824923 59.38052257463103)",false
49,49,1853887,Valkyriavägen,"LINESTRING (17.94498895902548 59.37826430919269, 17.94512015516631 59.37824542255364, 17.94525575596416 59.378219660953995, 17.945386798990747 59.37818906896071, 17.945529235085534 59.37815258530143, 17.94566388796825 59.37811976384675, 17.945781887759793 59.37810325042523, 17.945876241874718 59.37810181028932, 17.945975212641308 59.37810628627062, 17.946056061922956 59.37812029230976, 17.94612790002137 59.37814450317428, 17.946178553730903 59.37817095396934, 17.946334968393305 59.37829024647987)",false
50,50,1853889,Rissneleden,"LINESTRING (17.94635814931351 59.378284631213766, 17.946334968393305 59.37829024647987)",false
51,51,1854037,Artillerivägen,"LINESTRING (17.940546481031223 59.37925865789178, 17.9404088644466 59.379168740646584, 17.94029572788101 59.37908634940885, 17.940186078000462 59.37898158564787, 17.940122361937988 59.37889598601555, 17.940058547551818 59.37878098699816, 17.94001081483806 59.378667647101004, 17.939975492486553 59.37856583467988, 17.939952921590056 59.378490062223754)",false
52,52,1095079,Gräsvägen,"LINESTRING (17.9560775832476 59.38663422980225, 17.956090675362496 59.38670747331299, 17.956076046033306 59.38685719499432, 17.956039771873098 59.386993416384286, 17.955983983666755 59.38713190427906)",false
53,53,1603261,Marieborgsgatan,"LINESTRING (17.948320672339445 59.38693516456872, 17.94820558538946 59.38691884263884, 17.948194111302495 59.386912479514415)",false
54,54,1095080,Marieborgsgatan,"LINESTRING (17.948320672339445 59.38693516456872, 17.94828825785137 59.386987026906745, 17.947870881955936 59.38716129974772, 17.94749911864184 59.38728581894093, 17.94701818761356 59.38741130377532, 17.946855220286835 59.387441207594335, 17.946836958196545 59.38744065434017)",false
55,55,1603219,Solvändan,"LINESTRING (17.949396994213448 59.387349179050744, 17.949005286663017 59.387076773022784)",false
56,56,1603218,Gåsörtsvägen,"LINESTRING (17.950175185367613 59.387078002872414, 17.949761282620003 59.387222226545454, 17.949396994213448 59.387349179050744)",false
57,57,1603135,Grönlingens väg,"LINESTRING (17.951376528582365 59.38760801048605, 17.951335020408266 59.387689750733664, 17.951290675587806 59.38776682861393, 17.95120536143861 59.38781904437507, 17.95112827534012 59.38784940898082, 17.951020985959456 59.3878456279637, 17.950906429525475 59.38783181238588, 17.950857863668936 59.38778826080975, 17.950829905590773 59.38774468316221, 17.950872464294594 59.38769100907027, 17.95092835451113 59.38764681883908, 17.951141860540133 59.387619378372456, 17.951376528582365 59.38760801048605)",false
58,58,1603225,,"LINESTRING (17.95458278512403 59.388345743054536, 17.95479890791433 59.38838797657909, 17.954948497026347 59.38841767264263, 17.955088044027445 59.38846252163491)",false
59,59,1603226,,"LINESTRING (17.955088044027445 59.38846252163491, 17.955374037934558 59.388731528416656, 17.95566157877718 59.3890077241979, 17.95584127651951 59.38922647329352)",false
60,60,1846505,,"LINESTRING (17.954133363578624 59.38930664725354, 17.954406563923964 59.38927822656849, 17.954638401128932 59.38926376306678, 17.955328178267518 59.38924090692642, 17.95584127651951 59.38922647329352)",false
61,61,1846609,,"LINESTRING (17.954133363578624 59.38930664725354, 17.954086288277733 59.389376796997254, 17.954017102041536 59.38940726288422, 17.953917307265176 59.3894343874753, 17.953803808533035 59.38945546043285, 17.95360410820932 59.38948112771, 17.953412072823927 59.38950095099695, 17.9532454803595 59.38951739417759, 17.953108386637698 59.38952766974269, 17.95301558852369 59.389530553092065, 17.952903309772566 59.389527803092)",false
62,62,1846610,,"LINESTRING (17.952903309772566 59.389527803092, 17.95288097463676 59.38952681723107, 17.952759365693616 59.389518877897245, 17.95266672249705 59.38950451364485, 17.95257556711862 59.38947951233686, 17.95250686482475 59.38944571762072, 17.95245633075684 59.3894034871399, 17.952429228764036 59.389360070126955, 17.95241566320695 59.38931126961434, 17.952418025080352 59.38926087741191, 17.952439093690742 59.38921998202683, 17.952488002021475 59.38918057693871, 17.952560569169137 59.389153324142676, 17.952651370512314 59.38913641447615, 17.952927073009548 59.389114481931124, 17.953089300111596 59.38910518290082, 17.953214903310126 59.38910843068773, 17.953327391362134 59.38912412427247, 17.95361070182259 59.389204160158, 17.953772397088905 59.38924904804249, 17.953884887164893 59.38927426611644, 17.95399534897515 59.38929217062898, 17.954133363578624 59.38930664725354)",false
63,63,1848499,,"LINESTRING (17.95265968772644 59.38869880394393, 17.953766992945955 59.38850728932668, 17.954274657947128 59.388428151826616, 17.954419381690187 59.38840278556072, 17.954524786683336 59.3883709416388, 17.95458278512403 59.388345743054536)",false
64,64,1848500,,"LINESTRING (17.95458278512403 59.388345743054536, 17.9546397829075 59.38832098945282, 17.954954592485944 59.38818466595412)",false
65,65,1921228,,"LINESTRING (17.954954592485944 59.38818466595412, 17.955003731503005 59.388347795907954, 17.955049398239822 59.38841623965918, 17.955088044027445 59.38846252163491)",false
66,66,1844774,,"LINESTRING (17.95669536036672 59.39722223773168, 17.956569388680144 59.39725170074117, 17.9564094594586 59.39728335318302, 17.95626280109582 59.39730553902839, 17.956089379204695 59.39732572545022, 17.955900881543432 59.39735186050737, 17.95512389214148 59.39740542118906)",false
67,67,1603148,Arrendevägen,"LINESTRING (17.94763686198282 59.38445764892343, 17.94751163855114 59.38423590584865, 17.94738818861042 59.38401610845059)",false
68,68,1603149,Forskningsringen,"LINESTRING (17.95323962516869 59.38376302136935, 17.953034709525433 59.383765011859076, 17.95266987436384 59.38380759151925, 17.952191453781065 59.3838820000009, 17.951860545974817 59.383941053004456, 17.951407869916828 59.384060389028114)",false
69,69,1603150,Forskargränd,"LINESTRING (17.95323962516869 59.38376302136935, 17.95312232717378 59.38367687096886, 17.95282760775735 59.38345464027379, 17.95267238070402 59.38333760146752)",false
70,70,1603247,Forskargränd,"LINESTRING (17.953193488831428 59.38314866092405, 17.952958583664255 59.38322900437495, 17.95267238070402 59.38333760146752)",false
71,71,1603248,Forskargränd,"LINESTRING (17.95267238070402 59.38333760146752, 17.95219416984233 59.38345038389338, 17.95168614906719 59.38353920916141, 17.9510981215422 59.38359455589835, 17.95104798364597 59.383595241432474)",false
72,72,1603249,Forskargränd,"LINESTRING (17.95104798364597 59.383595241432474, 17.950597959282682 59.38360142776478, 17.950094713909756 59.38354446912091)",false
73,73,1603268,Oxenstiernas Allé,"LINESTRING (17.946305659470358 59.38483372743125, 17.946276111032855 59.38479080487338, 17.945922429639776 59.38420264063545, 17.945839707156964 59.38402052482495)",false
74,74,1603269,Oxenstiernas Allé,"LINESTRING (17.945839707156964 59.38402052482495, 17.94573420994388 59.38378827040767, 17.945666033904125 59.38362043322071)",false
75,75,1603270,Oxenstiernas Allé,"LINESTRING (17.945666033904125 59.38362043322071, 17.945662463382643 59.383611643078154)",false
76,76,1603271,Oxenstiernas Allé,"LINESTRING (17.945662463382643 59.383611643078154, 17.945511670260032 59.38324040905714, 17.94546355280765 59.38309207974738)",false
77,77,1603272,Oxenstiernas Allé,"LINESTRING (17.94546355280765 59.38309207974738, 17.94530896730929 59.3826156029303, 17.945186197436406 59.38209410714021)",false
78,78,1603267,Oxenstiernas Allé,"LINESTRING (17.946463134896927 59.385062443594364, 17.946305659470358 59.38483372743125)",false
79,79,1603266,Oxenstiernas Allé,"LINESTRING (17.94688280285674 59.38562994845222, 17.946560670597577 59.38520412055508, 17.946463134896927 59.385062443594364)",false
80,80,1603265,Oxenstiernas Allé,"LINESTRING (17.94706221839791 59.385867130581616, 17.94688280285674 59.38562994845222)",false
81,81,1603264,Oxenstiernas Allé,"LINESTRING (17.947068554114654 59.385875505049334, 17.94706221839791 59.385867130581616)",false
82,82,1603144,Igelbäcksvägen,"LINESTRING (17.95224233099653 59.38554633987245, 17.952195600266233 59.38550827355384)",false
83,83,1603143,Igelbäcksvägen,"LINESTRING (17.952285936259646 59.38558184588681, 17.95224233099653 59.38554633987245)",false
84,84,1603142,Igelbäcksvägen,"LINESTRING (17.952380039652443 59.385646765744546, 17.952300813992508 59.38559396160988, 17.952285936259646 59.38558184588681)",false
85,85,1603141,Igelbäcksvägen,"LINESTRING (17.952721202011684 59.38585760318773, 17.952511642207302 59.38573449795221, 17.952380039652443 59.385646765744546)",false
86,86,1603145,,"LINESTRING (17.952721202011684 59.38585760318773, 17.95278490142836 59.38581496050934, 17.952895780014625 59.385749539507536, 17.952961191484658 59.38568062825344, 17.952923692142907 59.38563085121788, 17.95284776850917 59.385583615737666, 17.952723758538276 59.38555480289748, 17.952585119144107 59.385583165732534, 17.952516967642612 59.385597109472876, 17.952380039652443 59.385646765744546)",false
87,87,1603140,Igelbäcksvägen,"LINESTRING (17.953219459239367 59.38609988616538, 17.952847283714505 59.38593166681735, 17.952721202011684 59.38585760318773)",false
88,88,1603139,Igelbäcksvägen,"LINESTRING (17.953284424724973 59.38612924967584, 17.953219459239367 59.38609988616538)",false
89,89,1603138,Igelbäcksvägen,"LINESTRING (17.95365403896498 59.38623539314948, 17.953284424724973 59.38612924967584)",false
90,90,1603133,Grönlingens väg,"LINESTRING (17.9554736609841 59.385614357003874, 17.955005103483753 59.385743392667166, 17.954223363745534 59.38602806807704, 17.95365403896498 59.38623539314948)",false
91,91,1603132,Grönlingens väg,"LINESTRING (17.95658411954106 59.38527557462615, 17.95594456755383 59.385470673299324, 17.9554736609841 59.385614357003874)",false
92,92,1840934,Grahamsvägen,"LINESTRING (17.95797805696652 59.382950098160244, 17.95786338264192 59.382887893635285, 17.95774246750442 59.382810258069064, 17.957656105332372 59.382739449603285, 17.957585619109413 59.382666492757956, 17.957515072218964 59.382592431991846, 17.95746067406898 59.382511876512936, 17.957399958220467 59.38244148357125, 17.95731582297407 59.38238125467753, 17.957073934707825 59.38225212372868, 17.956478461108876 59.381936790198424)",false
93,93,1840797,Ursviksvägen,"LINESTRING (17.957515830597295 59.383411445855025, 17.957303057706444 59.38359501466359, 17.95715447292632 59.38375004833992, 17.95702135345013 59.383856189394855)",false
94,94,1840796,Ursviksvägen,"LINESTRING (17.957524788036608 59.383403718794014, 17.957515830597295 59.383411445855025)",false
95,95,1840795,Ursviksvägen,"LINESTRING (17.95797805696652 59.382950098160244, 17.957932593256043 59.38297530161623, 17.957891354490094 59.38301785977739, 17.957692927111957 59.38323914554867, 17.95754810859366 59.3833835987896, 17.957524788036608 59.383403718794014)",false
96,96,1840775,Ursviksvägen,"LINESTRING (17.95886171349176 59.382824049801805, 17.95862129853735 59.38284627327731, 17.95831842954507 59.382876796590445, 17.95819263628727 59.38289697556268, 17.9580945991395 59.3829175400779, 17.958011614706166 59.3829400544055, 17.95797805696652 59.382950098160244)",false
97,97,1840937,Länsmansbacken,"LINESTRING (17.958323016319312 59.381476072525, 17.958426971499375 59.38166366618376, 17.958505736875534 59.38181382110831, 17.958611930524732 59.38200302623516, 17.958669091197866 59.38212110651442, 17.958709344375205 59.382278380480145, 17.9587819194927 59.38250376176231, 17.95886171349176 59.382824049801805)",false
98,98,1840967,de Lavalvägen,"LINESTRING (17.958824103059705 59.381305822153095, 17.959265728095748 59.38163630994099, 17.95950554081165 59.38181147375801, 17.959569418880832 59.38186275289989, 17.95961959317576 59.38191724553703, 17.959663352929574 59.38197129070405, 17.959698851037757 59.38203036679839, 17.959732240239184 59.38211615187929, 17.959763306316418 59.38216358402036, 17.959851778405408 59.38224279895561)",false
99,99,1840992,Sevensvägen,"LINESTRING (17.961033486113394 59.38191531637598, 17.960740968042288 59.38162527243811, 17.9604588318852 59.38134839012337, 17.96007044150539 59.380989048028994)",false
100,100,1840997,Frejavägen,"LINESTRING (17.956478461108876 59.381936790198424, 17.95616822789143 59.38198702885719, 17.955987401223155 59.382015130047094, 17.955808825484542 59.38203611705705, 17.95567217217854 59.38204422020539, 17.95554409379429 59.382044005598615, 17.955382847938203 59.38204213449462)",false
101,101,1840998,Frejavägen,"LINESTRING (17.956478461108876 59.381936790198424, 17.957170537460023 59.381792461780314, 17.95734664234415 59.38175708861685, 17.95750283767829 59.381718195088794, 17.957655149901612 59.381677187918655, 17.958323016319312 59.381476072525)",false
102,102,1840999,Grahamsvägen,"LINESTRING (17.956478461108876 59.381936790198424, 17.956313780538412 59.38183179540488, 17.956222411993757 59.3817485373339, 17.956159990093497 59.38166700412648, 17.9560900339706 59.381549114154815, 17.955960393960616 59.381332780274064)",false
103,103,1841023,Frejavägen,"LINESTRING (17.958824103059705 59.381305822153095, 17.958323016319312 59.381476072525)",false
104,104,1841031,Frejavägen,"LINESTRING (17.96007044150539 59.380989048028994, 17.959594293962006 59.3811028360359, 17.958824103059705 59.381305822153095)",false
105,105,1841034,Sandåsvägen,"LINESTRING (17.956036713541238 59.381318621526404, 17.955960393960616 59.381332780274064)",false
106,106,1841085,Milstensvägen,"LINESTRING (17.955258872884766 59.38445989619134, 17.95507751989983 59.384207028846504, 17.954870382604028 59.383907219403646, 17.954652376407527 59.383610181010035)",false
107,107,1841181,Gamla Enköpingsvägen,"LINESTRING (17.945186197436406 59.38209410714021, 17.946639958397387 59.38169087214547)",false
108,108,1844776,,"LINESTRING (17.961295360165074 59.396565829857494, 17.961095421028077 59.39652500003194, 17.960881821838907 59.396481487746634, 17.960650162574808 59.39643010014606, 17.960424495286 59.39638053504424, 17.96022511170416 59.3963343357234, 17.960057766777123 59.39631504944978, 17.959852925066713 59.39630099011592, 17.95963147850194 59.39629371422461, 17.959393575337916 59.396295932057654, 17.959144553783894 59.39629915655197, 17.95896944819738 59.3963177406993, 17.958793625365985 59.39635072725358, 17.958639306254103 59.396386631363086, 17.958502861100857 59.396427674083824, 17.958376551128023 59.39647724796274, 17.958278683100996 59.396522016089556, 17.957917410436586 59.396706558188626, 17.957404492087267 59.3969533057007)",false
109,109,1844775,,"LINESTRING (17.962987959860737 59.397079028347456, 17.96272158661625 59.397008942637065, 17.962546023622007 59.39695231216198, 17.96242616194777 59.39690863184886, 17.962305375713147 59.39686767718067, 17.96195228351621 59.39674739667744, 17.961777795836987 59.39669074078242, 17.96162047993074 59.39664468442972, 17.961437063219154 59.39659795358555, 17.961295360165074 59.396565829857494)",false
110,110,1844681,,"LINESTRING (17.957404492087267 59.3969533057007, 17.95669536036672 59.39722223773168)",false
111,111,1844680,,"LINESTRING (17.95669536036672 59.39722223773168, 17.956852304496934 59.39728813119795, 17.956932865233412 59.39731643424022, 17.957015163851523 59.39732950274352, 17.9571023363176 59.3973267264453, 17.957284742537503 59.397313999878335, 17.957368559537983 59.39730042659857, 17.957435752163892 59.39727624953485, 17.957485989541063 59.397244747068974, 17.957518186476413 59.39720620442031, 17.957532579177222 59.39716332997602, 17.957527551445846 59.39711698709384, 17.957508281928018 59.39707220723139, 17.957480094421783 59.397030028829086, 17.957404492087267 59.3969533057007)",false
112,112,1844635,,"LINESTRING (17.96380528977338 59.39801602423211, 17.963728527488886 59.3978782268845, 17.96364643964211 59.397774454260166, 17.963556180608304 59.39766810860517, 17.963436764397095 59.39755515585644, 17.96315017409806 59.3973061541618, 17.96306759496753 59.39722031921051, 17.963016446048684 59.39716004484294, 17.962992489877962 59.39710910001882, 17.962987959860737 59.397079028347456)",false
113,113,1844664,,"LINESTRING (17.971724324835044 59.397480182511835, 17.97146169733698 59.39734268855071, 17.971197360102856 59.39717780803218, 17.97105195800468 59.397067188213036, 17.9709508444057 59.39696591108922)",false
114,114,1844662,,"LINESTRING (17.9709508444057 59.39696591108922, 17.970837330970657 59.39711795068985, 17.970679555252982 59.397268796872446, 17.970548194827522 59.39734806144964, 17.970388792192935 59.39742180924066, 17.970108826994935 59.39754342085774)",false
115,115,1844636,,"LINESTRING (17.97530307981234 59.39780341941748, 17.97528045563533 59.397739955744925, 17.97527088372627 59.397638273674005, 17.97528665539457 59.397541872241874, 17.97527533249111 59.397505396080874, 17.975234705204937 59.39747754101031, 17.975162303004694 59.39746107711466, 17.97504567337599 59.39745264910931, 17.974869299544554 59.39744249267126, 17.974686837953367 59.3974370576779, 17.974569900500722 59.39744058755432, 17.974450227612586 59.39745150324463, 17.97429324349413 59.397470359660666, 17.974139714552454 59.39748481485881, 17.9740234791454 59.39749132953036, 17.97391048276323 59.39748936839715, 17.97379316463246 59.397478510803225, 17.973675650654823 59.39746441365195, 17.9735592637446 59.39744267063528, 17.973393151478888 59.39740926528713, 17.97305655643111 59.39735771285396)",false
116,116,1844661,,"LINESTRING (17.971724324835044 59.397480182511835, 17.971504609465473 59.397466650967665, 17.971268556632808 59.397456097191466, 17.971040045816405 59.39745520176137, 17.970852303647778 59.3974590742962, 17.970471458784292 59.397483474726315, 17.970108826994935 59.39754342085774)",false
117,117,1843605,,"LINESTRING (17.971896137643313 59.39748754557835, 17.971724324835044 59.397480182511835)",false
118,118,1843603,,"LINESTRING (17.974031605952202 59.39823206963663, 17.973757873731962 59.398155605121104, 17.973588976307962 59.398112181272495, 17.97346581497049 59.398075900620725, 17.973362157820382 59.398036578250085, 17.973269578555016 59.39799517910156, 17.97316539027687 59.39794717930418, 17.973073100456393 59.39790224195736, 17.97258686329968 59.397647001057805, 17.972477755357403 59.397588482532164, 17.972368799656905 59.397549792372615, 17.97223266200418 59.39751861381973, 17.97206874290431 59.397494942478374, 17.9719136742543 59.39748829704882)",false
119,119,1843604,,"LINESTRING (17.9719136742543 59.39748829704882, 17.971896137643313 59.39748754557835)",false
120,120,1844634,,"LINESTRING (17.970108826994935 59.39754342085774, 17.96996712818081 59.39757668775794, 17.969829060970206 59.397617222273865, 17.969685868540257 59.39766925848988, 17.96951063711869 59.3977367429756, 17.969379477956476 59.39779400422186, 17.969223101206325 59.39786553398861, 17.96909037514666 59.3979228216166, 17.968959414665925 59.39795781082288, 17.968823669148644 59.39797578168771, 17.968650164812786 59.39798593152983, 17.968330074949563 59.398002544658574, 17.96810463485762 59.39800838545152, 17.967848104763664 59.39801092565061, 17.96747829080452 59.39800742555864, 17.967254094045355 59.39800753952808, 17.967040894487724 59.39801291127571, 17.966838691515708 59.39802434061286, 17.96660245864786 59.39803632805853, 17.96633661250223 59.39804336346257, 17.965975636356696 59.39804460931479, 17.965744972264176 59.39803504618668, 17.9654135726612 59.3980325626917, 17.964928930398546 59.398032555881215, 17.964437696171668 59.39802043137187, 17.96380528977338 59.39801602423211)",false
121,121,1843601,,"LINESTRING (17.96380528977338 59.39801602423211, 17.963897034879228 59.39824864155654)",false
122,122,1843602,,"LINESTRING (17.974031605952202 59.39823206963663, 17.974190313060614 59.39816429985258, 17.974362399765987 59.39809740187821, 17.974571251551264 59.39802256623989, 17.974786567512993 59.39794871503178, 17.97498575873212 59.39788951891122, 17.975172095986203 59.39783786735874, 17.97530307981234 59.39780341941748)",false
123,123,1843461,,"LINESTRING (17.963897034879228 59.39824864155654, 17.964182329012953 59.398442533848005, 17.964749852923696 59.39890017075048, 17.965023817418263 59.39909153326319, 17.96512809857424 59.399156008465035)",false
124,124,1843464,,"LINESTRING (17.97156803553856 59.399681833149955, 17.971624327841027 59.399658804634626, 17.971788691760302 59.39958769210808, 17.97194757295265 59.399513945625436, 17.972086474158477 59.39944405991774, 17.972304569832037 59.39932073613529, 17.97267713542947 59.39909631309905, 17.972939406131303 59.398896229980686, 17.973166465034854 59.398737736113034, 17.97336044136124 59.39862078315844, 17.973544932878042 59.3985056007144, 17.97382444714222 59.39834271960211, 17.974031605952202 59.39823206963663)",false
125,125,1843463,,"LINESTRING (17.971098272008234 59.39985254775617, 17.97124471213942 59.39980511777697, 17.971428047462787 59.3997391358004, 17.97156803553856 59.399681833149955)",false
126,126,1843462,,"LINESTRING (17.96819291581645 59.40038321880824, 17.96838926501235 59.40035428148412, 17.969357991138164 59.400200020256555, 17.970162609551007 59.40007910666713, 17.97035623724789 59.4000414670462, 17.97051279063574 59.40000687309837, 17.97069382952989 59.39996373276368, 17.97087467071348 59.39991733478878, 17.97106723964948 59.399862600042844, 17.971098272008234 59.39985254775617)",false
127,127,1844966,,"LINESTRING (17.9709508444057 59.39696591108922, 17.971080893579305 59.396729692019576, 17.971159952161347 59.396597505256366, 17.971248045058275 59.39647331674189, 17.97133982329359 59.39635721238636, 17.971420894679113 59.39626572171462, 17.97151344411512 59.396178947648565, 17.97162867683872 59.39608038829687, 17.971748630724477 59.395971971528176, 17.971907759821413 59.3958091417562, 17.972104759103388 59.39562125859774, 17.972249690738405 59.395478215421505, 17.972500388608097 59.39515339333923, 17.972738998007845 59.394831218540254, 17.97284451550259 59.39467943476606)",false
128,128,1844967,,"LINESTRING (17.97284451550259 59.39467943476606, 17.972858731861027 59.39465898401076)",false
129,129,1844969,,"LINESTRING (17.962987959860737 59.397079028347456, 17.96300227223065 59.39701796759515, 17.963033669551304 59.3968813966908, 17.963058559499675 59.39681092101696, 17.963104765681187 59.39674907270157, 17.963163794034415 59.39669624240648, 17.96322006603598 59.39665078921992, 17.963433970992764 59.396485997984385, 17.963521048377274 59.39643053527111, 17.963619638305055 59.39638059778425, 17.963719934022173 59.39632356753267, 17.963814326989556 59.39625766748927, 17.96420844007565 59.395985396624084, 17.964556982626302 59.395733686739305, 17.965208708031568 59.39532306822413, 17.965753202807143 59.39491826357132, 17.966055223170926 59.39468180593508)",false
130,130,1844970,,"LINESTRING (17.966055223170926 59.39468180593508, 17.966064822101593 59.39467429106508)",false
131,131,1844971,,"LINESTRING (17.966064822101593 59.39467429106508, 17.966197415402053 59.394570479529364, 17.966484500405 59.394341224838534, 17.966531868255842 59.39428557505273)",false
132,132,1844972,,"LINESTRING (17.966531868255842 59.39428557505273, 17.966544511096775 59.39427072220668, 17.96663148854843 59.39421363306778, 17.966682062303676 59.39418791600504)",false
133,133,1844973,,"LINESTRING (17.966682062303676 59.39418791600504, 17.96674347905771 59.39415668471055, 17.966844765006122 59.39409882060656, 17.966917898831802 59.39403353656508, 17.96702525298677 59.393919363382324)",false
134,134,1921227,,"LINESTRING (17.961295360165074 59.396565829857494, 17.96123455558633 59.39665283694141, 17.961179040565295 59.39679942604298, 17.961140141761952 59.39695914360121, 17.961143253736694 59.39706946441628, 17.961196786176533 59.39717524373479, 17.961261421823174 59.39730667719975, 17.96142333105237 59.39746403660404)",false
135,135,1962106,,"LINESTRING (17.963880792539186 59.39906128068481, 17.963886474218224 59.3990268883899, 17.963897034879228 59.39824864155654)",false
136,136,1841035,Grahamsvägen,"LINESTRING (17.955960393960616 59.381332780274064, 17.95586757054722 59.38116161025317, 17.95581514629641 59.38105106849298, 17.955773833330067 59.38094798468444, 17.955739506485376 59.3808276423706, 17.955661706824923 59.38052257463103)",false
137,137,1851307,Gamla Enköpingsvägen,"LINESTRING (17.955661706824923 59.38052257463103, 17.955949028240486 59.3805088898084, 17.956271187190474 59.38048895997354, 17.956462127459346 59.380478393989165, 17.956626161317857 59.38046443919941, 17.95679640040849 59.380447117540854, 17.956969810561617 59.38042920255434, 17.957124019984743 59.380411039919935, 17.95727880790491 59.38038496539266, 17.95742882486689 59.38035952008503, 17.957583499362105 59.380331542755584, 17.95773761032894 59.38030276030833, 17.957892237406973 59.380274244527634, 17.958282663223834 59.380181664525296)",false
138,138,1841033,Sandåsvägen,"LINESTRING (17.95823923910507 59.38072789511384, 17.958161734766236 59.380743509923825, 17.95808445441671 59.3807722030452, 17.957857784746075 59.380881860558986, 17.95764060461593 59.380962799174945, 17.9574856596748 59.38101337315828, 17.95731712036347 59.38105952874373, 17.957140155109524 59.381098731449015, 17.95682794925524 59.38116969305023, 17.956617377502404 59.381208875427056, 17.956360449698312 59.38125856176092, 17.956036713541238 59.381318621526404)",false
139,139,1851303,de Lavalvägen,"LINESTRING (17.958282663223834 59.380181664525296, 17.95830796306522 59.3802302701713, 17.958306696431777 59.380281203928575, 17.95830018465968 59.3803422759606, 17.958268017587685 59.38053797251438, 17.95823923910507 59.38072789511384)",false
140,140,1841032,de Lavalvägen,"LINESTRING (17.958824103059705 59.381305822153095, 17.95847963935379 59.38102146327209, 17.958377972258347 59.380944353064216, 17.95831631905682 59.38088542084588, 17.95823923910507 59.38072789511384)",false
141,141,1851351,Gamla Enköpingsvägen,"LINESTRING (17.958282663223834 59.380181664525296, 17.95861554865473 59.38008178964216, 17.95884058828321 59.38002523830691, 17.959035684212562 59.3799860170467, 17.959216330857984 59.379955192786774, 17.959371521069105 59.37993619645027)",false
142,142,1851347,Sevensvägen,"LINESTRING (17.959371521069105 59.37993619645027, 17.959364691144184 59.38018103714354, 17.95937596414278 59.380254375653706, 17.95940230495566 59.38032964556048, 17.95944272326987 59.38039952786785, 17.95948447873995 59.380456062728854, 17.959575949099655 59.38054992861121, 17.96007044150539 59.380989048028994)",false
143,143,1851356,Gamla Enköpingsvägen,"LINESTRING (17.960946299437072 59.379761427633085, 17.960089106254653 59.379854344625215, 17.959670335390165 59.37990028093568, 17.959371521069105 59.37993619645027)",false
144,144,1841039,Frejavägen,"LINESTRING (17.96007044150539 59.380989048028994, 17.960228987842125 59.38099939433396, 17.960685182978914 59.38104435248818, 17.96132127649589 59.381108586303895, 17.961648541087854 59.38113865055639)",false
145,145,1851355,Gamla Enköpingsvägen,"LINESTRING (17.96097921704316 59.37975785934443, 17.960946299437072 59.379761427633085)",false
146,146,1841015,Frejavägen,"LINESTRING (17.963101065503423 59.381572499634444, 17.962424862199093 59.38133601852231, 17.962190368648052 59.381259871436946, 17.962003345994802 59.38121022316503, 17.961648541087854 59.38113865055639)",false
147,147,1841040,Vikingavägen,"LINESTRING (17.961648541087854 59.38113865055639, 17.961746797176378 59.3811039254996, 17.961833834400043 59.381078081693296, 17.96192774122273 59.38105103939545, 17.962117614992007 59.38100482435716, 17.9623006420204 59.380960076543786, 17.962499428993144 59.38091126816308, 17.962660586831852 59.3808665854396, 17.962785253425423 59.380827359527835, 17.962901631460625 59.38078337063022, 17.96300586864748 59.380741733292794, 17.96312410227119 59.380684106349634)",false
148,148,1841051,Fylkesvägen,"LINESTRING (17.96312410227119 59.380684106349634, 17.96283867750201 59.38055892279541, 17.962592610958 59.38044920759434)",false
149,149,1840995,Fylkesvägen,"LINESTRING (17.96312410227119 59.380684106349634, 17.9635108569926 59.38084446621909, 17.964105741886623 59.381104518416635, 17.964573531170576 59.381308537516034, 17.965235117268875 59.38159505018028, 17.965739527049962 59.381813472492404)",false
150,150,1841004,Ursviksvägen,"LINESTRING (17.966323440236675 59.38170861315233, 17.9670691524042 59.38156123191865)",false
151,151,1841088,Ursviksvägen,"LINESTRING (17.9670691524042 59.38156123191865, 17.967567320024063 59.38147488737311)",false
152,152,1853945,Rissneleden,"LINESTRING (17.968214580255708 59.37708288722154, 17.967157888541717 59.377229645112635, 17.967051126422934 59.37702221788866)",false
153,153,1841089,Ursviksvägen,"LINESTRING (17.967567320024063 59.38147488737311, 17.967583980550998 59.381472000179755)",false
154,154,1841090,Ursviksvägen,"LINESTRING (17.967583980550998 59.381472000179755, 17.968402856291505 59.38133006442948)",false
155,155,1854194,Östra Madenvägen,"LINESTRING (17.970896158739567 59.37817131108045, 17.970704423343655 59.378175222076194, 17.970593525412635 59.378172150860976, 17.97042521975336 59.378174943476665, 17.969519970221263 59.37817031614271, 17.968642806591447 59.3782290766596, 17.967811270428726 59.37832390437325)",false
156,156,1853925,Rissneleden,"LINESTRING (17.96832038253811 59.37725629677663, 17.96788976788799 59.37731795865699)",false
157,157,1841091,Ursviksvägen,"LINESTRING (17.968402856291505 59.38133006442948, 17.968559269132292 59.3812980446791, 17.968739902595043 59.38125822157593, 17.968898206195778 59.38121057676675)",false
158,158,1853926,Rissneleden,"LINESTRING (17.968214580255708 59.37708288722154, 17.96832038253811 59.37725629677663)",false
159,159,1853946,Rissneleden,"LINESTRING (17.969532877545586 59.37689448767206, 17.96856952407805 59.37703192430638, 17.968214580255708 59.37708288722154)",false
160,160,1853927,Rissneleden,"LINESTRING (17.96832038253811 59.37725629677663, 17.969119862349693 59.377153254504, 17.969191934129285 59.377136076338864, 17.969237319485014 59.37713673198113, 17.969277999021855 59.37714781063559, 17.969305785705128 59.377166713146195, 17.969320556649127 59.37719485311062)",false
161,161,1841092,Ursviksvägen,"LINESTRING (17.968898206195778 59.38121057676675, 17.96902533706454 59.381167775186356, 17.96915426037726 59.38111949617253, 17.969280060809723 59.381063910706594, 17.96939263768564 59.38100091637071, 17.96948528258428 59.38093496126687, 17.96952653844764 59.380900036820584)",false
162,162,1225948,Ursviksvägen,"LINESTRING (17.969821594494668 59.38050559125306, 17.96997893652469 59.38035423342089, 17.97005483567473 59.38028029344719, 17.97016004310176 59.380201758868274, 17.970260393289287 59.38013152103966, 17.97037321759955 59.38008851383062, 17.97060260583805 59.380018876118775, 17.97083771443076 59.37995464296892, 17.971135576475824 59.379863306445706, 17.97136990222534 59.37978673448718, 17.97174960412887 59.37967209976121, 17.97199092980177 59.37957895876483, 17.972180439793426 59.379474328440004, 17.972344752046997 59.379353666305626, 17.972453294265993 59.37924352206013, 17.972524257213294 59.379134018896124)",false
163,163,1853959,Rissneleden,"LINESTRING (17.970160745802033 59.37715318557677, 17.970026227957828 59.3769189678364, 17.969986719185172 59.37688282794159, 17.969935335539645 59.37686211783364, 17.969860905063953 59.376857559279735, 17.969532877545586 59.37689448767206)",false
164,164,1226015,Ursviksvägen,"LINESTRING (17.971411961650947 59.37988524475682, 17.971310986185653 59.379916621034006, 17.971050161985424 59.379999116422184, 17.97060187581618 59.38013408338048, 17.97043128607187 59.380198625289054, 17.970284372414127 59.38029705263935, 17.97002699525279 59.380554243634585)",false
165,165,1854188,Gesällvägen,"LINESTRING (17.970674165662825 59.37666061380371, 17.970692030283068 59.376736569167186, 17.9707411160348 59.37704089145004, 17.970791035043295 59.37740381895386, 17.970802713158662 59.37747527854392)",false
166,166,1854189,Gesällvägen,"LINESTRING (17.970802713158662 59.37747527854392, 17.970805224537788 59.37748566296744)",false
167,167,1854190,Gesällvägen,"LINESTRING (17.970805224537788 59.37748566296744, 17.970816002347647 59.37753456142411, 17.97081841980987 59.37755516050019)",false
168,168,1854191,Gesällvägen,"LINESTRING (17.97081841980987 59.37755516050019, 17.97081947059597 59.37756410810958)",false
169,169,1854192,Gesällvägen,"LINESTRING (17.97081947059597 59.37756410810958, 17.970821265696017 59.37757940708767, 17.970824633114287 59.37759514559083, 17.97083641734101 59.37766781586114, 17.970856714393364 59.37778865442418, 17.970885525649926 59.37795123630343, 17.97089127656845 59.37805778623775)",false
170,170,1854193,Gesällvägen,"LINESTRING (17.97089127656845 59.37805778623775, 17.970896158739567 59.37817131108045)",false
171,171,1969903,Rissneleden,"LINESTRING (17.9566968653678 59.37749280692595, 17.956651597513044 59.37745898905557)",false
172,172,1969904,Rissneleden,"LINESTRING (17.956651597513044 59.37745898905557, 17.956651593685525 59.37745898554803, 17.95663348944435 59.377445709754866)",false
173,173,1840776,Ursviksvägen,"LINESTRING (17.95886171349176 59.382824049801805, 17.959626910995986 59.38277931093458)",false
174,174,1840742,Föreningsvägen,"LINESTRING (17.960252642897284 59.38346059477729, 17.95940343258622 59.38344755983522)",false
175,175,1840938,de Lavalvägen,"LINESTRING (17.959626910995986 59.38277931093458, 17.959684212124866 59.38255764035814, 17.959740206353697 59.38236784538274, 17.95978252201651 59.38228960614983, 17.959851778405408 59.38224279895561)",false
176,176,1840777,Ursviksvägen,"LINESTRING (17.959626910995986 59.38277931093458, 17.96000236548188 59.382775702783924, 17.96028126274137 59.3827637724523)",false
177,177,1840966,Fredensvägen,"LINESTRING (17.959851778405408 59.38224279895561, 17.959918597796154 59.382190871178025, 17.960002735124473 59.382151723497124, 17.96009733829559 59.38211868217739, 17.960210110713497 59.38208536304346, 17.960333301249463 59.38205760315301, 17.960557269246863 59.382010050251395, 17.961033486113394 59.38191531637598)",false
178,178,1840702,Månvägen,"LINESTRING (17.96002817584327 59.38382263911832, 17.96002389344037 59.38381449448797, 17.960022799801088 59.383787013525435, 17.960030484763674 59.38375476843457, 17.96004249801971 59.3837232787369, 17.960080501753765 59.38365354811546, 17.96013612391155 59.38356530193331, 17.960252642897284 59.38346059477729)",false
179,179,1840701,,"LINESTRING (17.96003273284374 59.38383130678299, 17.96002817584327 59.38382263911832)",false
180,180,1840700,Vallstigen,"LINESTRING (17.96199371652741 59.384070759503906, 17.961318294220757 59.38400114927006, 17.96081711698994 59.38394518214348, 17.96017035694069 59.38387294723281, 17.96011070843404 59.38386597155718, 17.960064658224482 59.38385415824647, 17.960034113791234 59.38383393255746, 17.96003273284374 59.38383130678299)",false
181,181,1840743,Föreningsvägen,"LINESTRING (17.960252642897284 59.38346059477729, 17.96036015384654 59.383384074086635)",false
182,182,1840754,Månvägen,"LINESTRING (17.96028126274137 59.3827637724523, 17.960315202322242 59.38296770032952, 17.96036015384654 59.383384074086635)",false
183,183,1840939,Ursviksvägen,"LINESTRING (17.96128614119947 59.38263092933935, 17.96088302271608 59.382689695836234, 17.960565850934923 59.38273107171151, 17.96028126274137 59.3827637724523)",false
184,184,1840753,Föreningsvägen,"LINESTRING (17.96036015384654 59.383384074086635, 17.960857037763965 59.383376403437346, 17.9612526817789 59.38336268244168, 17.96155571319218 59.38335256458964, 17.961761801346807 59.38333658791835, 17.962039971406487 59.383321120974266)",false
185,185,1840953,Sevensvägen,"LINESTRING (17.961676629713146 59.38256610443818, 17.961398073430654 59.38227774852762, 17.961178110256487 59.3820595440603, 17.961033486113394 59.38191531637598)",false
186,186,1840991,Fredensvägen,"LINESTRING (17.961033486113394 59.38191531637598, 17.96182232560102 59.38179260486806, 17.962789455117946 59.38164454939451, 17.962923350623754 59.381625871090286, 17.963006424979433 59.3816052654886, 17.963101065503423 59.381572499634444)",false
187,187,1840946,Ursviksvägen,"LINESTRING (17.96128614119947 59.38263092933935, 17.961676629713146 59.38256610443818)",false
188,188,1840925,Stjärnvägen,"LINESTRING (17.962465346064263 59.383124810398215, 17.962338086290732 59.38305735134988, 17.962207904813397 59.38300383278466, 17.961932626173297 59.38291497113106, 17.961514164471556 59.382759999258596, 17.96139758550746 59.38271034937924, 17.96133315981697 59.38266778185434, 17.96128614119947 59.38263092933935)",false
189,189,1840950,Ursviksvägen,"LINESTRING (17.961676629713146 59.38256610443818, 17.962576721959106 59.38240302168025, 17.963363816164495 59.38225964606621, 17.96363128703556 59.38220774551083)",false
190,190,1840699,Fasanstigen,"LINESTRING (17.962172291508367 59.38374377653423, 17.96215557957944 59.38377670311941, 17.96213932485949 59.383826773382964, 17.96212374582513 59.38387873330187, 17.962099246710974 59.38393383425734, 17.96206238508868 59.3839869426327, 17.96199371652741 59.384070759503906)",false
191,191,1840594,Vallstigen,"LINESTRING (17.96199371652741 59.384070759503906, 17.962768109692554 59.38416253200343, 17.96336433692844 59.38422818383014)",false
192,192,1840725,Fasanstigen,"LINESTRING (17.962039971406487 59.383321120974266, 17.962009373416553 59.38336325006035, 17.96199009401184 59.383425079668534, 17.961994475413707 59.383507767155805, 17.962011689013345 59.383564130989775, 17.96203791563284 59.38361054935431, 17.96207632191291 59.383664131328565, 17.962172291508367 59.38374377653423)",false
193,193,1840755,Föreningsvägen,"LINESTRING (17.962039971406487 59.383321120974266, 17.96209830988754 59.383279395025184, 17.96216558333126 59.383243783132976, 17.962254504993656 59.38320456124892, 17.962465346064263 59.383124810398215)",false
194,194,1840689,Fasanstigen,"LINESTRING (17.96336433692844 59.38422818383014, 17.9633499864439 59.38417559204544, 17.963306726481395 59.38414794619215, 17.963245996181918 59.3841227461665, 17.962812440129806 59.38397427656919, 17.962391746631944 59.383827229639486, 17.962172291508367 59.38374377653423)",false
195,195,1840766,Föreningsvägen,"LINESTRING (17.96356842598921 59.382956138056876, 17.963418476625627 59.38297396874545, 17.963247118152523 59.38299976211198, 17.963048047153347 59.383034955292395, 17.96274394366995 59.38309872884942, 17.962623291264705 59.383115838944576, 17.962465346064263 59.383124810398215)",false
196,196,1840713,Stjärnvägen,"LINESTRING (17.964531518889554 59.383835825525885, 17.964469013405246 59.383780428868725, 17.964191906655817 59.383615934126226, 17.96412858632429 59.383592132298, 17.96404511070122 59.383570280307374, 17.96395125678548 59.38355322004693, 17.963841984249434 59.38353748968404, 17.963144390427676 59.38340834027079, 17.96304703801056 59.38338670418803, 17.96297026679299 59.38336093406979, 17.96288975799408 59.38332624497705, 17.962465346064263 59.383124810398215)",false
197,197,1840977,Frejavägen,"LINESTRING (17.964390555873965 59.382063829692264, 17.96436403084519 59.38203075362799, 17.964312718419578 59.38199316410579, 17.964231329077915 59.381961479204314, 17.964139454602822 59.381932953054665, 17.963101065503423 59.381572499634444)",false
198,198,1840583,Vallstigen,"LINESTRING (17.964061518327288 59.38432276395054, 17.963770849087393 59.38428071294084, 17.96336433692844 59.38422818383014)",false
199,199,1840928,Ungdomsvägen,"LINESTRING (17.964390555873965 59.382063829692264, 17.96438226835147 59.382104248013505, 17.96435216187873 59.38216325105022, 17.964278378787228 59.3822686618748, 17.964111164092497 59.38250781333262, 17.96402208543795 59.38261617763649, 17.96395432837597 59.38267928940114, 17.963865835129265 59.382743546461576, 17.96377062875703 59.38280273525176, 17.96365526628469 59.382863864812464, 17.963599360473854 59.38290175313968, 17.96356842598921 59.382956138056876)",false
200,200,1840772,Föreningsvägen,"LINESTRING (17.96356842598921 59.382956138056876, 17.963920922600582 59.38294333570651, 17.964232528078217 59.38293443641925, 17.96452307814807 59.38292968138692, 17.964914019088962 59.38291763763203)",false
201,201,1840951,Ursviksvägen,"LINESTRING (17.96363128703556 59.38220774551083, 17.963647731491456 59.38220455462783)",false
202,202,1840952,Ursviksvägen,"LINESTRING (17.963647731491456 59.38220455462783, 17.96381958491939 59.382171207550385, 17.964390555873965 59.382063829692264)",false
203,203,1840685,Egnahemsvägen,"LINESTRING (17.964531518889554 59.383835825525885, 17.964307896650443 59.384077760294545, 17.964061518327288 59.38432276395054)",false
204,204,1840582,Vallstigen,"LINESTRING (17.964061518327288 59.38432276395054, 17.964241963594226 59.38438721508859, 17.964441415704496 59.38444784615512, 17.964629335599067 59.38449420894246)",false
205,205,1840710,Stjärnvägen,"LINESTRING (17.964531518889554 59.383835825525885, 17.964638936997343 59.38386519316526, 17.964812790970356 59.38390824517577, 17.965078611739692 59.383972739606136, 17.965459667402072 59.38406062680025)",false
206,206,1840714,Egnahemsvägen,"LINESTRING (17.96604382665186 59.383001172751946, 17.965612561204146 59.383241687232285, 17.96521158454828 59.38348038810223, 17.964983081731386 59.383612959879, 17.964780480930486 59.383723897249666, 17.964531518889554 59.383835825525885)",false
207,207,1840976,Ursviksvägen,"LINESTRING (17.965551742642862 59.381850138194686, 17.965033486378903 59.381946357049785, 17.964390555873965 59.382063829692264)",false
208,208,1840930,Fylkesvägen,"LINESTRING (17.965551742642862 59.381850138194686, 17.965562235687873 59.38190088555861, 17.965564507560003 59.38196618838867, 17.96555506787789 59.3820496395666, 17.965541807273905 59.38214076175864, 17.965517208414564 59.38228353224726, 17.965486823120848 59.38236512349782, 17.965444968231257 59.382450704766555, 17.965383348216278 59.38254531710836, 17.96532199741198 59.3826355561417, 17.965263964946995 59.38270914965957, 17.965196503173388 59.38277743126642, 17.965111089299295 59.38283074622366, 17.964914019088962 59.38291763763203)",false
209,209,1840769,Föreningsvägen,"LINESTRING (17.964914019088962 59.38291763763203, 17.965150432027045 59.38292705200872, 17.965464286004575 59.382946709757945, 17.9657495664366 59.3829703325263, 17.96604382665186 59.383001172751946)",false
210,210,1840711,Stjärnvägen,"LINESTRING (17.965459667402072 59.38406062680025, 17.96547573238701 59.384064332025126, 17.96550824507547 59.38407188922043)",false
211,211,1840712,Stjärnvägen,"LINESTRING (17.96550824507547 59.38407188922043, 17.965662405337817 59.3841077203829, 17.965900011470346 59.38416394092963, 17.966159310857442 59.38424405529348, 17.96635303574329 59.38432517583433, 17.96655491064937 59.38443584503829, 17.966781471525874 59.38456654794102, 17.967219803982967 59.38478546235373, 17.96737491822613 59.38487234847018, 17.967477957983846 59.384962764938614, 17.96758428133529 59.385081457150676)",false
212,212,1840990,Ursviksvägen,"LINESTRING (17.965739527049962 59.381813472492404, 17.965551742642862 59.381850138194686)",false
213,213,1840994,Ursviksvägen,"LINESTRING (17.965739527049962 59.381813472492404, 17.966323440236675 59.38170861315233)",false
214,214,1840770,Egnahemsvägen,"LINESTRING (17.96645589253735 59.382707312916686, 17.96641058633779 59.38276164816588, 17.96633113139887 59.38282548566108, 17.966249472387886 59.38287902148023, 17.96604382665186 59.383001172751946)",false
215,215,1840968,Egnahemsvägen,"LINESTRING (17.966323440236675 59.38170861315233, 17.96635343937832 59.381809426469076, 17.96634691464596 59.381861522472086, 17.966346857399678 59.38191406439489, 17.96636518572239 59.38197122011437, 17.966443787187373 59.38212654139298)",false
216,216,1840935,Egnahemsvägen,"LINESTRING (17.96645589253735 59.382707312916686, 17.966507919624963 59.38264906861768, 17.966550570838027 59.38258552027959, 17.966579649402455 59.38252708821616, 17.966593679937457 59.38246696772997, 17.966585344987276 59.382407481946, 17.966568322701953 59.38235439410962, 17.966543830424712 59.38230168291651, 17.966513061146305 59.38225070504867, 17.96646806081038 59.38219367996392, 17.966443787187373 59.38212654139298)",false
217,217,1840936,Egnahemsvägen,"LINESTRING (17.966443787187373 59.38212654139298, 17.96650524544418 59.38212804547706, 17.966564016554155 59.3821383000513, 17.96661791834616 59.38215651908371, 17.966711994167596 59.38219508461266, 17.96705932051001 59.382347058145335, 17.96707905890476 59.382364724548545, 17.967078857390238 59.382388407015696, 17.967058447596276 59.38241322331671, 17.967024549621275 59.38243525541366, 17.966609047599285 59.3826804467962, 17.96654738130174 59.38270236476335, 17.96645589253735 59.382707312916686)",false
218,218,1840993,,"LINESTRING (17.97641786482574 59.381299955910535, 17.976470313937774 59.38146302167853, 17.976509316221208 59.3815623245971, 17.976545422781694 59.38161294483325, 17.97657918423807 59.381651083199785)",false
219,219,1851317,,"LINESTRING (17.977138341475335 59.38022157241832, 17.97734543233035 59.38017093390675)",false
220,220,1961929,,"LINESTRING (17.978074795172937 59.381445413424636, 17.978101815007044 59.38138864297301, 17.97811121634838 59.381331601025074, 17.978098203666768 59.3812746307642, 17.97807269301525 59.38122275347642, 17.97803248523958 59.381175192680814, 17.97797283290146 59.381105341554424, 17.97792704198171 59.38105998401544)",false
221,221,1844637,,"LINESTRING (17.97530307981234 59.39780341941748, 17.975590888099777 59.397730815425454, 17.976088302658464 59.39762900394004, 17.97670843746126 59.39748879619481, 17.977658132109955 59.39728807113581, 17.97852857172177 59.397097317348056, 17.979410846451305 59.39690881226483, 17.98013703929017 59.39675327889469, 17.98039591548078 59.39668630335867, 17.980631654594973 59.396624331108, 17.980843422879097 59.39656248398472, 17.98145129984709 59.39638007461677)",false
222,222,1603263,Oxenstiernas Allé,"LINESTRING (17.947576715209287 59.38638734166569, 17.947466677493058 59.38628798370887, 17.94710379913885 59.38592209700423, 17.947068554114654 59.385875505049334)",false
223,223,1603262,Oxenstiernas Allé,"LINESTRING (17.948194111302495 59.386912479514415, 17.948101358614 59.38686106602585, 17.947794441690043 59.386583935858134, 17.947576715209287 59.38638734166569)",false
224,224,1603260,Marieborgsgatan,"LINESTRING (17.949039154376173 59.38667439399383, 17.948733691486414 59.386794326190156, 17.948479514910325 59.386894119838, 17.948320672339445 59.38693516456872)",false
225,225,1603259,Naturstigen,"LINESTRING (17.950175185367613 59.387078002872414, 17.9498862120316 59.38689605376571, 17.94953651082417 59.38667585922638)",false
226,226,1603217,Gåsörtsvägen,"LINESTRING (17.951877067789027 59.38661688996308, 17.951270216962712 59.386792210523, 17.950660268415447 59.38694615803658, 17.950175185367613 59.387078002872414)",false
227,227,1603147,Kronogårdsvägen,"LINESTRING (17.951877067789027 59.38661688996308, 17.951496695877484 59.38631232585604, 17.95119149285623 59.386067926939305)",false
228,228,1603134,Grönlingens väg,"LINESTRING (17.95365403896498 59.38623539314948, 17.95330881391717 59.3864647233189, 17.95273761543665 59.38696704723748, 17.95246129166695 59.387145212733735, 17.952111383355106 59.387321314478804, 17.951376528582365 59.38760801048605)",false
229,229,1603216,Gåsörtsvägen,"LINESTRING (17.953284424724973 59.38612924967584, 17.952539026099593 59.386432429054025, 17.951877067789027 59.38661688996308)",false
230,230,1603137,Igelbäcksvägen,"LINESTRING (17.9560775832476 59.38663422980225, 17.95542779202803 59.38658347077447, 17.954750907641003 59.386504549772475, 17.954222096516965 59.38640399324189, 17.95365403896498 59.38623539314948)",false
231,231,1848252,,"LINESTRING (17.957194355189745 59.387461431814806, 17.956801734405953 59.38740104561915, 17.95667536057466 59.38739373926715, 17.956534652188804 59.38739699272415, 17.9563979068604 59.387412979004175, 17.956289469090716 59.387438064016926, 17.956182830213006 59.38747591301126, 17.95609102706555 59.38752088384328, 17.955559929837204 59.38782606903535, 17.954954592485944 59.38818466595412)",false
232,232,1603146,Gräsvägen,"LINESTRING (17.9560775832476 59.38663422980225, 17.955960422222663 59.38633066561008, 17.9557389177467 59.38595817287169, 17.9554736609841 59.385614357003874)",false
233,233,1603136,Igelbäcksvägen,"LINESTRING (17.957376710561984 59.38667507594661, 17.956657393711065 59.38666680358791, 17.9560775832476 59.38663422980225)",false
234,234,1848261,,"LINESTRING (17.95921995315443 59.38805227872405, 17.959191443020586 59.38800371010568, 17.95912872192479 59.387935528919854, 17.959012858290876 59.387844759094875, 17.95889643054129 59.387771147026974, 17.958763292719546 59.38771275870373, 17.958620162616416 59.38766623368702, 17.95849343656582 59.38763470216712, 17.958345527178516 59.3876064906776, 17.95794983800902 59.38754833411235, 17.957194355189745 59.387461431814806)",false
235,235,1848494,Milstensvägen,"LINESTRING (17.957194871968017 59.385820105982376, 17.957270808429577 59.38594906523326, 17.957309876850083 59.38604102115014, 17.957347896571477 59.38613327041936, 17.957370900357454 59.386206423822514, 17.957384814271332 59.386279163368975, 17.957386202534494 59.386356733865085, 17.957388111556742 59.386434013987056, 17.957388825782875 59.386518402074415, 17.957383252766018 59.386595528406225, 17.957376710561984 59.38667507594661)",false
236,236,1848496,Milstensvägen,"LINESTRING (17.957330683686948 59.3869642787781, 17.95732925810162 59.38697322599337)",false
237,237,1848495,Milstensvägen,"LINESTRING (17.957376710561984 59.38667507594661, 17.957330683686948 59.3869642787781)",false
238,238,1848260,,"LINESTRING (17.95921995315443 59.38805227872405, 17.959269678020576 59.38806293969126, 17.959331628988796 59.38809057604563, 17.959372842730886 59.388128873008306, 17.95939296073492 59.388171297016584, 17.959420246427946 59.38828903072563, 17.95948097291211 59.38858455482174, 17.959516895307694 59.38876777026706)",false
239,239,1848497,Milstensvägen,"LINESTRING (17.95732925810162 59.38697322599337, 17.95730594911612 59.38711968428835, 17.95728883355854 59.387227480579696, 17.957260014002873 59.387308512817114, 17.957194355189745 59.387461431814806)",false
240,240,1848498,,"LINESTRING (17.95584127651951 59.38922647329352, 17.956086227952106 59.38923495635229, 17.956262132644124 59.38924939845208, 17.956448901258376 59.38926721530348, 17.9566269527535 59.38928162621296, 17.9567629092328 59.38928823917353, 17.956914828118318 59.38929406768676, 17.957059422848342 59.389293475477785, 17.95720798925596 59.38928792269548, 17.957366024099457 59.38928004332057, 17.957531166578494 59.389265793307764, 17.9577255287187 59.38924946053726, 17.95786021206527 59.38923459804547, 17.957994772414914 59.38920882935592, 17.958116377289976 59.389180550838255, 17.958242794008164 59.38914321311079, 17.958361009531846 59.389102736550186, 17.958480244430717 59.389061428021236, 17.958652547278877 59.38897900901529, 17.958760315421575 59.38892398736426, 17.958832704901813 59.38887577097958, 17.9588803752021 59.388824682872574, 17.958924495831067 59.38876763678768, 17.959134184502528 59.38837021352813, 17.959216158128623 59.388132375096106, 17.95921995315443 59.38805227872405)",false
241,241,1854047,Örsvängen,"LINESTRING (17.972635370741465 59.37733498046417, 17.97257876438045 59.37734354084559)",false
242,242,1854046,Örsvängen,"LINESTRING (17.972804308820027 59.37731231157842, 17.972635370741465 59.37733498046417)",false
243,243,1854045,Örsvängen,"LINESTRING (17.974157876779216 59.377121635508956, 17.973441324339554 59.37722533894184, 17.97294919214782 59.37729286885069, 17.972804308820027 59.37731231157842)",false
244,244,1854044,Örsvängen,"LINESTRING (17.97417479149723 59.37711918733528, 17.974157876779216 59.377121635508956)",false
245,245,1854043,Örsvängen,"LINESTRING (17.974221000522242 59.37711249980338, 17.97417479149723 59.37711918733528)",false
246,246,1841069,,"LINESTRING (17.976969207463295 59.38008753617686, 17.976900402014518 59.38011447465345, 17.976839376013416 59.38012931109883, 17.976758185776898 59.38016323580731, 17.97667763110949 59.38019035257065, 17.97660559765567 59.38019936572425, 17.97653963434833 59.380193853738554, 17.976474797232154 59.380179896170695, 17.976252662116583 59.380123458662965, 17.976078178378717 59.380078800901835, 17.975996263245555 59.38006509816475, 17.97592012901462 59.38006791438471, 17.975859006261924 59.38008084755303, 17.975808050259666 59.38010287604498, 17.975773758991696 59.38012736369745, 17.975426423512904 59.38039574901609)",false
247,247,1851424,,"LINESTRING (17.976852980099483 59.3793475010194, 17.97676677554436 59.379297925957076, 17.976694629687845 59.37925141754594, 17.976628166263282 59.37921949834652, 17.97652998954519 59.37919244571007, 17.976405697045 59.379175047086726, 17.97621292173127 59.37916334531218, 17.976091766089425 59.37915380039071, 17.975999818186846 59.37913290432226, 17.975936833339052 59.37909686169724, 17.975900719049296 59.3790549488943, 17.975848229291334 59.37901547664662, 17.975752641616705 59.378978569656844, 17.975641942948734 59.37893863777678, 17.97555230962755 59.37892042928932, 17.97548466522585 59.37891358931355)",false
248,248,1851589,,"LINESTRING (17.976874659473424 59.3789069547932, 17.976783905504938 59.378888224590376, 17.976727586571972 59.37886514064072, 17.97665494247604 59.378819164781596, 17.9765679295245 59.37875573375387, 17.97647305283153 59.37870384045858, 17.976379217777403 59.37867808142721, 17.976276436082642 59.37867260120081, 17.975805503338346 59.37869326321084)",false
249,249,1841093,,"LINESTRING (17.976397371801106 59.38117994911861, 17.976384198370337 59.38092370096318, 17.976385477740806 59.38084691376054, 17.976390242693476 59.38078055155887)",false
250,250,1841094,,"LINESTRING (17.976390242693476 59.38078055155887, 17.97639100701376 59.38076978691178, 17.97641129348806 59.38068942967821, 17.976444103847747 59.38061351312566, 17.976493609030936 59.38054903193416, 17.97655473144218 59.380482470322725, 17.976622688642426 59.38042315705301, 17.976706076778118 59.38037231562409, 17.97679780874021 59.38032705260377, 17.97687099090501 59.38030141606151, 17.977138341475335 59.38022157241832)",false
251,251,1851406,,"LINESTRING (17.976969207463295 59.38008753617686, 17.976936239425644 59.380008835178614, 17.97694532482375 59.37995560160237, 17.976942730001486 59.37987642270841, 17.97691345995368 59.37978867826798, 17.976861044964053 59.37970591036256, 17.976829200990238 59.379646242885, 17.97682617766663 59.379586672140796, 17.976852980099483 59.3793475010194)",false
252,252,1851423,,"LINESTRING (17.976852980099483 59.3793475010194, 17.976874659473424 59.3789069547932)",false
253,253,1841061,,"LINESTRING (17.977138341475335 59.38022157241832, 17.976969207463295 59.38008753617686)",false
254,254,1851590,,"LINESTRING (17.976874659473424 59.3789069547932, 17.976883140242517 59.37886108552941, 17.976910327387213 59.378807025245344, 17.97695466070177 59.3787633296094, 17.97701770232796 59.378729136223484, 17.97711001801477 59.37869339367279, 17.97720899596633 59.378671166547136, 17.977323559044056 59.37865114441019, 17.977569087812956 59.37862045878505)",false
255,255,1851625,,"LINESTRING (17.97801524653221 59.37852114325932, 17.97801773142082 59.378473191329256, 17.978004125346196 59.3784064309319, 17.977968775137928 59.378323669015636, 17.977927860287927 59.37825516013266, 17.977867382204728 59.37819811489738, 17.977752631796772 59.37811741820203, 17.977685145544676 59.37808607106229, 17.977601718918148 59.37807376079696, 17.977519769243756 59.378077483639636, 17.977439751580008 59.37809560273986, 17.97732997632876 59.37813324495799)",false
256,256,1851591,,"LINESTRING (17.977569087812956 59.37862045878505, 17.977726583559843 59.37860077484212, 17.977884254708368 59.37857871620339, 17.9779603759944 59.37855792715964, 17.97801524653221 59.37852114325932)",false
257,257,1851624,,"LINESTRING (17.97801524653221 59.37852114325932, 17.978962874096087 59.37838823759565, 17.979896484234214 59.378271065258524, 17.980857988234064 59.37814773094803, 17.981199163278706 59.37810729235538)",false
258,258,1961930,,"LINESTRING (17.97792704198171 59.38105998401544, 17.97770775359226 59.38084277900581, 17.977707747847152 59.38084277374545)",false
259,259,1961931,,"LINESTRING (17.977707747847152 59.38084277374545, 17.977624024901708 59.3807598549278, 17.977496502107254 59.38061852214732)",false
260,260,1961932,,"LINESTRING (17.977496502107254 59.38061852214732, 17.977489149342837 59.38061037357073)",false
261,261,1961933,,"LINESTRING (17.977489149342837 59.38061037357073, 17.977138341475335 59.38022157241832)",false
262,262,785044,Bällstabro,"LINESTRING (17.960672249102203 59.36024293008199, 17.960974237507877 59.36031348725959, 17.96105500253933 59.360331178610544, 17.961374493753855 59.360406221045054, 17.961779008585967 59.360512039186226)",false
263,263,662515,Landsvägen,"LINESTRING (17.972287607452056 59.359864379202605, 17.972527298216654 59.35974792666737, 17.972641205374384 59.359737196169206)",false
264,264,662477,Landsvägen,"LINESTRING (17.972675582482996 59.35983134865942, 17.97264589226383 59.35982715551633, 17.972621765574804 59.359818153777866, 17.972607437192924 59.35980386045582, 17.972598842118867 59.35978810643427, 17.972599570853028 59.35977089068871, 17.972617530061076 59.35974964260228, 17.972641205374384 59.359737196169206)",false
265,265,662516,Landsvägen,"LINESTRING (17.972641205374384 59.359737196169206, 17.97268171976722 59.3597244914263, 17.972737071968602 59.3597244598729)",false
266,266,662476,Landsvägen,"LINESTRING (17.97277944365652 59.359824082142815, 17.97274734319352 59.359831365156545, 17.97271078519969 59.359834373680435, 17.972675582482996 59.35983134865942)",false
267,267,662475,Landsvägen,"LINESTRING (17.972737071968602 59.3597244598729, 17.97278912156616 59.35973415455267, 17.97281925104488 59.359757244099036, 17.972827837662756 59.3597781292828, 17.9728141844703 59.35980413159049, 17.97277944365652 59.359824082142815)",false
268,268,662517,Landsvägen,"LINESTRING (17.972737071968602 59.3597244598729, 17.97285111196732 59.35965632385362)",false
269,269,662518,Landsvägen,"LINESTRING (17.97285111196732 59.35965632385362, 17.97295438071677 59.35959463376166, 17.97305643533463 59.359544253153096)",false
270,270,662519,Landsvägen,"LINESTRING (17.97305643533463 59.359544253153096, 17.973430806284973 59.35935943876194, 17.97376540837081 59.359166867363015)",false
271,271,662520,Landsvägen,"LINESTRING (17.97376540837081 59.359166867363015, 17.9737770741284 59.35916015283227)",false
272,272,662521,Landsvägen,"LINESTRING (17.9737770741284 59.35916015283227, 17.974168153999408 59.358935072497495, 17.974450836244856 59.3587529630423, 17.974622108721018 59.35858978642011, 17.974724352573862 59.35842260498659)",false
273,273,1873354,Gjuteribacken,"LINESTRING (17.9719298278963 59.359224408772896, 17.97267896250564 59.35886275596387, 17.97320608274972 59.35862068117515, 17.97354800423349 59.35846162801607, 17.97390645656593 59.35831049969647, 17.97398580919369 59.35826237513128, 17.974022839742876 59.35822035635009, 17.974079746800953 59.35814423149606)",false
274,274,1873359,Humblegatan,"LINESTRING (17.974079746800953 59.35814423149606, 17.974534761484087 59.35823506425969)",false
275,275,1873401,Humblegatan,"LINESTRING (17.974079746800953 59.35814423149606, 17.97355485420439 59.358037019748785, 17.97331546308344 59.35800691553256, 17.973158838806132 59.357995437529745, 17.972967787898238 59.357988572758785, 17.972818670703898 59.35798625051318, 17.972443344436307 59.357978143122395, 17.971916615412173 59.35798383039354, 17.970688394555644 59.357992452079024)",false
276,277,1876253,Sturegatan,"LINESTRING (17.97447180935685 59.36114155587716, 17.973923545400954 59.36132623019926)",false
277,278,1877474,Järnvägsgatan,"LINESTRING (17.97187330951899 59.36099088959934, 17.97272039724072 59.36074987742951, 17.973678551834595 59.36047223255972)",false
278,279,1877553,Högklintavägen,"LINESTRING (17.970534326600934 59.358870818351534, 17.970413907854656 59.358893404156824, 17.970337499756383 59.358910664481385, 17.970280705190174 59.358934441830705, 17.970234424598512 59.358964332584634, 17.970193285105882 59.35900913963889, 17.970153187962175 59.359062648278034, 17.970096502767174 59.35912431679371, 17.970033204398632 59.35918282018393, 17.969820824402706 59.35936549215471, 17.969535480043074 59.35959701156753, 17.969166832551128 59.359873704567114, 17.96904320540988 59.35998085696352)",false
279,280,1877580,Gjuteribacken,"LINESTRING (17.97107501471762 59.3596503975408, 17.9719298278963 59.359224408772896)",false
280,281,1877581,Albygatan,"LINESTRING (17.97107501471762 59.3596503975408, 17.9709823196202 59.3595637655402, 17.97089360182419 59.359463438078926, 17.970733351064958 59.359201457519525, 17.97063493132865 59.35903666120727, 17.970601087425187 59.35897912284664, 17.97056622955464 59.358922667933804, 17.970534326600934 59.358870818351534)",false
281,282,1877748,Landsvägen,"LINESTRING (17.972675582482996 59.35983134865942, 17.972513272649323 59.35988693584807, 17.972017954657193 59.360101692735725, 17.971641091371396 59.36026922124947, 17.97115382227361 59.36049744080439, 17.970782744679124 59.36066239061582)",false
282,283,1877749,Landsvägen,"LINESTRING (17.97071623682998 59.36059425659091, 17.971325857185022 59.360304876453284, 17.97196977827106 59.36001375856379, 17.972287607452056 59.359864379202605)",false
283,284,1874298,Hamngatan,"LINESTRING (17.96946392114253 59.356292072291254, 17.96956634196428 59.35627688125166, 17.97003155095904 59.35624298756675, 17.97022023003908 59.35623733920658, 17.97037414999603 59.3562393301864, 17.97056674789529 59.35624589376604, 17.970809882272704 59.356256588694976)",false
284,285,1874297,Hamngatan,"LINESTRING (17.969136980307862 59.356340562627224, 17.96946392114253 59.356292072291254)",false
285,286,1873653,Tritonvägen,"LINESTRING (17.971045178666074 59.356398818568, 17.971112837117527 59.35626990903926)",false
286,287,1873712,,"LINESTRING (17.970830090911242 59.35638371505493, 17.97074184167647 59.356377518248685, 17.970348238371766 59.356350978210855, 17.970121531751197 59.35633776034268, 17.969905279385067 59.35632716135482, 17.96971958701233 59.35631846251096, 17.969562375304914 59.35631686925998, 17.969378375409196 59.35632753202656, 17.969136980307862 59.356340562627224)",false
287,288,1873721,Hamngatan,"LINESTRING (17.968497825074337 59.35642727496114, 17.969136980307862 59.356340562627224)",false
288,289,1873720,Hamngatan,"LINESTRING (17.968480833872782 59.356429580517144, 17.968497825074337 59.35642727496114)",false
289,290,1873710,,"LINESTRING (17.971045178666074 59.356398818568, 17.970847508437615 59.35638493813922)",false
290,291,1873711,,"LINESTRING (17.970847508437615 59.35638493813922, 17.970830090911242 59.35638371505493)",false
291,292,1877746,,"LINESTRING (17.962101673741234 59.360506574818416, 17.962035771753545 59.36057920519287)",false
292,293,1877747,Landsvägen,"LINESTRING (17.962035771753545 59.36057920519287, 17.96212174684928 59.360608791652446)",false
293,294,1877745,Landsvägen,"LINESTRING (17.96212174684928 59.360608791652446, 17.962494664598744 59.3607229997787, 17.96266178906822 59.36076758978718, 17.9627936416764 59.36081219070653, 17.963098050765378 59.36090794299007, 17.963344933046212 59.36101572286309)",false
294,295,1877341,Landsvägen,"LINESTRING (17.96342405721467 59.361073482373165, 17.963344933046212 59.36101572286309)",false
295,296,1877436,Esplanaden,"LINESTRING (17.96342405721467 59.361073482373165, 17.963616068658677 59.36120093058811)",false
296,297,1877340,Landsvägen,"LINESTRING (17.96454488153735 59.361133298247786, 17.964435004186043 59.3611069671911, 17.964072138942196 59.36103466184139, 17.96382264606123 59.36100632431798)",false
297,298,1877491,Franstorpsvägen,"LINESTRING (17.96588511117999 59.36075641128909, 17.964555314257396 59.36033985173543, 17.96450580911492 59.36031552972187, 17.96446145617768 59.36028812513708, 17.96444638639082 59.360258643645096, 17.964448342604815 59.36022862209976, 17.964469487771417 59.360198038256236, 17.96450657294777 59.360165564205545, 17.96486927982797 59.35986934996937, 17.965366081852597 59.359474554009005, 17.965796301115823 59.35912766563711)",false
298,299,1877339,Landsvägen,"LINESTRING (17.96456079886045 59.36113711192759, 17.96454488153735 59.361133298247786)",false
299,300,1877338,Landsvägen,"LINESTRING (17.965331462364592 59.36132178835371, 17.96456079886045 59.36113711192759)",false
300,301,1873719,Hamngatan,"LINESTRING (17.965251085826658 59.35789850176191, 17.96525157490383 59.357898277666756, 17.965411639337795 59.357800211244644, 17.96585752679953 59.357573359281865, 17.966222905457194 59.35727936222621, 17.966580096713955 59.35703920545805, 17.96695345321443 59.356857043253775, 17.967268213473936 59.356734676711575, 17.967589662867685 59.35662544725041, 17.967990401797486 59.35651488734784, 17.968377967997625 59.35644353537484, 17.968480833872782 59.356429580517144)",false
301,302,1877342,Landsvägen,"LINESTRING (17.967488064794175 59.361440099387096, 17.967531238191054 59.36143642952924, 17.967966432416567 59.36140005572072, 17.96859414625028 59.36134526822986, 17.96883881036311 59.36131928784839, 17.96907458975805 59.361273021466765, 17.969180498656687 59.36124401917979, 17.96934082861143 59.36119222857794, 17.969763496161523 59.36104806912218)",false
302,303,1877552,Högklintavägen,"LINESTRING (17.96760226124346 59.36066710506547, 17.967573183628076 59.36068376485716, 17.967552317404227 59.36071952777361, 17.967561063273294 59.36074992573906, 17.967594875445215 59.36077994162504, 17.96764506025547 59.360797705266606, 17.96770696331058 59.360805748837095, 17.967767608742896 59.360801815804756, 17.967836071794988 59.360794487748485, 17.968394895732086 59.36067217696269, 17.96850704326595 59.360645090883466, 17.968599240864 59.36061449634284, 17.96869186365994 59.36057326167961, 17.968755977064 59.36053792418661, 17.96881391239875 59.36049694943903, 17.969052141243754 59.36029069539143, 17.969096951202793 59.360244753770374, 17.96912425551311 59.36020071161795, 17.969125553594164 59.360150522505585, 17.969107322403957 59.36009518907225, 17.96904320540988 59.35998085696352)",false
303,304,1877551,Högklintavägen,"LINESTRING (17.967675632183184 59.36064737706185, 17.967619145988085 59.36065743181572, 17.96760226124346 59.36066710506547)",false
304,305,1877550,Högklintavägen,"LINESTRING (17.96904320540988 59.35998085696352, 17.96887217039791 59.36013726288487, 17.968585955686642 59.3603990465122, 17.96850429094939 59.36047201246596, 17.968438183165357 59.360510109014726, 17.968358379930798 59.36054214643817, 17.96826798506993 59.36056698469069, 17.968149961340153 59.360593898876225, 17.967696307296357 59.360643696475165, 17.967675632183184 59.36064737706185)",false
305,306,1228744,Rissneleden,"LINESTRING (17.92871118851569 59.37741521610995, 17.928675955192645 59.37735015092082, 17.928613415371697 59.37720820587752, 17.928595093928386 59.37706748697013, 17.9286048062233 59.3768745060739, 17.928664538952752 59.376685721050684, 17.92879065170681 59.37648094167789, 17.928945753275674 59.37632071827376, 17.929393277695127 59.375978351008364)",false
306,307,1230521,Rissneleden,"LINESTRING (17.928521498537894 59.375634310540015, 17.92936359262721 59.37591003427397)",false
307,308,1228763,Ryttmästarvägen,"LINESTRING (17.928878388168652 59.37741107347898, 17.928832273798292 59.37740971028769, 17.92871118851569 59.37741521610995)",false
308,309,1228743,Rissneleden,"LINESTRING (17.92961987007105 59.37827904522461, 17.929542192542687 59.378231170410416, 17.92937950896491 59.37812301602631, 17.92920407906712 59.37798754355798, 17.928977641081378 59.377762963802084, 17.928760575821613 59.37750635452179, 17.92871118851569 59.37741521610995)",false
309,310,1228762,Ryttmästarvägen,"LINESTRING (17.930769005868566 59.37630901768441, 17.930356823133515 59.37667677096285, 17.929772913396572 59.377197465141194, 17.929696186411665 59.37726906279168, 17.929666288952678 59.37732766593899, 17.92966615712501 59.37739061423929, 17.929649091980963 59.377421001226196, 17.929580977962686 59.37743182316707, 17.928878388168652 59.37741107347898)",false
310,311,1228753,Rissneleden,"LINESTRING (17.929393277695127 59.375978351008364, 17.929367640999104 59.37596613134304, 17.92935425922872 59.3759520637884, 17.92934982213809 59.37593268233645, 17.92936359262721 59.37591003427397)",false
311,312,1228751,Rissneleden,"LINESTRING (17.92936359262721 59.37591003427397, 17.929394641785702 59.37589845480466, 17.929430020856852 59.37589134280238, 17.929466784938803 59.37589089406833, 17.929500756220715 59.37589828077701, 17.929533581609725 59.37591503843215)",false
312,313,1228752,Rissneleden,"LINESTRING (17.929536636376618 59.37595880238949, 17.92951132887217 59.375973047443175, 17.929472165633594 59.37598222137234, 17.92942770574413 59.37598409206241, 17.929393277695127 59.375978351008364)",false
313,314,1228742,Rissneleden,"LINESTRING (17.93238597124503 59.37897551681522, 17.932029758425664 59.37896162112331, 17.931637651396166 59.37893707474472, 17.931367744847954 59.37890783867825, 17.931112993205886 59.37886198809397, 17.93084312956653 59.378803663035114, 17.930582649784494 59.378726328252284, 17.93035355894378 59.378647838149476, 17.930080353240307 59.37852893270499, 17.929808316822076 59.37839519188416, 17.92961987007105 59.37827904522461)",false
314,315,1228750,Rissneleden,"LINESTRING (17.929533581609725 59.37591503843215, 17.929544451702498 59.37592632290728, 17.929547665588238 59.375944383976076, 17.929536636376618 59.37595880238949)",false
315,316,1228749,Idrottsgränd,"LINESTRING (17.929650831720107 59.37599125370952, 17.929536636376618 59.37595880238949)",false
316,317,1228748,Idrottsgränd,"LINESTRING (17.92967382789653 59.37599778895438, 17.929650831720107 59.37599125370952)",false
317,318,1228747,Idrottsgränd,"LINESTRING (17.930769005868566 59.37630901768441, 17.92967382789653 59.37599778895438)",false
318,319,1228746,Rissneleden,"LINESTRING (17.93066764356038 59.37509392112779, 17.93057851748172 59.37519886581999, 17.930210687613215 59.37550932589354, 17.929823393627913 59.37576633456925, 17.929761866806242 59.37580284271595)",false
319,320,1228745,Rissneleden,"LINESTRING (17.934145402098988 59.37351527028406, 17.933871530125234 59.37354766394977, 17.933258268240515 59.37361064398954, 17.932847673118452 59.37366957378353, 17.932518059345867 59.37372854958952, 17.932199552023242 59.37381032326528, 17.931908912806787 59.37392487850708, 17.931653182075777 59.37404017560008, 17.93144765777096 59.37417900913545, 17.931251856274926 59.37434563237708, 17.931033488282996 59.37461556001497, 17.93075208433469 59.374994473166666, 17.93066764356038 59.37509392112779)",false
320,321,4171859,Rissneleden,"LINESTRING (17.929761866806242 59.37580284271595, 17.929620673081963 59.37588664514146, 17.92957497110353 59.3759015453129)",false
321,322,4171860,Rissneleden,"LINESTRING (17.92957497110353 59.3759015453129, 17.92956494312738 59.37590481414543)",false
322,323,4171861,Rissneleden,"LINESTRING (17.92956494312738 59.37590481414543, 17.929533581609725 59.37591503843215)",false
323,324,3464127,Rissneleden,"LINESTRING (17.934134803263788 59.37349959500556, 17.934129938633284 59.3734824248185, 17.93413240192638 59.37346549405283, 17.93413796127901 59.37345564000175)",false
324,325,3464128,Rissneleden,"LINESTRING (17.93413796127901 59.37345564000175, 17.934141609060507 59.37344917528651, 17.934143614097348 59.373447173050366)",false
325,326,3464129,Rissneleden,"LINESTRING (17.934143614097348 59.373447173050366, 17.934154592614416 59.37343621307697, 17.934175076717292 59.3734228394222, 17.934200525019993 59.37341189700525, 17.934229815648926 59.37340385137952, 17.934257050083584 59.373399518234706, 17.934290113710823 59.37339764178041, 17.934323234383367 59.373399277479365, 17.934350583914313 59.373403406342774, 17.934376080435666 59.37340993119052, 17.934402436716873 59.37342029158593, 17.93442807964534 59.373436454886345)",false
326,327,1279697,Mjölnerbacken,"LINESTRING (17.934948448138314 59.378212658999274, 17.935081877563153 59.378905056584195)",false
327,328,1279698,Mjölnerbacken,"LINESTRING (17.936520821031845 59.37891948726277, 17.936492127985225 59.378886652469575, 17.93644476904005 59.378830219062024, 17.93636626782158 59.37870062381354, 17.936340228860786 59.378565533740264, 17.936324498484574 59.37836618767601, 17.936299458952856 59.37808955775965)",false
328,329,1302425,Kasernvägen,"LINESTRING (17.937070358204263 59.37715615299792, 17.93730093439522 59.37717237123688, 17.937540328833304 59.377160049146696, 17.93783708892095 59.37714500513679)",false
329,330,1279699,Mjölnerbacken,"LINESTRING (17.937694703295552 59.37865529469461, 17.93773290085553 59.378101645343776)",false
330,331,3465203,Ridvägen,"LINESTRING (17.939007222214787 59.375381844323165, 17.93887821791521 59.375374293173785, 17.93873439391515 59.3753688551674, 17.938618769709898 59.37537144364673, 17.93850695870599 59.37538431569294, 17.93841419365889 59.375403416823865, 17.93831722380703 59.37543293735571, 17.937729468228053 59.37560824283612, 17.937674123111528 59.375637948075386, 17.93764251962579 59.375672186283566, 17.937532145217656 59.3758054977852)",false
331,332,3464191,Kavallerivägen,"LINESTRING (17.93871509538905 59.373637276102805, 17.938274262088946 59.37328846289466, 17.93813017733178 59.373171058053615, 17.93805448793705 59.37309238594305, 17.937966645063405 59.3729837504603, 17.937893481019554 59.37287137848028, 17.93785204883609 59.372787728831, 17.937810686867003 59.37266663372217, 17.937798060412074 59.37261207789088)",false
332,333,3464190,Kavallerivägen,"LINESTRING (17.938724629856818 59.373644820410675, 17.93871509538905 59.373637276102805)",false
333,334,3464189,Kavallerivägen,"LINESTRING (17.938958133556508 59.37383424640392, 17.938899510514013 59.373786784088814, 17.938738315309628 59.37365564890619, 17.938724629856818 59.373644820410675)",false
334,335,1095070,Ekovägen,"LINESTRING (17.944871611314916 59.3732745837856, 17.944886968879672 59.3733732787252, 17.944935062507774 59.373442371610544, 17.945592040938728 59.37390724586938, 17.945809836896018 59.37407244422233)",false
335,336,3465204,Ridvägen,"LINESTRING (17.937532145217656 59.3758054977852, 17.937525297721706 59.375813767162946)",false
336,337,3465205,Ridvägen,"LINESTRING (17.937525297721706 59.375813767162946, 17.937477065949285 59.37587202076916, 17.937449112793097 59.37592443582489, 17.937452736513933 59.37597811623947, 17.93747497937512 59.37602942719215, 17.937670968974782 59.37631511753916)",false
337,338,3699090,Enköpingsvägen,"LINESTRING (17.94582662105723 59.38121778967458, 17.94555095695793 59.381261183360664, 17.945259126048647 59.38130581329476)",false
338,339,3699091,Enköpingsvägen,"LINESTRING (17.945259126048647 59.38130581329476, 17.94512367404199 59.38132653029696, 17.945066046123625 59.38133584742225)",false
339,340,3699092,Enköpingsvägen,"LINESTRING (17.945066046123625 59.38133584742225, 17.94470450594414 59.38138494416946, 17.944289220872207 59.3814272292841, 17.943887215913623 59.381459787069005, 17.94344479425805 59.381485887698666, 17.942808384416697 59.381524479762554, 17.942171368433222 59.38156198610593, 17.941547250526877 59.381601202148104, 17.941143606674252 59.38162424544293, 17.940767977328687 59.381651489959864, 17.9404646127966 59.38167409333914, 17.940131999341194 59.381704481344535)",false
340,341,3699093,Enköpingsvägen,"LINESTRING (17.939937003211515 59.38160938766295, 17.940088379042336 59.38159109364001, 17.94047414753407 59.38155443890852, 17.94088372680623 59.38152367977298, 17.94135435784227 59.381496888563454, 17.941742456192507 59.381472712691064, 17.942386940430698 59.38143482422105, 17.94299772838355 59.38139608471183, 17.943610399267037 59.381362215051816, 17.943990207704378 59.38133325943107, 17.94425994271186 59.381310616463324, 17.94448708450897 59.38128971665253, 17.944727257250793 59.38126372368902, 17.94498306779279 59.38123122175404, 17.945025394141467 59.38122478430971)",false
341,342,3699094,Enköpingsvägen,"LINESTRING (17.945025394141467 59.38122478430971, 17.94520278025809 59.381197782535224)",false
342,343,3948604,Enköpingsvägen,"LINESTRING (17.936329761004142 59.382062985390185, 17.936333597723852 59.38206311643766, 17.936439248349036 59.38206305531633, 17.93651708531547 59.382061931228236, 17.93660680047708 59.38205824817639, 17.936698617811146 59.38205138167001, 17.93678316635675 59.38204477767171, 17.93686914780092 59.38203519400008, 17.93695349599561 59.38202566503368, 17.93704153131861 59.38201519031568, 17.93712765333144 59.38200336584131, 17.937212482732825 59.381990851565696, 17.937294248349062 59.38197855003055, 17.93737922861308 59.38196635573452, 17.937463508702475 59.38195299103189, 17.93754489545635 59.38194099440399, 17.937634389344304 59.38192763791848, 17.937719533487094 59.381915304917335, 17.93780294944241 59.381902336865735, 17.937886946064175 59.38188814259235, 17.937973930777726 59.38187042139641, 17.938052161416937 59.38184821581073, 17.93812845376293 59.381823762477595, 17.938202927356873 59.38178827059265, 17.93826360821463 59.38174624232255)",false
343,344,3948605,Enköpingsvägen,"LINESTRING (17.93826360821463 59.38174624232255, 17.938313745162244 59.38170265448889, 17.938385934311697 59.38166804067021, 17.938474307564768 59.38164521085519, 17.938569445069763 59.38163622840063, 17.93868861993683 59.38164307621403)",false
344,345,3948606,Enköpingsvägen,"LINESTRING (17.93868861993683 59.38164307621403, 17.938832748951455 59.3816464410462, 17.93895427137738 59.38164968630915, 17.939028153285236 59.38165049195019, 17.93911224463224 59.381652046850554, 17.939211541472528 59.381651030428145, 17.93926963346068 59.381650709238635, 17.939369424172487 59.38164705770653, 17.939447102472634 59.381643095915216, 17.939584300154767 59.38163536595831, 17.93967056063263 59.38162882030841, 17.93975826002707 59.381621604163826, 17.939937003211515 59.38160938766295)",false
345,346,3948607,Enköpingsvägen,"LINESTRING (17.93997595629337 59.38171891791369, 17.939621609321065 59.38174626326257, 17.939280525104465 59.38177423417864, 17.93921178054316 59.3817829276731, 17.939127134082877 59.38180079468447, 17.93905522486355 59.38182134881162, 17.9389945162151 59.38184535256557, 17.938914157198873 59.38188609050137)",false
346,347,3948608,Enköpingsvägen,"LINESTRING (17.938914157198873 59.38188609050137, 17.938863017481115 59.381929278843124, 17.93879033708336 59.381963508621666, 17.938716947443456 59.38198222687601)",false
347,348,3948609,Enköpingsvägen,"LINESTRING (17.93849179842124 59.38198880214035, 17.938223927695596 59.38199157732652, 17.93795268478721 59.38199710571864, 17.937772812670914 59.382008518201104, 17.9376004538447 59.38202432593536, 17.93743067177057 59.38204569150895, 17.93725794733323 59.38206847101512, 17.93708700848539 59.38209275562142, 17.936916743640552 59.38211831877188, 17.936752754705747 59.382144360353, 17.936584959208794 59.382172617094156, 17.93643368525971 59.38221045777359, 17.936421561758895 59.38221468097628)",false
348,349,3948610,Enköpingsvägen,"LINESTRING (17.936421561758895 59.38221468097628, 17.93639452949472 59.38222409587569)",false
349,350,3948611,Kvarnvägen,"LINESTRING (17.93868861993683 59.38164307621403, 17.938778743266532 59.38166385079022, 17.93885399888879 59.38169658807049, 17.938908475455843 59.38173871660445, 17.938937483292392 59.381786316490455, 17.93893934759869 59.38183814951263, 17.938914157198873 59.38188609050137)",false
350,351,3948612,Kvarnvägen,"LINESTRING (17.93849179842124 59.38198880214035, 17.93840119413888 59.38196837965633, 17.93832554336058 59.381935758848364, 17.93827097463791 59.38189357823969, 17.938242253259524 59.38184581900393, 17.93824000541728 59.38179442594935, 17.93826360821463 59.38174624232255)",false
351,352,4171550,Enköpingsvägen,"LINESTRING (17.94520278025809 59.381197782535224, 17.945231617432754 59.381193392993936, 17.94564393603045 59.38112772780614, 17.946328032249426 59.381018250225)",false
352,353,4171551,Enköpingsvägen,"LINESTRING (17.946328032249426 59.381018250225, 17.94634481902492 59.381015563301325)",false
353,354,4191252,Kvarnvägen,"LINESTRING (17.938716947443456 59.38198222687601, 17.93870186961869 59.381986071190546, 17.938606937449936 59.38199499518469, 17.93849179842124 59.38198880214035)",false
354,355,3465209,Ekbacksgränd,"LINESTRING (17.947229166451766 59.36783311009369, 17.94703508682313 59.36790286143893, 17.947015377809944 59.36791269726941, 17.946994503795455 59.36793020639489, 17.94698351233408 59.36795245226638, 17.946979815129467 59.36797131628361, 17.9469841121931 59.36798979288005, 17.94708675573326 59.36809149231911, 17.9471045470353 59.36810580887445, 17.947136628195185 59.36811620798614, 17.94718079831921 59.36812370089387, 17.947228790461157 59.36812350533685, 17.947279699130025 59.368118373483625, 17.947326992491725 59.36810647614168, 17.947385581179773 59.368086586549104, 17.947407321276604 59.368065670109445, 17.94740549420259 59.368043606231055, 17.947383278188514 59.36801096877488, 17.947290985152687 59.367904455427)",false
355,356,3465210,Ekbacksgränd,"LINESTRING (17.947290985152687 59.367904455427, 17.94728387909859 59.36789625297681)",false
356,357,3465211,Ekbacksgränd,"LINESTRING (17.94728387909859 59.36789625297681, 17.947229166451766 59.36783311009369)",false
357,358,3640285,Ekbacksgränd,"LINESTRING (17.947037999843477 59.367459942337796, 17.946988017446525 59.36745482187937, 17.946744138460602 59.367431284442645, 17.946571555397128 59.36742109625539, 17.946453547738084 59.36742207460971, 17.946332192060602 59.36742910412667, 17.94621810853011 59.36744203459836, 17.94610857453634 59.36745951680434, 17.94544791492865 59.36762526640888, 17.945384628948762 59.367648037898164, 17.945319654618988 59.36767874606304, 17.945267402443005 59.36771689454429, 17.945005066716096 59.36795291359258, 17.944955735166005 59.36801337967808, 17.94493515380328 59.36807284572414, 17.94493618721888 59.36812678235287, 17.944937247972653 59.36821087484695, 17.94495274668015 59.36827489025469, 17.944978611545647 59.36832486021114, 17.9450072990564 59.36835926581181)",false
358,359,4059147,Sundbybergskopplet,"LINESTRING (17.943065353265023 59.369706447492064, 17.943166578550418 59.36975479170186, 17.943227146196712 59.36978732765599, 17.943228136368166 59.36978790465315)",false
359,360,3934867,Sundbybergskopplet,"LINESTRING (17.943228136368166 59.36978790465315, 17.943285073856888 59.36982109135349, 17.94334074546323 59.36985584049667, 17.943393676783426 59.36989167588124, 17.94344403264608 59.36992846798672, 17.943492459000623 59.36996595062595, 17.943537885838037 59.37000437261002, 17.943580584191622 59.3700436110055, 17.943620771602284 59.37008353510056, 17.943658667943502 59.37012404108792, 17.943724597707217 59.370207243670066, 17.943783950042 59.370291744953704, 17.943835563609635 59.37037755320349, 17.943907265201904 59.37050741459452)",false
360,361,1228755,Forskningsringen,"LINESTRING (17.948769075438168 59.38218732175895, 17.948989772733484 59.38207052820077)",false
361,362,1279700,Forskningsringen,"LINESTRING (17.948989772733484 59.38207052820077, 17.949071749523167 59.38202989106196, 17.949504617340597 59.38184781351923, 17.94986942771965 59.381714980191454, 17.950045751152672 59.38166441698758, 17.950421273837442 59.381582325369784, 17.950769387665492 59.381527954305916, 17.951122865704175 59.38148647238768, 17.95146361979075 59.381470222271936, 17.95153664224571 59.38146964746887)",false
362,363,1228758,Forskargränd,"LINESTRING (17.950094713909756 59.38354446912091, 17.94991025330601 59.38351693166213, 17.949744588644517 59.38346936159712, 17.94961993257483 59.38339996252346, 17.94952692862636 59.38333057514949, 17.949478646196944 59.38323081029486, 17.94946396248117 59.383095905523724, 17.949492038699375 59.38299236449843, 17.949564839985115 59.382887883550254, 17.949680425716625 59.38278628055706, 17.949863072416356 59.382677094753085, 17.950068034115816 59.38259547554306, 17.95031206398841 59.38252241606376, 17.952053607759787 59.38215826466448, 17.952346057295742 59.38208046565014, 17.952577078556324 59.38199219576923, 17.952800686381188 59.38188492652601, 17.95312582134835 59.38167800445877)",false
363,364,1206730,Kronogårdsvägen,"LINESTRING (17.951059270937577 59.385969199788654, 17.95100925764013 59.3859322676816)",false
364,365,1206729,Kronogårdsvägen,"LINESTRING (17.95119149285623 59.386067926939305, 17.951059270937577 59.385969199788654)",false
365,366,1228756,Forskningsringen,"LINESTRING (17.95153664224571 59.38146964746887, 17.951634649752982 59.381467985802374, 17.951972595246648 59.381475942926606, 17.952309112953053 59.3814988660016, 17.952568834225232 59.38152817309592, 17.95278801951842 59.38157314354456, 17.953018353582806 59.381635922691096, 17.95312582134835 59.38167800445877)",false
366,367,1228757,Forskningsringen,"LINESTRING (17.95312582134835 59.38167800445877, 17.953396608293275 59.38178283704764, 17.953605924248333 59.381895495571314, 17.953781718060124 59.38203093759347, 17.95387233706555 59.38213356982413, 17.95397558080664 59.38221126774085, 17.95409281468793 59.38226474620164, 17.9542394367884 59.38228617103826, 17.95452262488136 59.382282287982086)",false
367,368,1225946,Ursviksvägen,"LINESTRING (17.96952653844764 59.380900036820584, 17.969689507814206 59.380613690452456)",false
368,369,1226017,Ursviksvägen,"LINESTRING (17.96993254364312 59.38067339206765, 17.969708444882066 59.38082568636416, 17.96952653844764 59.380900036820584)",false
369,370,1225947,Ursviksvägen,"LINESTRING (17.969689507814206 59.380613690452456, 17.969821594494668 59.38050559125306)",false
370,371,1226016,Ursviksvägen,"LINESTRING (17.97002699525279 59.380554243634585, 17.96993254364312 59.38067339206765)",false
371,372,1161612,Boplatsvägen,"LINESTRING (17.97398278762149 59.38295161728953, 17.97389870140212 59.38289994316209, 17.9736954524599 59.38278321498308, 17.97349667546481 59.38268253224611, 17.973243776839738 59.38257141073973, 17.973000872911005 59.38248790827259, 17.97277000008875 59.38241667541065, 17.972286581015304 59.382301211111084, 17.972213397296393 59.38227241719477, 17.97220037261004 59.382233903873335, 17.972399508416053 59.38199770662857)",false
372,373,1160904,Fornbyvägen,"LINESTRING (17.97398278762149 59.38295161728953, 17.973882955517965 59.38299782672017, 17.973829247207277 59.38302629714283, 17.973770478521146 59.38305832457733, 17.973698213745966 59.38310437234731, 17.973648346973828 59.383142918167835, 17.973539282291817 59.383224077527935, 17.973447795060725 59.38331086547925, 17.973353749354057 59.383426152195284, 17.97323705510305 59.3835706204577, 17.973169365139047 59.3836544303122, 17.973119582608724 59.38371606784025, 17.97306387275116 59.38377518965625, 17.97296255644334 59.38388270725606, 17.97272784965921 59.384015731014266, 17.972568738244014 59.384105920198444, 17.972389258409393 59.38422398960701)",false
373,374,1161613,Boplatsvägen,"LINESTRING (17.972399508416053 59.38199770662857, 17.97241256356916 59.38197885303313)",false
374,375,1161614,Boplatsvägen,"LINESTRING (17.97241256356916 59.38197885303313, 17.972585156817633 59.38179093996481, 17.972641049754838 59.381760074897414, 17.972720197288808 59.38175059627016, 17.972820741476838 59.381755366644526, 17.97360276203338 59.38179210425649, 17.973930468867056 59.38180689666386, 17.974258177099042 59.38182310799826, 17.974521635128436 59.38183408987297, 17.974734827203854 59.38185169955533, 17.974840924019453 59.38189589781284, 17.97490696929435 59.38199091782301, 17.974970190001503 59.38211157625404, 17.9749961904597 59.382207060680955)",false
375,376,1160903,Fornbyvägen,"LINESTRING (17.975176161329557 59.38270355188538, 17.974892629048586 59.382747753673605, 17.974609973527834 59.38279955490922, 17.97439181788734 59.38284615489408, 17.97398278762149 59.38295161728953)",false
376,377,1279702,,"LINESTRING (17.978074795172937 59.381445413424636, 17.97814372351205 59.38145277095087, 17.97825738249494 59.38146489358237, 17.978413484839756 59.38147879620277, 17.978559646254457 59.381478161820375, 17.978766141126634 59.381469229610616, 17.978928414213186 59.38146153215556, 17.979071018816747 59.38145468829532, 17.979176184431562 59.381452914217355)",false
377,378,3444368,,"LINESTRING (17.97657918423807 59.381651083199785, 17.976658258583956 59.381694800663986, 17.9767053122738 59.381711994787324, 17.976756571583792 59.381725732124615)",false
378,379,3697410,Enköpingsvägen,"LINESTRING (17.970071858064696 59.38070504782044, 17.96993254364312 59.38067339206765)",false
379,380,3697411,Enköpingsvägen,"LINESTRING (17.96993254364312 59.38067339206765, 17.969779395595516 59.38063258012292)",false
380,381,3699069,Enköpingsvägen,"LINESTRING (17.978698664980513 59.38075565060535, 17.97868437818524 59.38076088785116)",false
381,382,3699070,Enköpingsvägen,"LINESTRING (17.97868437818524 59.38076088785116, 17.978616425104505 59.38078579939523, 17.978428689408027 59.38084970130646, 17.978198254575194 59.38092215351261, 17.977992055236783 59.3809795582584)",false
382,383,3699071,Enköpingsvägen,"LINESTRING (17.977992055236783 59.3809795582584, 17.977922717970532 59.38099886145705, 17.977877066403547 59.381010489658905, 17.97769888424334 59.381055881349965)",false
383,384,3699072,Enköpingsvägen,"LINESTRING (17.97769888424334 59.381055881349965, 17.977531165349205 59.381098607617226, 17.977148101271766 59.38117970157637, 17.97674685889231 59.38125154953843, 17.97641786482574 59.381299955910535)",false
384,385,3699073,Enköpingsvägen,"LINESTRING (17.969887985774935 59.38052063095049, 17.97002699525279 59.380554243634585)",false
385,386,3699074,Enköpingsvägen,"LINESTRING (17.97002699525279 59.380554243634585, 17.97006800481849 59.38056602447238)",false
386,387,3699075,Enköpingsvägen,"LINESTRING (17.97006800481849 59.38056602447238, 17.970724912985702 59.38073171065452, 17.971041724156837 59.38080976058467)",false
387,388,3699076,Enköpingsvägen,"LINESTRING (17.971041724156837 59.38080976058467, 17.971057557069525 59.380813661797994)",false
388,389,3699077,Enköpingsvägen,"LINESTRING (17.971057557069525 59.380813661797994, 17.971194894080515 59.3808474955952)",false
389,390,3699078,Enköpingsvägen,"LINESTRING (17.971194894080515 59.3808474955952, 17.971315080906756 59.380877104945384)",false
390,391,3699079,Enköpingsvägen,"LINESTRING (17.971315080906756 59.380877104945384, 17.971476542288197 59.3809168818711, 17.971822150937776 59.38100408443919, 17.972111478098977 59.38106901703583, 17.972407855694303 59.3811267612611, 17.972621052223943 59.38115856301255, 17.97286378041568 59.38119373469751, 17.973196312122052 59.38123130602695, 17.973524169520562 59.38126215381448, 17.973836494729504 59.381283165019596, 17.974154221859546 59.381296477101706, 17.974488738175374 59.381304615860344, 17.974827943270032 59.38130234888335, 17.975109274415754 59.38129525532063, 17.975506558101152 59.381273833100416, 17.97581829198122 59.38124911459299, 17.976090255992066 59.381219561158844, 17.976379416740457 59.381182264048505)",false
391,392,3699080,Enköpingsvägen,"LINESTRING (17.976379416740457 59.381182264048505, 17.976397371801106 59.38117994911861)",false
392,393,3699081,Enköpingsvägen,"LINESTRING (17.969779395595516 59.38063258012292, 17.969689507814206 59.380613690452456)",false
393,394,3699082,Enköpingsvägen,"LINESTRING (17.969689507814206 59.380613690452456, 17.969487991626593 59.38056092336848)",false
394,395,3699089,Enköpingsvägen,"LINESTRING (17.95423629476916 59.37996676602742, 17.953470618425523 59.38006625376348, 17.9528479685813 59.38014741929724, 17.95222715949163 59.38023317683072, 17.95160319420865 59.38031953298006, 17.951005871845084 59.380405480723496, 17.950381331469 59.380500281658335, 17.949768345969197 59.38059189771408, 17.949174648409446 59.38068541084935, 17.94857113521836 59.38078395963401, 17.94794940219159 59.38088142589679, 17.947153297600664 59.38100796433377, 17.946536221476606 59.38110317084738, 17.946140941816324 59.38116830109687, 17.94582662105723 59.38121778967458)",false
395,396,3699243,Enköpingsvägen,"LINESTRING (17.976397371801106 59.38117994911861, 17.976459977514256 59.381171052505216)",false
396,397,3699244,Enköpingsvägen,"LINESTRING (17.976459977514256 59.381171052505216, 17.97671800247074 59.381134393577945, 17.977083534997593 59.38106364867672, 17.977446732299814 59.38098938863437, 17.9777625511408 59.38091092506408)",false
397,398,3699245,Enköpingsvägen,"LINESTRING (17.9777625511408 59.38091092506408, 17.977773739185032 59.38090814536944, 17.97782896371363 59.380894420482655, 17.97806023806151 59.38082773581968)",false
398,399,3905592,Enköpingsvägen,"LINESTRING (17.97641786482574 59.381299955910535, 17.976053373834596 59.38134345666834, 17.97579768910116 59.38136866664628, 17.97555286574637 59.38138799403716, 17.975337432642824 59.38139923683153, 17.975082572489576 59.38141136100908, 17.974840720020506 59.38141757166552, 17.97463164621921 59.3814191880114, 17.974415498832162 59.38141846730935, 17.974171372996683 59.38141381066698, 17.973922649605818 59.38140351642522, 17.973676846100062 59.381388554310746, 17.973462028818613 59.381374466558505, 17.97325165313228 59.38135378032859, 17.973021765093634 59.381328488622096, 17.97278635712757 59.381300294119626, 17.972571551704807 59.38126823277103, 17.972341106636836 59.381233148925034, 17.972106556910422 59.38119241623957, 17.971898484540876 59.38114772783319, 17.971654224612347 59.38109625285802, 17.971410690454388 59.38103877626393, 17.971240231975873 59.380994488479175)",false
399,400,3905593,Enköpingsvägen,"LINESTRING (17.971240231975873 59.380994488479175, 17.971112085714545 59.38096119469758, 17.971108037460926 59.38096023739744)",false
400,401,3905594,Enköpingsvägen,"LINESTRING (17.971108037460926 59.38096023739744, 17.970726220763574 59.38086999227484, 17.97038324236644 59.38078220574997, 17.970071858064696 59.38070504782044)",false
401,402,4017224,Vinthundsgatan,"LINESTRING (17.97636763247452 59.38204197632857, 17.976389254630067 59.38208267430621, 17.97640618810853 59.38212834970554, 17.97641866203223 59.382172779019996, 17.97643220334465 59.382450279505456, 17.97642286038184 59.38261003833586, 17.976465135571004 59.38347580396815, 17.976477963446037 59.38353570798808, 17.976498456779744 59.38359505061311, 17.9766517460079 59.383928784702576, 17.976812472262427 59.38422056418011, 17.976867843718153 59.38429679477886, 17.97690912514166 59.38433970366976, 17.976956580481698 59.384380908026976, 17.977082922973104 59.38448007667054, 17.977213232908348 59.38457246007361, 17.97733460498703 59.38464487399579, 17.97739120982015 59.38466668426859, 17.97745199460193 59.38468534383978, 17.977528965259957 59.38470318445181, 17.97760970136087 59.384715960808805, 17.977692935896496 59.38472348617657, 17.977777371417538 59.384725628434836, 17.97783677202424 59.38472389437294, 17.977895639262147 59.38471949465179, 17.977953536010855 59.3847124662137, 17.978009973988886 59.38470286514213, 17.978064536018184 59.38469075488332)",false
402,403,4017225,Spetsgränd,"LINESTRING (17.978064536018184 59.38469075488332, 17.978681507457587 59.385247682727126)",false
403,404,4017483,,"LINESTRING (17.9740788375049 59.384461635884875, 17.97409556906418 59.38443547177376, 17.97414823014735 59.38434318006857, 17.974170045746106 59.38430382183771)",false
404,405,4017484,,"LINESTRING (17.974170045746106 59.38430382183771, 17.97418917250419 59.38426931624132, 17.97423266750613 59.384193228556185, 17.97425323249966 59.384153751467004)",false
405,406,4171552,Enköpingsvägen,"LINESTRING (17.94634481902492 59.381015563301325, 17.946441589803825 59.381000076418964, 17.947489223013903 59.380832119432085, 17.948660744963938 59.380647549698125, 17.949478531642107 59.380517950357124, 17.950091954023534 59.38042468135969, 17.95069806481597 59.380334252688584, 17.95137235352969 59.38023215969318, 17.951954443625585 59.38015052685386, 17.952743516352953 59.38004094828999, 17.953352441654786 59.37996216986903, 17.953949626035097 59.37988328616419, 17.954187753019855 59.37985319734731)",false
406,407,4249494,,"LINESTRING (17.978550860096405 59.38202182435305, 17.978360296341176 59.38200039710644, 17.9781225791724 59.38198674124032, 17.977888530500813 59.381978761149526, 17.977878633043726 59.38197862957453)",false
407,408,4249495,,"LINESTRING (17.977878633043726 59.38197862957453, 17.97786104397462 59.38197839511576)",false
408,409,4249496,,"LINESTRING (17.97786104397462 59.38197839511576, 17.977653163521147 59.38197562722083, 17.977428743461598 59.38197561260253, 17.9772055691172 59.38198016097319, 17.976957655613212 59.38198980276968, 17.97673664171317 59.38200111235515)",false
409,410,3699068,Enköpingsvägen,"LINESTRING (17.98509712508121 59.37923392639615, 17.984815574015375 59.37923130603558, 17.984472945030532 59.37922985866842, 17.984073647669515 59.379235269852956, 17.983756061065442 59.379250841940745, 17.98345661007917 59.379275388570434, 17.983170541242607 59.379309530836764, 17.98285896346706 59.37935441027416, 17.982531386320304 59.379417240540036, 17.982205264249206 59.37948602133856, 17.981937160421243 59.379553087863314, 17.981607126487134 59.379655150786576, 17.981239879775572 59.379786109031755, 17.980729321291346 59.379982993076204, 17.979950772681146 59.38028451403034, 17.979128980400315 59.380595141595336, 17.978804901927102 59.38071670435554, 17.978698664980513 59.38075565060535)",false
410,411,3699246,Enköpingsvägen,"LINESTRING (17.97806023806151 59.38082773581968, 17.978167288794374 59.38079686876216, 17.97860738903411 59.38065253737689, 17.97918780401073 59.38042761101212, 17.979697600596214 59.3802359175931, 17.98051059008138 59.379921066375466, 17.981126571062333 59.379684687463964, 17.981414341484104 59.37958084260779, 17.981619621787473 59.37951612158859, 17.981795579470994 59.37946083222849, 17.981966114241143 59.37941298124543, 17.982143860910945 59.37936964675502, 17.98233540536817 59.37932500791766, 17.982519380504886 59.37928782958664, 17.982714847808747 59.379255375276855, 17.982945758011564 59.37921802108612, 17.98316077295959 59.37919097768361, 17.983405034312696 59.37916267156069, 17.983650563869247 59.37914659282793, 17.9838888643778 59.37913442624394, 17.98411496229027 59.37912328437575, 17.984359086189386 59.37911946639873, 17.98455851858117 59.3791177134848, 17.98473354988152 59.379118253219005, 17.98490124952096 59.37912053313174, 17.985005458492463 59.37912078001501)",false
411,412,3600483,Enköpingsvägen,"LINESTRING (17.940131999341194 59.381704481344535, 17.93997595629337 59.38171891791369)",false
412,413,3668561,Oxenstiernas Allé,"LINESTRING (17.945186197436406 59.38209410714021, 17.945170135309226 59.38199709954296)",false
413,414,3668562,Oxenstiernas Allé,"LINESTRING (17.945170135309226 59.38199709954296, 17.94510252974432 59.381589043672065)",false
414,415,3668563,Oxenstiernas Allé,"LINESTRING (17.94510252974432 59.381589043672065, 17.945066046123625 59.38133584742225)",false
415,416,3668813,Gamla Enköpingsvägen,"LINESTRING (17.944399378777828 59.382324051918964, 17.945186197436406 59.38209410714021)",false
416,417,3668918,,"LINESTRING (17.94078143735138 59.3834818475428, 17.94112050589613 59.38335056360939, 17.94139232690507 59.38326074678842, 17.941694399713317 59.383175943839454)",false
417,418,3668919,Gamla Enköpingsvägen,"LINESTRING (17.941694399713317 59.383175943839454, 17.942397462228914 59.38294325153417, 17.943467424696717 59.38259606024929)",false
418,419,3668920,Gamla Enköpingsvägen,"LINESTRING (17.943467424696717 59.38259606024929, 17.944399378777828 59.382324051918964)",false
419,420,3923768,,"LINESTRING (17.941694399713317 59.383175943839454, 17.94219655422327 59.38380463680048)",false
420,421,3923769,,"LINESTRING (17.94219655422327 59.38380463680048, 17.94224075170276 59.38385996252786)",false
421,422,4144122,,"LINESTRING (17.93639452949472 59.38222409587569, 17.936352730460666 59.382238654335225, 17.936272843268302 59.38227512068813, 17.936210446374215 59.382321985038125, 17.93612963331763 59.38241106599256)",false
422,423,4191257,Kvarngatan,"LINESTRING (17.938716947443456 59.38198222687601, 17.938921655806777 59.38219966080932, 17.939047736960845 59.3823647364276, 17.93995747497076 59.38355576406669)",false
423,424,4201429,Axgränd,"LINESTRING (17.941517768608858 59.3843594632108, 17.942478836647734 59.38416246795539)",false
424,425,4201579,,"LINESTRING (17.94224075170276 59.38385996252786, 17.942478836647734 59.38416246795539)",false
425,426,4249487,,"LINESTRING (17.97851918341154 59.385294739249225, 17.978681507457587 59.385247682727126)",false
426,427,4017482,,"LINESTRING (17.96894535581326 59.38811774482895, 17.968929666026956 59.38810450369127, 17.96884320635814 59.38803260807607, 17.968725476132086 59.38793752184364, 17.968595915992736 59.38784996546253, 17.9685345184726 59.387795920192815, 17.968501648421174 59.38774579028172, 17.96848625761267 59.387684236714804, 17.96849321215278 59.38762177904974, 17.968520302166763 59.38755711970509, 17.968558343872395 59.387496632088414, 17.96862135887024 59.387434677295914, 17.968691351533863 59.38738241216517, 17.968774060457616 59.38733757636484, 17.96887676984226 59.3872877921564, 17.96914305268469 59.38716170393016, 17.969437371821105 59.38700496367654, 17.96957195509966 59.386926111411206, 17.96966249809006 59.386869172277386, 17.96974879004687 59.38681257251802, 17.969836239548922 59.38674887441298, 17.969891959793877 59.3866897539157, 17.969940041543612 59.38661903582397, 17.969999049017463 59.386534284440955, 17.970059044880063 59.38643969788639, 17.97011076734864 59.386340348517145, 17.970138242156057 59.38625497643833, 17.970152066043024 59.38617363548511, 17.97016907367748 59.386100695727755, 17.97019460437101 59.38603658367716, 17.970238925876075 59.38596538499208, 17.97029046014298 59.385907968127796, 17.970367755611747 59.38584361132005, 17.97046499241914 59.38577404660341, 17.97055324061631 59.38571468792703, 17.970625198727173 59.385659393545644, 17.970677049432712 59.385598159268625, 17.970714780349923 59.3855327806719, 17.970753213066015 59.38544342959702, 17.970822224240774 59.38530297972559, 17.97087523078022 59.38522538260621, 17.970953111619316 59.38516210835174, 17.971052803156024 59.385097681075685, 17.971158080884834 59.38503751155244, 17.971269732332992 59.384985966954396, 17.971383054791513 59.3849444573984, 17.97153158113408 59.3849026755919, 17.971678392305964 59.384876711993186, 17.971836288644745 59.38485765734654, 17.971972231062527 59.38484657023625, 17.97217513316261 59.384839608757396, 17.973187054475087 59.38481546803716, 17.973391293236265 59.384813110920454, 17.973509554800305 59.384800664164565, 17.973639708213042 59.38477276883689, 17.973752710597697 59.38473508348885, 17.973852263832697 59.38468643643116, 17.973949244525695 59.384621502550246, 17.974023831313104 59.38454765314961, 17.9740788375049 59.384461635884875)",false
427,428,4249488,,"LINESTRING (17.978681507457587 59.385247682727126, 17.979960573132374 59.38487690813105, 17.979991419619726 59.384864521365685, 17.98001617763809 59.38484899387459, 17.98003366131582 59.38483106265661)",false
428,429,3923770,,"LINESTRING (17.942875492279224 59.38466643779017, 17.943519141996553 59.3854530212762)",false
429,430,3923771,,"LINESTRING (17.943519141996553 59.3854530212762, 17.943731122070776 59.38568879675014)",false
430,431,3923772,,"LINESTRING (17.943731122070776 59.38568879675014, 17.94419456043284 59.38620424427764)",false
431,432,3923773,,"LINESTRING (17.94419456043284 59.38620424427764, 17.944867034629812 59.387033814229476)",false
432,433,3925053,Ursviks allé,"LINESTRING (17.942875492279224 59.38466643779017, 17.94156097887619 59.38496339251372)",false
433,434,3925054,Ursviks allé,"LINESTRING (17.94156097887619 59.38496339251372, 17.941446293489705 59.38498929889156)",false
434,435,3925055,Kvarngatan,"LINESTRING (17.941446293489705 59.38498929889156, 17.941444534842667 59.38498969620107, 17.942373064198396 59.38598027335299)",false
435,436,3925056,Kvarngatan,"LINESTRING (17.942373064198396 59.38598027335299, 17.942805958726446 59.38642653212802, 17.94284363953176 59.386444361402084, 17.942916246614853 59.3864557934322, 17.942969060320372 59.38644866357945)",false
436,437,3925057,Mönstringsgatan,"LINESTRING (17.942969060320372 59.38644866357945, 17.94419456043284 59.38620424427764)",false
437,438,3925058,Spannmålsgränd,"LINESTRING (17.943731122070776 59.38568879675014, 17.942442198612074 59.385964143633956)",false
438,439,3925059,Spannmålsgränd,"LINESTRING (17.942442198612074 59.385964143633956, 17.942373064198396 59.38598027335299)",false
439,440,4201580,,"LINESTRING (17.942478836647734 59.38416246795539, 17.942875492279224 59.38466643779017)",false
440,441,3923774,,"LINESTRING (17.944867034629812 59.387033814229476, 17.944881729101557 59.387051940131535, 17.94492863127008 59.38706755582577)",false
441,442,3923775,,"LINESTRING (17.94492863127008 59.38706755582577, 17.944952598452115 59.387075535770485, 17.945035560640303 59.38707366199586, 17.946196618631674 59.38676008413924)",false
442,443,3673185,Stugvägen,"LINESTRING (17.946836958196545 59.38744065434017, 17.94678711708932 59.387439143393216, 17.946747994081587 59.38741439996462, 17.946196618631674 59.38676008413924)",false
443,444,3923776,,"LINESTRING (17.946196618631674 59.38676008413924, 17.947503004797724 59.38640725008326)",false
444,445,3923777,,"LINESTRING (17.947503004797724 59.38640725008326, 17.947576715209287 59.38638734166569)",false
445,446,4249490,,"LINESTRING (17.979905901927612 59.38428809630888, 17.979871885785943 59.38416402999494, 17.97983862604952 59.384073106381685, 17.979798816521022 59.383980202782226, 17.97974479633143 59.38387369570802, 17.97966212595559 59.38371550914332, 17.979599632391306 59.383608575635336, 17.97958422731495 59.38356271289366)",false
446,447,4249489,,"LINESTRING (17.98003366131582 59.38483106265661, 17.98004301459414 59.384811609933266, 17.98004270716703 59.384787049340915, 17.979905901927612 59.38428809630888)",false
447,448,4251598,,"LINESTRING (17.979905901927612 59.38428809630888, 17.980127018412023 59.384272699584955)",false
448,449,3465206,Skogsbacken,"LINESTRING (17.97869590059969 59.368319297606455, 17.978782127182168 59.36827167829083, 17.978920132400216 59.368162265137585, 17.979076271861523 59.368022047678345)",false
449,450,3465207,Skogsbacken,"LINESTRING (17.979076271861523 59.368022047678345, 17.979084958786682 59.36801424699388)",false
450,451,3465208,Skogsbacken,"LINESTRING (17.979084958786682 59.36801424699388, 17.979193468746107 59.36791680213785, 17.979207772130827 59.367900237545925, 17.979212567107833 59.367894691430976)",false
451,452,4249491,,"LINESTRING (17.97958422731495 59.38356271289366, 17.979568100453193 59.383514647113174, 17.979559358925744 59.383478076331386)",false
452,453,4249492,,"LINESTRING (17.979559358925744 59.383478076331386, 17.979547340869107 59.38342785886511, 17.979534489381617 59.38334066524271, 17.979518583296546 59.38316652137782, 17.979512670082006 59.38300287838219, 17.979501241602794 59.3828590676373, 17.979480137651613 59.382756112519836, 17.979438245936134 59.38260676167839, 17.97938026447156 59.382434630675704, 17.979355937880666 59.38236638108187)",false
453,454,4249493,,"LINESTRING (17.978933771496166 59.38208238453195, 17.978717273139857 59.38204721776732, 17.978550860096405 59.38202182435305)",false
454,455,3465272,Järnvägsgatan,"LINESTRING (17.955705783446607 59.36568865818795, 17.95549008357782 59.365705051479715, 17.955281354408896 59.365724880709685, 17.955111127347433 59.36574575064504, 17.954955072443173 59.3657625878789, 17.954818009082164 59.3657840444399, 17.954702717722917 59.36581253745873, 17.954581636791488 59.36584247355412, 17.954174070391392 59.36595095201512, 17.953108192339432 59.3662093861825, 17.952341158941994 59.3663996959523, 17.952110542643116 59.366456390587004, 17.952014645350673 59.3664860009381)",false
455,456,3465273,Järnvägsgatan,"LINESTRING (17.952014645350673 59.3664860009381, 17.95199960136346 59.366490645897514)",false
456,457,3465274,Järnvägsgatan,"LINESTRING (17.95199960136346 59.366490645897514, 17.951721267426095 59.366576586764104)",false
457,458,3640284,Ekbacksgränd,"LINESTRING (17.94818586776071 59.36750577541352, 17.948050314453077 59.367489593714325, 17.947937365579392 59.36747604568138, 17.947848754346403 59.36746785981677, 17.9477601958356 59.36747001541694, 17.94766305315779 59.36747995813281, 17.947567065950274 59.367492058207475, 17.947483989060643 59.36749631814751, 17.94739364206684 59.36749470393994, 17.947316876159768 59.367488514292205, 17.947037999843477 59.367459942337796)",false
458,459,1314165,Tulegatan,"LINESTRING (17.96268107408264 59.3686019787548, 17.962813141151507 59.36872919164981)",false
459,460,1266909,Fredsgränd,"LINESTRING (17.96549647421061 59.36869130833325, 17.96521846020132 59.368791248572066, 17.965039953698547 59.36884161378405, 17.96489258402808 59.36887355025499, 17.964113168275233 59.36897805406652)",false
460,461,1314164,Tulegatan,"LINESTRING (17.961604133636644 59.36910483564805, 17.961486713243218 59.36898685878769)",false
461,462,1095074,Fredsgränd,"LINESTRING (17.964113168275233 59.36897805406652, 17.963908250094207 59.36896165090477, 17.96373444290776 59.3689616042818, 17.963563288024766 59.36898448308847, 17.96344877332156 59.36901949888504, 17.96336230520859 59.36906118249061, 17.96325035331048 59.369159059194, 17.963133186282956 59.36929765269257, 17.963069713988624 59.36943985090007, 17.963046624645525 59.36953014502199)",false
462,463,1095073,Fredsgränd,"LINESTRING (17.964113168275233 59.36897805406652, 17.964092878358393 59.36902777625839, 17.963696975064334 59.36981540807435, 17.963643393261528 59.3699972791431, 17.96362986098925 59.37017688272643, 17.963655030412728 59.370345829692, 17.963776387665302 59.370453498264034)",false
463,464,1279707,Tulegatan,"LINESTRING (17.962276605407393 59.36995770991048, 17.962316345408745 59.36998720609077, 17.962496467535267 59.3701392785205, 17.96268107897105 59.37030868134642, 17.96270890004876 59.370376512630465, 17.962683257414454 59.37044240504738, 17.96259382547162 59.37050990005935)",false
464,465,1279706,,"LINESTRING (17.95946866641686 59.37155424433966, 17.959540132616443 59.3715580761981, 17.960213237443348 59.37159632997158)",false
465,466,1279705,Sveavägen,"LINESTRING (17.959329557887234 59.37207747913292, 17.959397952318323 59.37208605348685, 17.95996887665412 59.3721489673825)",false
466,467,1279704,Gökvägen,"LINESTRING (17.956117660863658 59.3732786338944, 17.95701363735054 59.373085990130484, 17.957564154821636 59.37307095783165)",false
467,468,3944149,Hallonbergsvägen,"LINESTRING (17.96520194097248 59.37642203809521, 17.965050591323653 59.37615288756332)",false
468,469,3944148,Hallonbergsvägen,"LINESTRING (17.965275877094033 59.376553521264206, 17.96520194097248 59.37642203809521)",false
469,470,3944147,Hallonbergsvägen,"LINESTRING (17.965645181461685 59.377226100777065, 17.96539418944798 59.37676391387841, 17.965275877094033 59.376553521264206)",false
470,471,1225964,Rissneleden,"LINESTRING (17.970490499303512 59.376561640514666, 17.97049255836439 59.376540898993646, 17.970500242901586 59.37652870071269, 17.970522352253486 59.376502847600655, 17.970571037887428 59.37647461866327, 17.970668504450856 59.37646291749204)",false
471,472,1225965,Rissneleden,"LINESTRING (17.970668504450856 59.37646291749204, 17.97073495776675 59.376466075835545, 17.970781236190774 59.376476945554195, 17.970824388619715 59.3764895219351, 17.970873624881975 59.37652110868097, 17.970885607546343 59.37655580885843)",false
472,473,1225903,Rissneleden,"LINESTRING (17.970674165662825 59.37666061380371, 17.97058869707442 59.37664964862773, 17.97053207180497 59.37662981301406, 17.970502941758706 59.37660703249011, 17.970490499303512 59.376561640514666)",false
473,474,1225902,Rissneleden,"LINESTRING (17.970885607546343 59.37655580885843, 17.97087621686657 59.37658754552254, 17.970863240434802 59.376613523045194, 17.970817532209725 59.376637541724804, 17.97075677211601 59.37665517293199, 17.970674165662825 59.37666061380371)",false
474,475,4138655,Rissneleden,"LINESTRING (17.967051126422934 59.37702221788866, 17.96673551651891 59.37706913823339)",false
475,476,4138656,Rissneleden,"LINESTRING (17.96673551651891 59.37706913823339, 17.966718647012048 59.37707164550913)",false
476,477,4138657,Rissneleden,"LINESTRING (17.966718647012048 59.37707164550913, 17.96630915861175 59.37713252035567, 17.965645181461685 59.377226100777065)",false
477,478,4138658,Rissneleden,"LINESTRING (17.967051126422934 59.37702221788866, 17.967795373852688 59.37691487849683, 17.96853932869321 59.37679337064267)",false
478,479,4138659,Rissneleden,"LINESTRING (17.96853932869321 59.37679337064267, 17.96944061617363 59.37666234407682)",false
479,480,4138660,Rissneleden,"LINESTRING (17.96944061617363 59.37666234407682, 17.969774023164852 59.37661688250513, 17.969956480446 59.37659880663735, 17.97013020441284 59.3765865816385, 17.970358521890237 59.37657077614196)",false
480,481,4138661,Rissneleden,"LINESTRING (17.970358521890237 59.37657077614196, 17.970490499303512 59.376561640514666)",false
481,482,4138679,Rissneleden,"LINESTRING (17.965645181461685 59.377226100777065, 17.96440625227797 59.37740397534153, 17.963957846177316 59.37746720401307)",false
482,483,4138680,Rissneleden,"LINESTRING (17.963957846177316 59.37746720401307, 17.963383576680048 59.377548176473006)",false
483,484,4138681,Rissneleden,"LINESTRING (17.963383576680048 59.377548176473006, 17.96336975213182 59.37755012615725, 17.96210751670638 59.37773079070105, 17.960608153773403 59.37795293347849, 17.959441743311565 59.37812228386647, 17.959172463396605 59.37816046708654, 17.959018501241697 59.37817345981996, 17.958867009463006 59.37818287383416, 17.958666695431337 59.378178883488644, 17.958479107314822 59.378173606609344, 17.958303342177572 59.378160522017986, 17.958125002963907 59.378140127175456, 17.95795244120003 59.37810903360845, 17.957813542171458 59.378079054120455, 17.957693681171012 59.378046054632215, 17.95757312588539 59.378010339080326, 17.95744476807223 59.37796005459604, 17.95731315892829 59.37789973463116, 17.957226437686455 59.37785860555719, 17.957120868337594 59.37779679613381, 17.956986018718116 59.377708765023186, 17.956696874858512 59.37749281479801, 17.9566968653678 59.37749280692595)",false
484,485,3465291,Fågelsången,"LINESTRING (17.971792748696416 59.3638222429859, 17.972820792468486 59.36348568008908)",false
485,486,3988166,Vintergatan,"LINESTRING (17.973331706938282 59.363896553775184, 17.97337192377032 59.36388377480814)",false
486,487,3988167,Vintergatan,"LINESTRING (17.97337192377032 59.36388377480814, 17.973386853005607 59.363879030192855)",false
487,488,3988168,Vintergatan,"LINESTRING (17.973386853005607 59.363879030192855, 17.97408027313911 59.36365867998012, 17.974860306495238 59.36341160071522)",false
488,489,3988172,Prästgårdsgatan,"LINESTRING (17.972276951659524 59.36303332150664, 17.972339080239532 59.363012866044414)",false
489,490,3988173,Prästgårdsgatan,"LINESTRING (17.972339080239532 59.363012866044414, 17.972353854515575 59.36300800286864)",false
490,491,3988174,Prästgårdsgatan,"LINESTRING (17.972353854515575 59.36300800286864, 17.973772486640975 59.36254092172083)",false
491,492,1702816,Järnvägsgatan,"LINESTRING (17.956268973463455 59.36554292102951, 17.95612783487299 59.365588931014095, 17.955900633135723 59.3656588362329)",false
492,493,1702688,Järnvägsgatan,"LINESTRING (17.956268973463455 59.36554292102951, 17.95626205182481 59.365531558116864, 17.956262497748334 59.36550735799177, 17.956271097547276 59.3654908805026, 17.95628501413826 59.365474408219434, 17.956313034052652 59.36545554029945, 17.956351274370018 59.36544204774255, 17.956383935410642 59.365434432696674)",false
493,494,1702691,Järnvägsgatan,"LINESTRING (17.956582900595194 59.365557456175694, 17.95657422838863 59.36556582107185, 17.956543975286348 59.365585728154045, 17.95650012798478 59.36559891663043, 17.956457690954718 59.36560525281235, 17.95640997543379 59.36560555337849, 17.956367658038204 59.3655995132487, 17.956329438644136 59.36558877937833, 17.956298056885014 59.36557307396918, 17.95627589510684 59.36555428394174, 17.956268973463455 59.36554292102951)",false
494,495,1702818,Löfströms Allé,"LINESTRING (17.956383935410642 59.365434432696674, 17.956381326883815 59.365389706196424, 17.95639996335583 59.36533645542685)",false
495,496,1702689,Järnvägsgatan,"LINESTRING (17.956383935410642 59.365434432696674, 17.956395564601497 59.36543293784628, 17.956428425433153 59.36543166229463, 17.956471148717604 59.36543387419207)",false
496,497,1702817,Löfströms Allé,"LINESTRING (17.956528345105152 59.36535644831079, 17.956488179468117 59.36539574713963, 17.956471148717604 59.36543387419207)",false
497,498,1702690,Järnvägsgatan,"LINESTRING (17.956471148717604 59.36543387419207, 17.956512515215785 59.3654421373984, 17.956558704938015 59.36546010377221, 17.956585667059397 59.365480851614976, 17.956596071736257 59.36549643075632, 17.9566018501402 59.365528226541365, 17.956591554447623 59.36554908270938, 17.956582900595194 59.365557456175694)",false
498,499,1279703,Kanalstigen,"LINESTRING (17.957213436478018 59.367626763758985, 17.95722811670564 59.36796393171359)",false
499,500,1525676,,"LINESTRING (17.96267899289664 59.365049113358594, 17.96291402118521 59.36497387818129)",false
500,501,3465221,Tulegatan,"LINESTRING (17.972476308227186 59.36559612439838, 17.972172980446814 59.36569234425045, 17.971406806434295 59.365940285459295, 17.971368035590245 59.36595270551309)",false
501,502,1230518,Kyrkogatan,"LINESTRING (17.97230333276564 59.36533647536022, 17.971890670766232 59.36500685467501, 17.971940659814724 59.364906213380635)",false
502,503,1158465,,"LINESTRING (17.97290079474145 59.364869992603715, 17.97303901381193 59.36486772935656)",false
503,504,3465222,Tulegatan,"LINESTRING (17.971368035590245 59.36595270551309, 17.97135314273406 59.365957476905294)",false
504,505,3465223,Tulegatan,"LINESTRING (17.97135314273406 59.365957476905294, 17.970981183983273 59.366076636051766, 17.970696571017406 59.36616874149744)",false
505,506,3465286,Starrbäcksgatan,"LINESTRING (17.959952330419185 59.36472187714848, 17.960685305459904 59.365303878824875)",false
506,507,3465287,Starrbäcksgatan,"LINESTRING (17.960685305459904 59.365303878824875, 17.960694811207578 59.36531142761334)",false
507,508,3465288,Starrbäcksgatan,"LINESTRING (17.960694811207578 59.36531142761334, 17.960781631140566 59.365380362264716)",false
508,509,3601997,Järnvägsgatan,"LINESTRING (17.961631036069534 59.36418842956957, 17.959952330419185 59.36472187714848)",false
509,510,3713603,Stenbrottsgatan,"LINESTRING (17.971985360952882 59.36666762716619, 17.972120877273365 59.36664604573703, 17.97219262262666 59.3666346194969, 17.972342422720633 59.36661076215653, 17.97250677626861 59.36657542116712, 17.97264748450688 59.366533841151565, 17.97272750732741 59.36647101578437, 17.972733788468783 59.36640539459091, 17.97266981696644 59.36629638754548, 17.97265522190396 59.36616903364826, 17.972515679549314 59.36602221461596)",false
510,511,3713840,Stenbrottsgatan,"LINESTRING (17.969170673194647 59.36735434238944, 17.969172228609064 59.36726338635068, 17.969209639385273 59.367217527151695, 17.969256171797394 59.36718858823514)",false
511,512,3713841,Stenbrottsgatan,"LINESTRING (17.969256171797394 59.36718858823514, 17.969309314337902 59.367155537711454)",false
512,513,3713842,Stenbrottsgatan,"LINESTRING (17.969309314337902 59.367155537711454, 17.969396140759724 59.36710153826104, 17.969484257964385 59.36706250417562, 17.96971610438169 59.3669780880789, 17.970291986524963 59.366788629911504, 17.970935067616878 59.366577057762115)",false
513,514,3715678,Rensgatan,"LINESTRING (17.971648907204774 59.36725747924116, 17.970952727137195 59.36729031530782, 17.970425303530707 59.36731346093159, 17.96974008612887 59.36734203291571, 17.969170673194647 59.36735434238944)",false
514,515,3715679,Rensgatan,"LINESTRING (17.969170673194647 59.36735434238944, 17.968514131474397 59.36738547880768, 17.968421956820972 59.367380092790626, 17.968346907566694 59.3673668044567, 17.968273624478748 59.36734693409953, 17.968221260190347 59.36731965916596, 17.968184852607383 59.36729105035488, 17.967962944513665 59.36711138880016)",false
515,516,3988163,Götgatan,"LINESTRING (17.97551943432138 59.363907136505986, 17.97496790256966 59.36409915883784, 17.974482072760747 59.36426398841373, 17.974314767527837 59.36432465180613, 17.97415747114008 59.36437397992818, 17.974074541758636 59.364398705665145, 17.973998009504022 59.36441406578024, 17.973908803865545 59.36442280482919, 17.97382386412675 59.36442276604465, 17.973644420362884 59.36440579636719)",false
516,517,3988164,Götgatan,"LINESTRING (17.973644420362884 59.36440579636719, 17.97362714217282 59.36440416245408)",false
517,518,3988165,Götgatan,"LINESTRING (17.97362714217282 59.36440416245408, 17.97356121208537 59.364397927981116)",false
518,519,3988169,Ursviksvägen,"LINESTRING (17.95981282654506 59.367601162705526, 17.959844657755518 59.36766936711414)",false
519,520,3988170,Ursviksvägen,"LINESTRING (17.959844657755518 59.36766936711414, 17.959848729786554 59.36767809250805)",false
520,521,3988171,Ursviksvägen,"LINESTRING (17.959848729786554 59.36767809250805, 17.959904549410062 59.367797695156156, 17.95992969924423 59.36788000997109, 17.960088088944882 59.36812939305405, 17.96022960108752 59.36836649814697)",false
521,522,3465198,Gjuteribacken,"LINESTRING (17.970828845374076 59.35978660327286, 17.970816950674436 59.35979318436265)",false
522,523,3465199,Gjuteribacken,"LINESTRING (17.970816950674436 59.35979318436265, 17.970430752961867 59.36000686459408, 17.97015634078322 59.36016132427181, 17.970095412167346 59.36019662584849, 17.97006044593928 59.36022851412059, 17.970041798613277 59.36026506260446, 17.97003743980527 59.360299757838824, 17.970046296562884 59.36034106208289, 17.970079349318443 59.36037626157864, 17.97014735885553 59.360415292140345, 17.970628878840028 59.36062039314356)",false
523,524,3661540,Ågatan,"LINESTRING (17.961787396096213 59.36072084746292, 17.961727734076135 59.360774275828874, 17.961638943650673 59.36085378996388, 17.961378489864988 59.36108702880395)",false
524,525,4104701,,"LINESTRING (17.97328106072583 59.36003172801809, 17.97327982980301 59.36003123851039, 17.973167495765072 59.359986453451405, 17.972922547725158 59.35988335814773)",false
525,526,4104702,,"LINESTRING (17.972922547725158 59.35988335814773, 17.97277944365652 59.359824082142815)",false
526,527,4150300,Ekensbergsvägen,"LINESTRING (17.97400634388669 59.360374759984154, 17.973996447396324 59.36037770318189, 17.973976901317613 59.360383514748726)",false
527,528,3465290,Fågelsången,"LINESTRING (17.97177794774439 59.36382708782891, 17.971792748696416 59.3638222429859)",false
528,529,3465289,Fågelsången,"LINESTRING (17.970768845285065 59.364152633971656, 17.971577023719586 59.36389286523128, 17.97177794774439 59.36382708782891)",false
529,530,3715682,Furuvägen,"LINESTRING (17.970596181292088 59.36631432843324, 17.970702534519585 59.36640374076327, 17.970935067616878 59.366577057762115)",false
530,531,3715683,Furuvägen,"LINESTRING (17.970935067616878 59.366577057762115, 17.971069639386027 59.366676976354775, 17.971168951308886 59.36675071291198)",false
531,532,3715681,Stenbrottsgatan,"LINESTRING (17.971168951308886 59.36675071291198, 17.971619327773688 59.36670965684137, 17.971985360952882 59.36666762716619)",false
532,533,3715680,Furuvägen,"LINESTRING (17.971168951308886 59.36675071291198, 17.971395172080527 59.36692414339411, 17.971541142483066 59.36704376125881, 17.971591628942168 59.36709340778144, 17.971619994594597 59.367139326244285, 17.971634464832874 59.36718518409844, 17.971648907204774 59.36725747924116)",false
533,534,1279708,Furuvägen,"LINESTRING (17.971621142883574 59.36804566750636, 17.972149148447976 59.36824547224463)",false
534,535,1266908,Grytbacken,"LINESTRING (17.97110059730656 59.36833990856938, 17.971275682931257 59.36838678685787, 17.971487851474546 59.36844257825677, 17.97162500436402 59.36849294475666, 17.971956011354802 59.36865031689556)",false
535,536,1225869,Ursviksvägen,"LINESTRING (17.971924628418453 59.375060064789494, 17.97192561695291 59.374990961044766, 17.97192550493952 59.374802420610585, 17.971943920610883 59.374530445656745, 17.972010401357164 59.37444545958042)",false
536,537,1226004,Ursviksvägen,"LINESTRING (17.972010401357164 59.37444545958042, 17.97205503125481 59.37453346577004, 17.972056810486265 59.37461674284601, 17.97204671138336 59.375055444750075)",false
537,538,1225868,Ursviksvägen,"LINESTRING (17.971923636732797 59.37512945435829, 17.971924628418453 59.375060064789494)",false
538,539,1226005,Ursviksvägen,"LINESTRING (17.97204671138336 59.375055444750075, 17.972043916730957 59.3751767656382)",false
539,540,1225867,Ursviksvägen,"LINESTRING (17.971923506909118 59.37513843067721, 17.971923636732797 59.37512945435829)",false
540,541,1225866,Ursviksvägen,"LINESTRING (17.971922915314103 59.37517984598194, 17.971923506909118 59.37513843067721)",false
541,542,1226006,Ursviksvägen,"LINESTRING (17.972043916730957 59.3751767656382, 17.97204362998222 59.37518925903789, 17.972034552548163 59.37549186083705, 17.972039735208437 59.37579603354619, 17.972055164521908 59.3759823197363, 17.97215762581942 59.376364563947746, 17.972213075112684 59.37651033665652)",false
542,543,1225865,Ursviksvägen,"LINESTRING (17.972067885388334 59.37652986646953, 17.972018828893553 59.376390327980246, 17.971996106534707 59.376283257364946, 17.971975072891325 59.37620251299115, 17.971959250202417 59.37607911038256, 17.97193947028897 59.37595576204429, 17.971930812665978 59.375820065066755, 17.971919721482863 59.375645909832976, 17.97191833671748 59.37549995583697, 17.971922915314103 59.37517984598194)",false
543,544,1225962,,"LINESTRING (17.97213880142963 59.37652124063668, 17.972213075112684 59.37651033665652)",false
544,545,3465292,Humblegatan,"LINESTRING (17.965331462364592 59.36132178835371, 17.965595632572413 59.361035964469295, 17.96568837363534 59.36093996817036)",false
545,546,3465293,Humblegatan,"LINESTRING (17.96568837363534 59.36093996817036, 17.965696139782423 59.36093192875277)",false
546,547,3465294,Humblegatan,"LINESTRING (17.965696139782423 59.36093192875277, 17.96571943027991 59.36090782056214, 17.96588511117999 59.36075641128909)",false
547,548,3464655,Landsvägen,"LINESTRING (17.969763496161523 59.36104806912218, 17.969921850892405 59.36099404035752, 17.96992210775733 59.36099393835424)",false
548,549,3464656,Landsvägen,"LINESTRING (17.96992210775733 59.36099393835424, 17.969935985095475 59.36098842553234)",false
549,550,3464657,Landsvägen,"LINESTRING (17.969935985095475 59.36098842553234, 17.97055864042678 59.36074104900661, 17.970685244334664 59.36066694950577)",false
550,551,3417444,Järnvägsgatan,"LINESTRING (17.97113281720014 59.361216413858926, 17.97063404517207 59.361364743269085, 17.970313601558562 59.361454475209456)",false
551,552,3417443,Järnvägsgatan,"LINESTRING (17.971147985056678 59.36121187162147, 17.9711436319604 59.36121319744629, 17.97113281720014 59.361216413858926)",false
552,553,3417442,Järnvägsgatan,"LINESTRING (17.97187330951899 59.36099088959934, 17.971147985056678 59.36121187162147)",false
553,555,3654786,Ågatan,"LINESTRING (17.961378489864988 59.36108702880395, 17.961165332072333 59.36127791206317, 17.96087629984243 59.36156569931311)",false
554,558,3661455,Löfströms Allé,"LINESTRING (17.95932472433023 59.36354724025886, 17.959916148989887 59.3631839346853, 17.960316547452233 59.3629370465874, 17.960514972808593 59.36281458136435, 17.96059979037933 59.36275874818199, 17.960696021279063 59.36268920645289)",false
555,559,3661454,Löfströms Allé,"LINESTRING (17.959666046393757 59.36341795980821, 17.959404819725467 59.36358141010522)",false
556,560,3661453,Löfströms Allé,"LINESTRING (17.959677156947773 59.36341100760902, 17.959666046393757 59.36341795980821)",false
557,561,3661452,Löfströms Allé,"LINESTRING (17.96082064983999 59.36273581115966, 17.960719375040227 59.36278454387888, 17.96059589799314 59.36284395920852, 17.960466972974857 59.362916909633334, 17.960349385749577 59.362986433061934, 17.960225512847256 59.36305949851431, 17.959945792390346 59.36324291887328, 17.959677156947773 59.36341100760902)",false
558,566,3661457,Max Sievertsgatan,"LINESTRING (17.960994018325497 59.3627004028839, 17.96116250829872 59.362773326124696)",false
559,567,3661458,Max Sievertsgatan,"LINESTRING (17.96116250829872 59.362773326124696, 17.961392437625957 59.36286890840138, 17.961510318580114 59.36291793024274, 17.961678061087643 59.36298768612353, 17.96177477375248 59.363008505744425)",false
560,568,3655059,Tråddragargränd,"LINESTRING (17.962999922857588 59.36260550768021, 17.96226610585019 59.362300340384245)",false
561,569,3655058,Vasagatan,"LINESTRING (17.963696264720888 59.36234192731744, 17.96362542700114 59.36240475385778, 17.962999922857588 59.36260550768021)",false
562,572,3661473,Max Sievertsgatan,"LINESTRING (17.960724119686827 59.36258878501163, 17.95988438510342 59.36223184371363)",false
563,573,3661474,Ågatan,"LINESTRING (17.95988438510342 59.36223184371363, 17.95963567109642 59.36238505049258, 17.95919890275753 59.36265953943556, 17.95893485049989 59.36282625828472, 17.958620623003384 59.363025629150854)",false
564,574,3661475,Ågatan,"LINESTRING (17.95988438510342 59.36223184371363, 17.9602964897295 59.361977252889325, 17.96056133637239 59.36180345998263, 17.96087629984243 59.36156569931311)",false
565,577,3805340,Vasagatan,"LINESTRING (17.96616426791488 59.361473739933984, 17.96613871319192 59.36157757888033, 17.966105313737625 59.361616178784566, 17.966058129822496 59.36164568412927, 17.96599406916105 59.361670190971566, 17.964783444553845 59.3620484928582)",false
566,578,3805341,Vasagatan,"LINESTRING (17.964783444553845 59.3620484928582, 17.964699297594095 59.362074786792355)",false
567,579,1226007,Ursviksvägen,"LINESTRING (17.972213075112684 59.37651033665652, 17.97224924964399 59.37657675366901, 17.972326624411842 59.37667688107786, 17.97238717410059 59.37679179653521, 17.972600972652142 59.37725005692781, 17.972635370741465 59.37733498046417)",false
568,580,1226012,Ursviksvägen,"LINESTRING (17.97249801472148 59.37735532053089, 17.972473645776184 59.37730629176258, 17.972420770638877 59.377230164380364, 17.972361827552728 59.37716638722333, 17.972225594571846 59.376858858415105, 17.972067885388334 59.37652986646953)",false
569,581,1226008,Ursviksvägen,"LINESTRING (17.972635370741465 59.37733498046417, 17.97267164931815 59.37743172255382)",false
570,582,1225963,Örsvängen,"LINESTRING (17.97257876438045 59.37734354084559, 17.97249801472148 59.37735532053089)",false
571,583,1226011,Ursviksvägen,"LINESTRING (17.972543486395658 59.37745549233999, 17.97249801472148 59.37735532053089)",false
572,584,1226009,Ursviksvägen,"LINESTRING (17.97267164931815 59.37743172255382, 17.972682755229954 59.37747508706116, 17.9728452752241 59.37784420771637)",false
573,585,1226010,Ursviksvägen,"LINESTRING (17.972713720391788 59.37786063261006, 17.97267818823203 59.37777020859548, 17.972604514229026 59.377583282652644, 17.972543486395658 59.37745549233999)",false
574,586,1225960,Ursviksvägen,"LINESTRING (17.9728452752241 59.37784420771637, 17.97287869166951 59.37797320266584, 17.972909283681187 59.37809306940091, 17.972944975771686 59.37819154111874)",false
575,587,1225961,Ursviksvägen,"LINESTRING (17.97280703942448 59.37819926046328, 17.972805156183323 59.37809692659445, 17.972776452359597 59.37800685908999, 17.972713720391788 59.37786063261006)",false
576,588,1225870,Ursviksvägen,"LINESTRING (17.972944975771686 59.37819154111874, 17.97296051296092 59.37826799861814, 17.972963159695716 59.37838849363583, 17.972946564621807 59.37852213357087, 17.972920519641942 59.37858668942892, 17.97292362013695 59.378635358462624, 17.97296384457743 59.37871419138849)",false
577,589,1225877,Ursviksvägen,"LINESTRING (17.9725137840493 59.3787093755883, 17.97260230998591 59.37862568388305, 17.972654250536703 59.37857407943633, 17.972692334011764 59.37852129927639, 17.972722469636977 59.37847428959016, 17.97274959812276 59.37842310710371, 17.972776620004595 59.378370507262574, 17.972789943718045 59.37831954969735, 17.972805940147886 59.37826713836212, 17.97280703942448 59.37819926046328)",false
578,590,1225876,Ursviksvägen,"LINESTRING (17.9725137840493 59.3787093755883, 17.97260388794437 59.37868090243929, 17.972699716494972 59.37866993808776, 17.972796288006105 59.37867067438787, 17.972900802309237 59.37868770071693, 17.97296384457743 59.37871419138849)",false
579,591,1225875,Ursviksvägen,"LINESTRING (17.972439323155655 59.37875077322293, 17.9725137840493 59.3787093755883)",false
580,592,1225871,Ursviksvägen,"LINESTRING (17.97296384457743 59.37871419138849, 17.973024080436534 59.37874664080761, 17.973073057485596 59.37879390418434, 17.97309129590768 59.37882760786666, 17.97309339450963 59.37886041260503, 17.97308172342558 59.378893441506165, 17.973051810905666 59.378929123902694, 17.9730031666196 59.37895924882795, 17.972946816971774 59.378976600709535)",false
581,593,1225859,Gesällvägen,"LINESTRING (17.972120467085603 59.378780015291284, 17.97227539493653 59.37877744286094, 17.972360419374677 59.37876898954496, 17.972439323155655 59.37875077322293)",false
582,594,1225874,Ursviksvägen,"LINESTRING (17.97243282470013 59.37890863358351, 17.972416828201464 59.37884703128133, 17.972422438926177 59.378790642399615, 17.972439323155655 59.37875077322293)",false
583,595,1225858,Gesällvägen,"LINESTRING (17.97210288352591 59.37878030653062, 17.972120467085603 59.378780015291284)",false
584,596,1225857,Gesällvägen,"LINESTRING (17.972079618261 59.37878069315055, 17.97210288352591 59.37878030653062)",false
585,597,1225861,Gesällvägen,"LINESTRING (17.972115841866636 59.37886727353763, 17.97208746442457 59.37886627605336)",false
586,598,1225860,Gesällvägen,"LINESTRING (17.97243282470013 59.37890863358351, 17.97228781525404 59.378885691837056, 17.972145936314384 59.37886833071662, 17.972115841866636 59.37886727353763)",false
587,599,1225873,Ursviksvägen,"LINESTRING (17.972551988225284 59.378984336848234, 17.972506583059914 59.37895694062362, 17.97243282470013 59.37890863358351)",false
588,600,1226013,Ursviksvägen,"LINESTRING (17.972946816971774 59.378976600709535, 17.972834074199966 59.37906168056293, 17.972684421687692 59.37920129291674, 17.97257398681873 59.37932380024382, 17.972492968118775 59.379401938149975, 17.97233895962805 59.37951557218871, 17.972186147779663 59.37960587821557, 17.97201116681497 59.379685573832965, 17.97179589663399 59.37976594498176, 17.97142698925343 59.379880575520076)",false
589,601,1225872,Ursviksvägen,"LINESTRING (17.972946816971774 59.378976600709535, 17.9728652995502 59.37899554189454, 17.972799076026867 59.3790025064754, 17.972714273851512 59.379006264342244, 17.972631183380877 59.379000610790044, 17.972551988225284 59.378984336848234)",false
590,602,1225959,Ursviksvägen,"LINESTRING (17.972524257213294 59.379134018896124, 17.972551988225284 59.378984336848234)",false
591,603,3926718,,"LINESTRING (17.976057726064834 59.376528864030995, 17.976412923410592 59.37668803722901, 17.976451740785546 59.376698140774714)",false
592,604,3926719,,"LINESTRING (17.976451740785546 59.376698140774714, 17.976490954260882 59.37670834309667, 17.976574489574414 59.376713301025546, 17.976643835954306 59.376704052594995, 17.97671778965202 59.37667728054414)",false
593,605,3926720,,"LINESTRING (17.97671778965202 59.37667728054414, 17.976788075365285 59.376645189849675)",false
594,606,3926721,,"LINESTRING (17.974221000522242 59.37711249980338, 17.97465122344471 59.37705354846978, 17.974814721230963 59.37702188033518, 17.974953709768652 59.376990861165865, 17.975093644973423 59.376957385047525, 17.975236306039818 59.37691623546293, 17.975388448115485 59.37686431981678, 17.975529991889257 59.376804405774585, 17.975614492980778 59.37676628159296)",false
595,607,3926722,,"LINESTRING (17.975614492980778 59.37676628159296, 17.975659344556576 59.37674604585121, 17.975756834200656 59.37669906148157, 17.976057726064834 59.376528864030995)",false
596,608,1225852,Gesällvägen,"LINESTRING (17.970896158739567 59.37817131108045, 17.970914709534288 59.378254888825, 17.970926839628916 59.37828100407632)",false
597,609,1225853,Gesällvägen,"LINESTRING (17.970926839628916 59.37828100407632, 17.970967746060918 59.37836909548705, 17.971061692789647 59.37846982543483, 17.97118204914234 59.37858596636035, 17.97130888375695 59.37873103801534)",false
598,610,1095072,Gesällvägen,"LINESTRING (17.96415065950054 59.37865547628861, 17.963966677854778 59.378593532030365)",false
599,611,1095071,Gesällvägen,"LINESTRING (17.971497778802647 59.37890908419429, 17.97134803637225 59.37922193679944, 17.971188931539483 59.37941197615638, 17.97097049392447 59.37954831062091, 17.97074879280075 59.37964295245279, 17.970452336248933 59.379725989028884, 17.970160495629294 59.379789339409385, 17.96982873621639 59.379859816731454, 17.969512280297707 59.37989789181994, 17.96918339349902 59.3799150694188, 17.96894484733006 59.379917285098394, 17.968706779745983 59.37990262286721, 17.968379035946924 59.37983158457513, 17.965486536541658 59.37938393807352, 17.964571457212028 59.37928525530295, 17.96449940728501 59.379249125913674, 17.96438142544099 59.37875624493839, 17.964367377274883 59.378724646432666, 17.964325137121108 59.37871223587055, 17.964275095194186 59.37869619266559, 17.96415065950054 59.37865547628861)",false
600,612,1225854,Gesällvägen,"LINESTRING (17.97130888375695 59.37873103801534, 17.97134344590262 59.37877057914956, 17.971462042453517 59.378823948273826)",false
601,613,1225856,Gesällvägen,"LINESTRING (17.971462042453517 59.378823948273826, 17.971514234036615 59.37878866603356, 17.971646405121366 59.378783658476436, 17.972079618261 59.37878069315055)",false
602,614,1225862,Gesällvägen,"LINESTRING (17.97208746442457 59.37886627605336, 17.971982709202255 59.378862589691316, 17.971797870169297 59.378864251301344, 17.971560890550926 59.37887100102668, 17.971462042453517 59.378823948273826)",false
603,615,1225855,Gesällvägen,"LINESTRING (17.971462042453517 59.378823948273826, 17.971497778802647 59.37890908419429)",false
604,616,3699098,Enköpingsvägen,"LINESTRING (17.956033391522087 59.37963700080436, 17.95616028682357 59.37962414021953, 17.956573216240457 59.379587558202786, 17.95700115419157 59.37955183855763, 17.957453584818936 59.3795154720229, 17.95785538327188 59.37948941825406, 17.958261590106698 59.37946545576105, 17.958670630961073 59.379443907780974, 17.95906296293695 59.37942887511634, 17.95947448862943 59.37941381891078, 17.959893204946876 59.379402462078296, 17.96031264004859 59.37939490657797, 17.960739655957934 59.37938885792484, 17.96116108388664 59.379387796160785, 17.961574130903713 59.379388774514, 17.96199645652153 59.37939396181095, 17.962428459954562 59.37940934248625, 17.96285039890167 59.37942542671792, 17.963259245164263 59.37944605751209, 17.963671195459323 59.37947399389386, 17.964089918960088 59.379508092079156, 17.96453081443095 59.379547013400604, 17.96493564238187 59.379589754804336, 17.96535424441105 59.37963936140809, 17.9657703064418 59.37969172922582, 17.966189964981535 59.379750573622246, 17.966542249185547 59.37980665451672, 17.966941545432302 59.379872879021704, 17.967373080283696 59.37995168567692, 17.967738535169353 59.380022793594456, 17.968138171699525 59.38010372569333, 17.968536621911074 59.38019120738499, 17.96909388723893 59.38032087237519, 17.969698559611437 59.38047298932449)",false
605,617,3699083,Enköpingsvägen,"LINESTRING (17.969487991626593 59.38056092336848, 17.968785767422588 59.38038826554232, 17.968338047933678 59.3802797650459, 17.967971313342858 59.38019588295093, 17.96763215777072 59.38012707945924, 17.96724585274884 59.3800551967377, 17.966840104505515 59.37997926240492, 17.96643327797629 59.37991232829717, 17.96602724901262 59.379849463387146, 17.965631230256324 59.379793513324124, 17.9652355242368 59.379742739832686, 17.96482400528881 59.3796952002573, 17.964412336267255 59.37965419556479, 17.963988583385614 59.37961637574729, 17.963570913998073 59.37958226224246, 17.963113573922946 59.37955366782105, 17.96268870846696 59.37953272664915, 17.962263741339235 59.379519693999384, 17.96182404993583 59.37950986996936, 17.961406885625536 59.37950188705591, 17.960997169161413 59.379502764475156, 17.960577981190127 59.37950569780152, 17.960155099822934 59.379509495411774, 17.959744371664385 59.3795201774926, 17.959307581081863 59.37953209685635, 17.958928123427796 59.3795485633331, 17.958488505047903 59.3795670409149, 17.958062119554775 59.37959267503974, 17.957648618880487 59.37961945319134, 17.957246405926007 59.3796482474062, 17.956848075499654 59.379679162838485, 17.956550395352824 59.37970687798595, 17.956237804366715 59.37973608074919)",false
606,618,3699097,Enköpingsvägen,"LINESTRING (17.95534748524146 59.379710968340035, 17.955729622084146 59.37966779950649, 17.956033391522087 59.37963700080436)",false
607,619,3699096,Enköpingsvägen,"LINESTRING (17.95448632532147 59.37981546615749, 17.95475408121912 59.37978162268504, 17.95534748524146 59.379710968340035)",false
608,620,3699084,Enköpingsvägen,"LINESTRING (17.956237804366715 59.37973608074919, 17.956096724450273 59.37974926303182, 17.95576628148286 59.37978238290932, 17.955561306476003 59.37980473297088)",false
609,621,1151555,,"LINESTRING (17.956237804366715 59.37973608074919, 17.955994505768945 59.379811911885305, 17.955815054188054 59.379831607001115, 17.95564048985943 59.379850598001184, 17.955474699181593 59.37986861708516, 17.955349628283646 59.37988221739871, 17.95527758439319 59.3798909583349, 17.955153282592867 59.37990975282769, 17.95497534781958 59.379938182598, 17.954878535547795 59.3799638389799, 17.954866410986966 59.379967691954256)",false
610,622,3699095,Enköpingsvägen,"LINESTRING (17.954187753019855 59.37985319734731, 17.95448632532147 59.37981546615749)",false
611,623,3699085,Enköpingsvägen,"LINESTRING (17.955561306476003 59.37980473297088, 17.955544101590952 59.37980660837322)",false
612,624,3699086,Enköpingsvägen,"LINESTRING (17.955544101590952 59.37980660837322, 17.955382461177063 59.379824233127295)",false
613,625,3699087,Enköpingsvägen,"LINESTRING (17.955382461177063 59.379824233127295, 17.954543596603184 59.379927947308374)",false
614,626,3699088,Enköpingsvägen,"LINESTRING (17.954543596603184 59.379927947308374, 17.95428340086168 59.379960648538514, 17.95423629476916 59.37996676602742)",false
615,627,1151558,Milstensvägen,"LINESTRING (17.95423629476916 59.37996676602742, 17.95437841203524 59.38037357062794)",false
616,628,1151556,,"LINESTRING (17.954866410986966 59.379967691954256, 17.95480643950154 59.379986751546504, 17.954737580780147 59.380013472596254, 17.954679621001926 59.38004077330139, 17.954651900903514 59.380051294968844)",false
617,629,1151557,,"LINESTRING (17.954651900903514 59.380051294968844, 17.954614477186645 59.38007840879154, 17.95457712568 59.3801053412487, 17.954532892620865 59.3801396093528, 17.95449503567 59.38017813602034, 17.9544665297551 59.38021827489659, 17.954439622869906 59.38028487684773, 17.95437841203524 59.38037357062794)",false
618,630,1226014,Ursviksvägen,"LINESTRING (17.97142698925343 59.379880575520076, 17.971411961650947 59.37988524475682)",false
619,631,1151559,Milstensvägen,"LINESTRING (17.95437841203524 59.38037357062794, 17.95443306358443 59.380529998162025)",false
620,632,1151560,Milstensvägen,"LINESTRING (17.95443306358443 59.380529998162025, 17.95444746797904 59.3805712493398)",false
621,633,3699099,Enköpingsvägen,"LINESTRING (17.969698559611437 59.38047298932449, 17.969821594494668 59.38050559125306)",false
622,634,3699100,Enköpingsvägen,"LINESTRING (17.969821594494668 59.38050559125306, 17.969887985774935 59.38052063095049)",false
623,635,4025558,,"LINESTRING (17.96390863321747 59.39920017449336, 17.963880792539186 59.39906128068481)",false
624,636,3657959,Tritonvägen,"LINESTRING (17.971354624912635 59.35637106383083, 17.971045178666074 59.356398818568)",false
625,637,3715672,Trädgårdsgatan,"LINESTRING (17.97086500282734 59.35713351497698, 17.970741644953385 59.357120909106555, 17.97058495394943 59.35710279257746, 17.97033490473193 59.357065012945256, 17.970062823310514 59.35701920193491, 17.969898837388037 59.357003089381045, 17.969776043028425 59.35699325540988, 17.969628257629804 59.356983745514434, 17.969487709949068 59.35697796862931, 17.96877876175835 59.356953738847494, 17.96815282057451 59.356930069555034, 17.9680586065279 59.35692470408707, 17.967879924387987 59.356911748917)",false
626,638,3715684,,"LINESTRING (17.967879924387987 59.356911748917, 17.96788542589365 59.35686364138457, 17.96790474455336 59.35682026656796, 17.967937246701638 59.35678295353581, 17.967984874635466 59.356739688764804, 17.968044901830712 59.356707409938316, 17.968125241750062 59.35667536932608, 17.96821969282118 59.356646916129115, 17.96832337626066 59.35662160431953, 17.968434168549795 59.35659889816133, 17.96856533989034 59.35657779443364, 17.9687050512338 59.35655654094788, 17.96884653704218 59.35653827514674, 17.96901281011482 59.35652372175428, 17.969166958278343 59.3565117987324, 17.96946743126915 59.356500333328185, 17.969647259131143 59.356498104485944, 17.969772272026933 59.35649917341802, 17.96989790263382 59.35650187258116, 17.97005508178515 59.356504894948294, 17.970213322340268 59.356508180483964, 17.970450787433297 59.356514602212386)",false
627,639,3657964,Stamgårdsparken,"LINESTRING (17.972219106871737 59.35721878984832, 17.972386343648107 59.356527346362896)",false
628,640,3657965,Tritonvägen,"LINESTRING (17.972386343648107 59.356527346362896, 17.973302160548393 59.356577167724666)",false
629,641,3657966,Stamgårdsparken,"LINESTRING (17.973302160548393 59.356577167724666, 17.9732802155363 59.35669859883983)",false
630,642,3657967,Stamgårdsparken,"LINESTRING (17.9732802155363 59.35669859883983, 17.973278600798263 59.35670753717807)",false
631,643,3657968,Stamgårdsparken,"LINESTRING (17.973278600798263 59.35670753717807, 17.97323916494552 59.356925748106015, 17.97315585283304 59.35726843618233)",false
632,644,3657970,Trädgårdsgatan,"LINESTRING (17.97086500282734 59.35713351497698, 17.971378375368673 59.357165845880054)",false
633,645,3657971,Trädgårdsgatan,"LINESTRING (17.971378375368673 59.357165845880054, 17.971395824722798 59.357166945063796)",false
634,646,3657972,Trädgårdsgatan,"LINESTRING (17.971395824722798 59.357166945063796, 17.972219106871737 59.35721878984832)",false
635,647,3657973,Trädgårdsgatan,"LINESTRING (17.972219106871737 59.35721878984832, 17.97315585283304 59.35726843618233)",false
636,648,3715685,Albygatan,"LINESTRING (17.971045178666074 59.356398818568, 17.970976880361224 59.3566880520709, 17.97086500282734 59.35713351497698)",false
637,649,3657963,Tritonvägen,"LINESTRING (17.972386343648107 59.356527346362896, 17.971639431708386 59.356488190101324)",false
638,650,3657969,Tritonvägen,"LINESTRING (17.97539689033658 59.356711742348445, 17.973302160548393 59.356577167724666)",false
639,652,3713346,Landsvägen,"LINESTRING (17.97503841124976 59.357391586869106, 17.975054413001498 59.35735135439817, 17.97511044885134 59.35725776761373, 17.975150568007873 59.35720620943919, 17.97521694302895 59.357137338792064, 17.975249978858425 59.35711052702054)",false
640,653,3713347,Landsvägen,"LINESTRING (17.975249978858425 59.35711052702054, 17.975259341632512 59.35710292858305)",false
641,654,3713348,Landsvägen,"LINESTRING (17.975259341632512 59.35710292858305, 17.975265097589862 59.357098256554174, 17.975308346754478 59.35705979400406, 17.97538878578896 59.35700427520309, 17.975487497945362 59.356945318028096, 17.975593190491434 59.356888700380004, 17.97574944032798 59.35680531633027)",false
642,655,3465265,Tritonvägen,"LINESTRING (17.97543771634518 59.356717697916984, 17.97539689033658 59.356711742348445)",false
643,656,3465264,Tritonvägen,"LINESTRING (17.975454600389412 59.356720160054955, 17.97543771634518 59.356717697916984)",false
644,657,3465263,Tritonvägen,"LINESTRING (17.975700450035365 59.35677830714538, 17.975615570496874 59.35675181373434, 17.975507365244827 59.35672785675513, 17.975454600389412 59.356720160054955)",false
645,658,3715676,Tritonvägen,"LINESTRING (17.97574944032798 59.35680531633027, 17.975700450035365 59.35677830714538)",false
646,659,3715675,Röntgenvägen,"LINESTRING (17.975793643982996 59.356828652608485, 17.97574944032798 59.35680531633027)",false
647,660,3713349,Landsvägen,"LINESTRING (17.97574944032798 59.35680531633027, 17.97584887938495 59.35670050481168)",false
648,661,3713351,Landsvägen,"LINESTRING (17.97592515335556 59.35675352349963, 17.97574944032798 59.35680531633027)",false
649,662,3715669,Röntgenvägen,"LINESTRING (17.975793643982996 59.356828652608485, 17.97591409210038 59.35688662473969)",false
650,663,3647530,Hamngatan,"LINESTRING (17.96404247830311 59.35850906962199, 17.96412815541121 59.35843059674488)",false
651,664,3647531,Hamngatan,"LINESTRING (17.96412815541121 59.35843059674488, 17.964141159945864 59.35841867316216, 17.96422788516106 59.35834999798975, 17.964313254418638 59.35829442812134, 17.96440486470747 59.35824503333077, 17.96451934020449 59.35819446235074, 17.964668896065564 59.358140909620644, 17.965092999393026 59.357971068521884, 17.965251085826658 59.35789850176191)",false
652,665,3715673,Trädgårdsgatan,"LINESTRING (17.967879924387987 59.356911748917, 17.96776842309822 59.356912897280225, 17.967632656139504 59.35692325790465, 17.967506311324673 59.356942114796006, 17.967386043617825 59.356970040174666, 17.96726135176717 59.357001679424044, 17.967144799206856 59.35704409607123, 17.967031081461943 59.35708975489104, 17.96692389098515 59.357137205960164, 17.96684748624219 59.35717654534188, 17.96677621733801 59.35721806635478, 17.96672228399695 59.35725630368877, 17.966578517418544 59.35734700974722, 17.96649227866095 59.35742359213674, 17.96640907600481 59.357497661176275, 17.966352548536527 59.35757106005308, 17.966295989841704 59.35764390248396, 17.966265185408155 59.35771036273758, 17.96623760110245 59.357785484014066, 17.966230492163785 59.357854837525295, 17.96624725012787 59.35793065680941, 17.966271560211784 59.35799843251108, 17.966299347702787 59.35804127036524, 17.966320101076548 59.35806200387713, 17.966364208959018 59.35808208356602, 17.96645961426841 59.358111477635674, 17.966536576018072 59.358146648904494)",false
653,666,3465259,Humblegatan,"LINESTRING (17.970118699042203 59.357998528342634, 17.969985787900836 59.35800356949581, 17.969823492726437 59.35801317197483, 17.96967771204925 59.35802223616747, 17.96955733085712 59.358036364586596, 17.969452092750274 59.35805379613011, 17.969359045429986 59.3580784081466, 17.969259355223862 59.35810857200676, 17.969184285310604 59.35814817618894, 17.969122909694594 59.35819383935142, 17.969040723536857 59.35826680864927, 17.968634072692666 59.358605165060396, 17.968052866513872 59.35907079184271, 17.967763743580235 59.35929533124843)",false
654,667,3465258,Humblegatan,"LINESTRING (17.97013623215312 59.35799786364701, 17.970118699042203 59.357998528342634)",false
655,668,3465257,Humblegatan,"LINESTRING (17.970688394555644 59.357992452079024, 17.97037718996171 59.35799425321788, 17.970167468946492 59.35799667903934, 17.97013623215312 59.35799786364701)",false
656,669,3465256,Albygatan,"LINESTRING (17.970633588123512 59.35819761964167, 17.970579136531658 59.35840145814326, 17.970532919393634 59.358630916557836, 17.97052847458937 59.35871795694901, 17.97052787367991 59.35877086195234, 17.970534326600934 59.358870818351534)",false
657,670,3465255,Albygatan,"LINESTRING (17.970635953805445 59.35818876667076, 17.970633588123512 59.35819761964167)",false
658,671,3465254,Albygatan,"LINESTRING (17.970688394555644 59.357992452079024, 17.970635953805445 59.35818876667076)",false
659,672,3465197,Gjuteribacken,"LINESTRING (17.97107501471762 59.3596503975408, 17.970828845374076 59.35978660327286)",false
660,674,1088835,Landsvägen,"LINESTRING (17.974724352573862 59.35842260498659, 17.97480116036338 59.35833236685563)",false
661,675,1088836,Landsvägen,"LINESTRING (17.97480116036338 59.35833236685563, 17.974860374882564 59.35827376551843)",false
662,676,3713779,Landsvägen,"LINESTRING (17.974860374882564 59.35827376551843, 17.974815183024287 59.35825232324446, 17.974790997160838 59.35821852199358, 17.974789413621203 59.358178130271966, 17.97482334776803 59.35813774548828, 17.974879874471227 59.35811055753609, 17.974948950763885 59.35810606827621)",false
663,677,1088839,Landsvägen,"LINESTRING (17.97513327162135 59.35820952212682, 17.97511387351841 59.35824084077674, 17.97506702722443 59.35826803247945, 17.975004065347314 59.35828203224253, 17.97493301810557 59.35828449884895, 17.974860374882564 59.35827376551843)",false
664,678,3713775,Landsvägen,"LINESTRING (17.97494496609567 59.358043908044415, 17.974948950763885 59.35810606827621)",false
665,679,3713780,Landsvägen,"LINESTRING (17.974948950763885 59.35810606827621, 17.975018715199713 59.358106462419855, 17.975068751940043 59.35812213285508, 17.97511393663944 59.35814851748775, 17.975136521209976 59.35818231929686, 17.97513327162135 59.35820952212682)",false
666,680,3713774,Landsvägen,"LINESTRING (17.97495682558941 59.35774884990002, 17.97494496609567 59.358043908044415)",false
667,681,3713344,Landsvägen,"LINESTRING (17.97495682558941 59.35774884990002, 17.975010287059227 59.357508713159696)",false
668,682,3713345,Landsvägen,"LINESTRING (17.975010287059227 59.357508713159696, 17.97503841124976 59.357391586869106)",false
669,683,3715674,Trädgårdsgatan,"LINESTRING (17.966536576018072 59.358146648904494, 17.966587751031494 59.358172719415954, 17.96663411595118 59.358193307461256, 17.966729510227662 59.35822510802586, 17.966908636364515 59.35827005637699, 17.967002792627554 59.358301964010074, 17.96709646487564 59.35834658422069, 17.967150705688038 59.358393882289526, 17.96724558041373 59.35842832630167, 17.96747106300129 59.35848746842549)",false
670,685,3715703,Albygatan,"LINESTRING (17.970688394555644 59.357992452079024, 17.97086500282734 59.35713351497698)",false
671,686,1088837,Cirkusgränd,"LINESTRING (17.97513327162135 59.35820952212682, 17.975227672619713 59.35822231057316)",false
672,687,1088838,Cirkusgränd,"LINESTRING (17.975227672619713 59.35822231057316, 17.975341916090027 59.35823779100537, 17.97542907870093 59.358264187584375)",false
673,688,1095075,Landsvägen,"LINESTRING (17.96382264606123 59.36100632431798, 17.963723181534945 59.36101239632862, 17.96342405721467 59.361073482373165)",false
674,691,1095078,Gjuteribacken,"LINESTRING (17.970628878840028 59.36062039314356, 17.970685244334664 59.36066694950577)",false
675,692,1095077,Landsvägen,"LINESTRING (17.970685244334664 59.36066694950577, 17.97071623682998 59.36059425659091)",false
676,693,1095076,Landsvägen,"LINESTRING (17.970782744679124 59.36066239061582, 17.970685244334664 59.36066694950577)",false
677,694,1309604,Tulegatan,"LINESTRING (17.973387515716762 59.365130552973426, 17.973557130986496 59.36510766903263, 17.97379865524538 59.36506204512347)",false
678,695,1309603,Tulegatan,"LINESTRING (17.97385229518805 59.365112921797575, 17.973653608279452 59.36519823888312, 17.97350354492162 59.36530670841766)",false
679,696,1309605,Tulegatan,"LINESTRING (17.97379865524538 59.36506204512347, 17.97381773864886 59.3650584376558, 17.97405739559872 59.36499732812696, 17.97502253082499 59.36468465478663)",false
680,697,1309602,Tulegatan,"LINESTRING (17.975067890620142 59.36471631300349, 17.9738595569837 59.36510980870918, 17.97385229518805 59.365112921797575)",false
681,698,1309606,Tulegatan,"LINESTRING (17.97502253082499 59.36468465478663, 17.975371666132453 59.364571542737785)",false
682,699,1309607,Tulegatan,"LINESTRING (17.975371666132453 59.364571542737785, 17.97541283562184 59.36455820403303, 17.975714161777216 59.36446326210246, 17.975838914456073 59.36440497029976, 17.97584573131045 59.36439497501895)",false
683,700,1309601,Tulegatan,"LINESTRING (17.97594803406504 59.36447242550484, 17.975862528419825 59.36447778356298, 17.975755967173423 59.36449597801354, 17.97564549537536 59.364528207875715, 17.975411391361853 59.36460444822276)",false
684,701,1309457,Tulegatan,"LINESTRING (17.97594803406504 59.36447242550484, 17.975892283515442 59.364454540401596, 17.97585587846931 59.364428611434796, 17.97584573131045 59.36439497501895)",false
685,702,1309458,Tulegatan,"LINESTRING (17.97584573131045 59.36439497501895, 17.975861027927927 59.364375278967536, 17.97588431059777 59.36435390889677, 17.97591804577182 59.36433550814472, 17.97597070588449 59.36432455594739, 17.97605797353543 59.36433047090965)",false
686,703,1309456,Tulegatan,"LINESTRING (17.9760966299837 59.36446545601918, 17.976068073400384 59.36447244320599, 17.97600572931628 59.36447433406127, 17.97594803406504 59.36447242550484)",false
687,704,1309459,Tulegatan,"LINESTRING (17.97605797353543 59.36433047090965, 17.976093115490333 59.36433535657124, 17.976115693907413 59.36434271270227, 17.976146374621273 59.364363380734545, 17.97615840355224 59.36437650412765, 17.976167203450615 59.36440761927425)",false
688,705,1309455,Tulegatan,"LINESTRING (17.976167203450615 59.36440761927425, 17.97614791683664 59.364434613221896, 17.976131363097373 59.364450608839114, 17.9760966299837 59.36446545601918)",false
689,706,3464830,Tulegatan,"LINESTRING (17.975411391361853 59.36460444822276, 17.975270745560806 59.36465025068303)",false
690,707,3464831,Tulegatan,"LINESTRING (17.975270745560806 59.36465025068303, 17.975255920428147 59.36465507940144)",false
691,708,3464832,Tulegatan,"LINESTRING (17.975255920428147 59.36465507940144, 17.975067890620142 59.36471631300349)",false
692,712,3830764,Järnvägsgatan,"LINESTRING (17.973976901317613 59.360383514748726, 17.973678551834595 59.36047223255972)",false
693,713,3897574,,"LINESTRING (17.97447180935685 59.36114155587716, 17.974853022173946 59.36103205454382, 17.97499191957662 59.360997180509095, 17.975088670355127 59.36096241480938, 17.975167872241016 59.360929297813875, 17.97527577923747 59.36089695150497)",false
694,714,3715663,Mariagatan,"LINESTRING (17.97791522935539 59.36311502789385, 17.977324019994303 59.36261979173783)",false
695,715,3715664,Vintergatan,"LINESTRING (17.977324019994303 59.36261979173783, 17.976801372973867 59.3627865705413, 17.976074604359322 59.36302167139094)",false
696,716,3715665,Mariagatan,"LINESTRING (17.977324019994303 59.36261979173783, 17.976770365818496 59.36217061738278, 17.976748979203315 59.36215326602266, 17.976730300616172 59.36213811277802, 17.976713417026186 59.362109497983724, 17.976730345758533 59.36207180785687, 17.976780219185326 59.362047780533956, 17.976838309523316 59.362029179040796, 17.977510201226565 59.361814024403294, 17.97755075163915 59.36180103966907)",false
697,717,3715666,Vintergatan,"LINESTRING (17.97916984887591 59.36186603592601, 17.979184716817446 59.36189833852695, 17.97915489818427 59.36196768564459, 17.979098137624383 59.36201044356194, 17.979031427013854 59.362060694060276, 17.978938789850663 59.362098802213126, 17.978633926009508 59.362197166726354, 17.97831302248459 59.3623007045491, 17.97803795926857 59.36238945092752, 17.97784077549588 59.36245306989175, 17.977324019994303 59.36261979173783)",false
698,718,3713751,Vintergatan,"LINESTRING (17.97755075163915 59.36180103966907, 17.977659431329332 59.36176623674573, 17.978845256691837 59.36180499586254, 17.978924054651507 59.36180757091957, 17.979050777306572 59.361818990735735, 17.97915311862902 59.36183800739358, 17.97916984887591 59.36186603592601)",false
699,719,569482,Milstensvägen,"LINESTRING (17.95444746797904 59.3805712493398, 17.954494991704046 59.38081755326142, 17.95450654129319 59.381006066591205, 17.95451807346521 59.38119458031249, 17.95452159675355 59.382033573571135, 17.95452262488136 59.382282287982086)",false
700,720,376108,Brännarvägen,"LINESTRING (17.947807382602115 59.38163676976625, 17.948358321720765 59.38194792800246)",false
701,721,376109,Brännarvägen,"LINESTRING (17.948358321720765 59.38194792800246, 17.948769075438168 59.38218732175895)",false
702,722,376110,Forskningsringen,"LINESTRING (17.948769075438168 59.38218732175895, 17.948456111568923 59.38240677104694, 17.9482547281307 59.382681664061444, 17.948199407121887 59.38302186984673, 17.94825077503026 59.38327356979646, 17.948405774722428 59.38347352213542)",false
703,723,569483,Milstensvägen,"LINESTRING (17.95452262488136 59.382282287982086, 17.95456563592764 59.38249249907486, 17.954608630748613 59.382702719509794, 17.954667653103915 59.38299122100017, 17.954727354616104 59.38310140057769, 17.954845558527776 59.38331950442984, 17.954950700489405 59.38357529440981)",false
704,724,376111,Forskningsringen,"LINESTRING (17.948405774722428 59.38347352213542, 17.948628797688862 59.383662114440796, 17.948827564123054 59.38378233360698, 17.94917397650049 59.383948266622106)",false
705,725,738953,Forskningsringen,"LINESTRING (17.954950700489405 59.38357529440981, 17.954652376407527 59.383610181010035)",false
706,726,569484,Milstensvägen,"LINESTRING (17.954950700489405 59.38357529440981, 17.955260184803663 59.383955975085165)",false
707,727,738954,Forskningsringen,"LINESTRING (17.954652376407527 59.383610181010035, 17.954588771563866 59.383617624938736, 17.954433380050247 59.3836234016417, 17.95417315049519 59.383650172316834, 17.95381111191142 59.383687417147435, 17.95339804618254 59.38372991438434, 17.953296910710172 59.3837446866136, 17.95323962516869 59.38376302136935)",false
708,728,738955,Backstugevägen,"LINESTRING (17.95323962516869 59.38376302136935, 17.953370043233072 59.38400639657238, 17.9535249205931 59.384262229122605, 17.95359858608633 59.38438391824794, 17.953683580988713 59.384487837245935, 17.95380131689851 59.384631783305636, 17.953890726626202 59.384718618893906, 17.95401292401383 59.38483731228673)",false
709,729,738961,Forskningsringen,"LINESTRING (17.94917397650049 59.383948266622106, 17.949452504325194 59.38403063849721, 17.949674622679012 59.38408976360088, 17.949912831259436 59.38412933053387)",false
710,730,738951,Ursviksvägen,"LINESTRING (17.95702135345013 59.383856189394855, 17.956921260394342 59.38389827583496, 17.956798155065975 59.38391195854746, 17.956672360320145 59.38390852114495, 17.95636318833466 59.38387895039274, 17.956049238053417 59.383869130358164, 17.95581301559859 59.38387852048617, 17.955611912063166 59.38390265064679, 17.955344740141488 59.38394315866099)",false
711,731,738952,Ursviksvägen,"LINESTRING (17.955344740141488 59.38394315866099, 17.955260184803663 59.383955975085165)",false
712,732,569485,Milstensvägen,"LINESTRING (17.955260184803663 59.383955975085165, 17.955565229602264 59.384367101017624)",false
713,733,738962,Forskningsringen,"LINESTRING (17.949912831259436 59.38412933053387, 17.950100313089436 59.38414093067436, 17.95034982610209 59.384142563389815, 17.950482725096087 59.38414343792756, 17.95072402532344 59.38414501315883, 17.950932626302563 59.38413170163276, 17.951201375751754 59.38409285639687, 17.951407869916828 59.384060389028114)",false
714,734,738934,Skattetorpsvägen,"LINESTRING (17.951407869916828 59.384060389028114, 17.951449928618022 59.38438560535144, 17.951460007585037 59.38441562356825, 17.951476844943606 59.384465832760554, 17.951519724603166 59.38459371019947, 17.951569687980115 59.384742678805814)",false
715,735,738938,Gårdsstigen,"LINESTRING (17.949912831259436 59.38412933053387, 17.949397417118224 59.38494389368153)",false
716,736,569486,Milstensvägen,"LINESTRING (17.955565229602264 59.384367101017624, 17.9556116346471 59.384408480347034)",false
717,737,738963,Marieborgsgatan,"LINESTRING (17.955565229602264 59.384367101017624, 17.955258872884766 59.38445989619134)",false
718,738,569487,Milstensvägen,"LINESTRING (17.9556116346471 59.384408480347034, 17.95658411954106 59.38527557462615)",false
719,739,738964,Marieborgsgatan,"LINESTRING (17.955258872884766 59.38445989619134, 17.95476199998938 59.384610408529134)",false
720,740,738965,Marieborgsgatan,"LINESTRING (17.95476199998938 59.384610408529134, 17.954746869054524 59.38461499185424)",false
721,741,738935,Skattetorpsvägen,"LINESTRING (17.951569687980115 59.384742678805814, 17.951405033094687 59.384781343046726, 17.95127923553836 59.38485425322131)",false
722,742,738937,Skattetorpsvägen,"LINESTRING (17.951569687980115 59.384742678805814, 17.951740647512572 59.384991751321046, 17.95151042401944 59.38499001699951, 17.95127923553836 59.38485425322131)",false
723,743,738936,Skattetorpsvägen,"LINESTRING (17.95127923553836 59.38485425322131, 17.950190518611695 59.385288951950244)",false
724,744,738957,Kronogårdsvägen,"LINESTRING (17.950190518611695 59.385288951950244, 17.949949942049678 59.38515923009908, 17.949761094559086 59.38505741573881, 17.949397417118224 59.38494389368153)",false
725,745,738956,Kronogårdsvägen,"LINESTRING (17.95100925764013 59.3859322676816, 17.95056636526791 59.38558874265342, 17.950190518611695 59.385288951950244)",false
726,746,569488,Milstensvägen,"LINESTRING (17.95658411954106 59.38527557462615, 17.957194871968017 59.385820105982376)",false
727,747,586294,Marieborgsgatan,"LINESTRING (17.94965481312539 59.38639279786869, 17.94932701987115 59.38654272820849)",false
728,748,590992,Naturstigen,"LINESTRING (17.949409764354833 59.3865953107405, 17.94932701987115 59.38654272820849)",false
729,749,586295,Marieborgsgatan,"LINESTRING (17.94932701987115 59.38654272820849, 17.949039154376173 59.38667439399383)",false
730,750,590991,Naturstigen,"LINESTRING (17.94953651082417 59.38667585922638, 17.949409764354833 59.3865953107405)",false
731,751,586296,Solvändan,"LINESTRING (17.949005286663017 59.387076773022784, 17.948889804595403 59.38699429790119)",false
732,752,738966,Marieborgsgatan,"LINESTRING (17.954746869054524 59.38461499185424, 17.95401292401383 59.38483731228673)",false
733,753,738967,Marieborgsgatan,"LINESTRING (17.95401292401383 59.38483731228673, 17.953409721947747 59.38504253762811, 17.952794025552016 59.385272268883526, 17.952331276770778 59.38545476392007)",false
734,754,738968,Marieborgsgatan,"LINESTRING (17.952331276770778 59.38545476392007, 17.952195600266233 59.38550827355384)",false
735,755,738969,Marieborgsgatan,"LINESTRING (17.952195600266233 59.38550827355384, 17.951702148711913 59.38567928559335, 17.95100925764013 59.3859322676816)",false
736,756,738970,Marieborgsgatan,"LINESTRING (17.95100925764013 59.3859322676816, 17.949793549440788 59.38634562867916)",false
737,757,738971,Marieborgsgatan,"LINESTRING (17.949793549440788 59.38634562867916, 17.94965481312539 59.38639279786869)",false
738,758,658594,Madenvägen,"LINESTRING (17.950332833956224 59.378886406161406, 17.951027467788247 59.37877921740387, 17.951347685474445 59.378776416605774, 17.951630499250275 59.37878557737281, 17.951952714667833 59.37880939089824, 17.952250681582097 59.378854069775564, 17.952575526171962 59.37891922908156, 17.952782144380517 59.37896447493433, 17.952999263298253 59.37899640818857, 17.95331614982929 59.3790237087881, 17.953562246176734 59.379049242711716)",false
739,759,658600,Madenvägen,"LINESTRING (17.953904214905023 59.37915732268589, 17.953857894444035 59.379174681541826, 17.953776625580552 59.37918486174258, 17.9536939257646 59.37917839654805, 17.953653749159102 59.37916598075372, 17.953622367480374 59.379156277112955, 17.953572845402018 59.379121868952566, 17.953552894158307 59.3790804018979, 17.953562246176734 59.379049242711716)",false
740,760,658595,Madenvägen,"LINESTRING (17.953562246176734 59.379049242711716, 17.953565565108146 59.3790382047668, 17.953608915621505 59.3790016925369, 17.953631956285133 59.37899305629962, 17.953676349828157 59.37897642410388, 17.95375760065042 59.378966244367284, 17.953807692348974 59.378968344353616, 17.953850325124826 59.37897579816533)",false
741,761,658596,Madenvägen,"LINESTRING (17.953850325124826 59.37897579816533, 17.953911875567368 59.378994828445364, 17.95396139779618 59.37902923647634, 17.953979497279764 59.379066620921364, 17.953979629745113 59.379076439470694)",false
742,762,663736,Östra Madenvägen,"LINESTRING (17.95975877737709 59.37865660315609, 17.959750636798965 59.378654532513465, 17.959488860691334 59.37848454064957, 17.959385103942367 59.37847025412788, 17.959034675764258 59.378459194316164, 17.958722075623385 59.37845440086505, 17.9584230164426 59.378444536865175, 17.958089115914706 59.37840932281492, 17.95789153896437 59.37838764784111, 17.95770532836434 59.3783895003254, 17.95539392193015 59.378546532955305, 17.9547548582373 59.37859192104919, 17.954499920149065 59.37860721489826, 17.95427174498499 59.37866231122063, 17.954111148708794 59.37874440596565, 17.953920364347457 59.37890802135201, 17.953850325124826 59.37897579816533)",false
743,763,658597,Madenvägen,"LINESTRING (17.953979629745113 59.379076439470694, 17.9539749306843 59.37909205554739, 17.95396867906229 59.379112900632386, 17.953925328801137 59.37914941297938, 17.953904214905023 59.37915732268589)",false
744,764,658598,Madenvägen,"LINESTRING (17.953904214905023 59.37915732268589, 17.953992280233162 59.379210464558895, 17.954038102903738 59.37929888056986, 17.954161311644768 59.379576115285396, 17.95416570339826 59.3798015969357, 17.954187753019855 59.37985319734731)",false
745,765,658601,,"LINESTRING (17.953979629745113 59.379076439470694, 17.95406089161064 59.37907771627579, 17.95427642766041 59.37911187584758, 17.954397045906276 59.379520183001404, 17.957112866944264 59.3793465294012, 17.959621558749923 59.37918054938431, 17.95983376685503 59.37907347231505, 17.959896799325254 59.379048264587695, 17.96015910807715 59.37883335101656)",false
746,766,658599,Enköpingsvägen,"LINESTRING (17.954187753019855 59.37985319734731, 17.95423629476916 59.37996676602742)",false
747,767,663735,Östra Madenvägen,"LINESTRING (17.960203553494154 59.37869074217753, 17.959879285156855 59.378687276746, 17.95975877737709 59.37865660315609)",false
748,768,658602,,"LINESTRING (17.96015910807715 59.37883335101656, 17.96020121795443 59.37879885053583, 17.960203553494154 59.37869074217753)",false
749,769,663734,Östra Madenvägen,"LINESTRING (17.960289439713577 59.378691658480705, 17.960203553494154 59.37869074217753)",false
750,770,663733,Östra Madenvägen,"LINESTRING (17.963966677854778 59.378593532030365, 17.963546003779825 59.378622684797755, 17.963184101549523 59.37864786749578, 17.96268747387874 59.378663935059464, 17.962261475774298 59.37864743946266, 17.961975956103252 59.37863253137472, 17.961582124931944 59.37865812052117, 17.96120649129669 59.37867853260496, 17.96066282740716 59.37869564283701, 17.960289439713577 59.378691658480705)",false
751,771,663732,Östra Madenvägen,"LINESTRING (17.966550914278425 59.37842419906276, 17.966014221313532 59.378455119234296, 17.965429959756015 59.378487433722796, 17.964572773055043 59.37854259409415, 17.964203026453404 59.378577150608876, 17.963966677854778 59.378593532030365)",false
752,772,970787,,"LINESTRING (17.97156803553856 59.399681833149955, 17.97167056815402 59.39972518133803, 17.97177657363231 59.39980554416867, 17.97178902579515 59.39993839573149, 17.97167452150334 59.40008743922914, 17.971587687149263 59.40021179687997, 17.97131799602441 59.40039517049258, 17.971123550179993 59.400559252940354, 17.97099697264823 59.400670111099366)",false
753,773,970788,,"LINESTRING (17.971098272008234 59.39985254775617, 17.970971718975825 59.39978141373169, 17.970853327793808 59.39975154567715, 17.970782322094053 59.399724902409226, 17.97073817129531 59.399664857817264, 17.97072593185633 59.399534184943136, 17.97071369174147 59.39940350309678, 17.970652035606836 59.3992936798976, 17.970562518159248 59.399206362978354, 17.970455507374748 59.399160941366105, 17.970306795489652 59.399081613082195, 17.97018288813713 59.398992949491245)",false
754,774,713507,Granlidsvägen,"LINESTRING (17.954698966162645 59.366993115674674, 17.954805861255018 59.36709286186827, 17.955117740879963 59.36717252291844)",false
755,775,713506,Örnstigen,"LINESTRING (17.95763530098171 59.36865252806283, 17.957732142429055 59.368812534901835, 17.957686648516354 59.369036471220575)",false
756,776,775185,Fredsgatan,"LINESTRING (17.963533693636244 59.36572178628782, 17.96334871550352 59.365560444605194, 17.96331321787655 59.36554078177017, 17.963268832135523 59.36552658675045)",false
757,777,775189,Fredsgatan,"LINESTRING (17.963527877007103 59.365431817220205, 17.963524155706835 59.36545291989285, 17.9635137188555 59.36547069771147, 17.963496970142877 59.36548715434073, 17.963474494308166 59.36550172834186, 17.963442804660517 59.365515415552395, 17.963410927057257 59.36552432652103, 17.96337635841092 59.36553003677924, 17.963340296906644 59.365532357336235, 17.963304036402437 59.365531186886514, 17.963268832135523 59.36552658675045)",false
758,778,970596,Tulegatan,"LINESTRING (17.96391605170286 59.36837191662266, 17.96375098614075 59.3682505142017)",false
759,779,775183,Fredsgatan,"LINESTRING (17.96350839805596 59.365389954431656, 17.96352165610998 59.36541035652601, 17.963527877007103 59.365431817220205)",false
760,780,775184,Fredsgatan,"LINESTRING (17.963527877007103 59.365431817220205, 17.963542190486205 59.3654546304982, 17.963561129167225 59.365476583790134)",false
761,781,970593,Vattugatan,"LINESTRING (17.96437449754724 59.366174363505934, 17.965500569740694 59.36580363392683)",false
762,782,1861329,Tulegatan,"LINESTRING (17.96391605170286 59.36837191662266, 17.962927118692154 59.368694278475765, 17.962813141151507 59.36872919164981)",false
763,783,1861385,Fredsgränd,"LINESTRING (17.966610812966405 59.368293475126336, 17.966035963523435 59.36849784987684, 17.96549647421061 59.36869130833325)",false
764,786,1864621,Starrbäcksgatan,"LINESTRING (17.96423320249365 59.36797571306185, 17.96403277114328 59.36781218058529, 17.963509781791412 59.367350478996535)",false
765,787,1864649,Tulegatan,"LINESTRING (17.966203599118053 59.367659395499786, 17.966132591859648 59.36768693580904, 17.96605917572449 59.367709876186055, 17.965970487133934 59.36771860685732)",false
766,791,1864681,Eliegatan,"LINESTRING (17.963509781791412 59.367350478996535, 17.96494583074641 59.36688457277337)",false
767,792,1864705,Fredsgatan,"LINESTRING (17.96494583074641 59.36688457277337, 17.96516506866961 59.3668163154872)",false
768,793,1864752,Fredsgatan,"LINESTRING (17.965780061301896 59.367587674858335, 17.965757623291257 59.36755148690386, 17.965732932836822 59.367527202630164)",false
769,794,1864753,Fredsgatan,"LINESTRING (17.965732932836822 59.367527202630164, 17.965706604068615 59.367501293234064, 17.96560896321871 59.367421823855494, 17.96494583074641 59.36688457277337)",false
770,795,1864754,Fredsgatan,"LINESTRING (17.96516506866961 59.3668163154872, 17.965863744712784 59.36740372486371, 17.965954352106376 59.367463935528)",false
771,796,1864755,Fredsgatan,"LINESTRING (17.965954352106376 59.367463935528, 17.966063409922768 59.36751951187251)",false
772,797,1864759,Tulegatan,"LINESTRING (17.965970487133934 59.36771860685732, 17.96590366389545 59.367726732091946, 17.96581873925412 59.36774469541217)",false
773,798,1864760,Tulegatan,"LINESTRING (17.96581873925412 59.36774469541217, 17.965725876356977 59.36777336181556, 17.965693855774695 59.367784684798636, 17.964546587535768 59.36816642861418, 17.96391605170286 59.36837191662266)",false
774,799,1864761,Tulegatan,"LINESTRING (17.964335858129925 59.36805779212509, 17.96467963217236 59.367956131537596)",false
775,800,1864762,Tulegatan,"LINESTRING (17.96467963217236 59.367956131537596, 17.964694844552906 59.36795163223193)",false
776,801,1864763,Tulegatan,"LINESTRING (17.964694844552906 59.36795163223193, 17.96523360319307 59.36779230774517, 17.96558898711735 59.36768031811588, 17.965651264733733 59.36765864685308, 17.965696009895012 59.36763821017517)",false
777,802,1864764,Tulegatan,"LINESTRING (17.965696009895012 59.36763821017517, 17.96571368494844 59.36763014301332, 17.965780061301896 59.367587674858335)",false
778,803,1864765,Tulegatan,"LINESTRING (17.966063409922768 59.36751951187251, 17.966138460054122 59.36751508125019, 17.96620793230704 59.3675066529832, 17.966257840387772 59.36749534512599)",false
779,804,1864768,Tulegatan,"LINESTRING (17.96635240293955 59.3675742191422, 17.96629808395045 59.36760395870556, 17.966203599118053 59.367659395499786)",false
780,808,1867140,Fredsgatan,"LINESTRING (17.96494583074641 59.36688457277337, 17.96454375462239 59.36653464125548, 17.96416950669318 59.366230146532146)",false
781,809,1867142,Vattugatan,"LINESTRING (17.96416950669318 59.366230146532146, 17.963914230680363 59.36629432437248, 17.963558632995856 59.36640476886628, 17.963118806070106 59.36655467040802, 17.96249463247826 59.36675757206735)",false
782,810,1867183,Fredsgatan,"LINESTRING (17.96437449754724 59.366174363505934, 17.96516506866961 59.3668163154872)",false
783,811,1867197,Fredsgatan,"LINESTRING (17.96416950669318 59.366230146532146, 17.96437449754724 59.366174363505934)",false
784,812,1867544,Fredsgatan,"LINESTRING (17.963561129167225 59.365476583790134, 17.96437449754724 59.366174363505934)",false
785,813,1867545,Fredsgatan,"LINESTRING (17.96416950669318 59.366230146532146, 17.963533693636244 59.36572178628782)",false
786,814,1841425,Lötsjövägen,"LINESTRING (17.968142483768172 59.37608597701211, 17.967951194053093 59.37575789803526, 17.967632796617423 59.37521236867427, 17.967391348064126 59.37474023632431)",false
787,815,1854008,Rissneleden,"LINESTRING (17.971133158060443 59.3754932503402, 17.971225840888742 59.37554462219225, 17.971294334961183 59.37559284311269, 17.971320891112786 59.37563571177736, 17.9713243303707 59.37568466065588, 17.97131073514185 59.375724886063715, 17.971271248950025 59.37576062454399, 17.971213259741212 59.37579037776577, 17.971129066033413 59.375809648547126, 17.971036518577993 59.37581435475655, 17.970737964432317 59.37579093903869)",false
788,816,1854048,Hallonbergsplan,"LINESTRING (17.970737964432317 59.37579093903869, 17.970535056180974 59.37579681192597, 17.970478712571172 59.37579647835145)",false
789,817,1854049,Hallonbergsplan,"LINESTRING (17.970478712571172 59.37579647835145, 17.970405084299806 59.37579120095904, 17.970304505506252 59.37579548759268, 17.970185777008975 59.37580849068054, 17.969476321274232 59.37589952401371, 17.969419866849396 59.37590094475931, 17.96936934068953 59.37589464632228, 17.969330335584146 59.37587591849523, 17.969306584875703 59.37585341956067, 17.96922960416227 59.37569808097557, 17.969228587620094 59.37567196406377, 17.96924111645811 59.37564971708364, 17.96927251845754 59.375630445888035, 17.969316368454198 59.3756168128742)",false
790,818,1854050,Hallonbergsplan,"LINESTRING (17.969316368454198 59.3756168128742, 17.96931861594468 59.37561611469443, 17.969332796862126 59.37561368178747)",false
791,819,1854051,Hallonbergsplan,"LINESTRING (17.969332796862126 59.37561368178747, 17.969376161790684 59.37560624032363, 17.969765389136256 59.375557467307075, 17.969839589528508 59.375558221080816, 17.969912039759148 59.375565538471285, 17.96997227387419 59.37558256936828, 17.97004268464785 59.37560924391898, 17.97019303767058 59.375661638894954, 17.970295754738512 59.375693265322596, 17.970387796761027 59.37571578954345, 17.970507961562305 59.37573208362299)",false
792,820,1854052,Hallonbergsplan,"LINESTRING (17.970507961562305 59.37573208362299, 17.970548664490583 59.37573861444838, 17.970737964432317 59.37579093903869)",false
793,821,1962374,Ursviksvägen,"LINESTRING (17.963086268721913 59.37207133779405, 17.96318069648068 59.37214232938464, 17.963340239399205 59.37224222020356, 17.96349390703582 59.37233268340388, 17.963667265399774 59.372413317461856, 17.963811443380266 59.372469885548114, 17.96425524790277 59.37261356099968, 17.964719581582347 59.37277028289933, 17.964939129759106 59.37283821007188, 17.965093138376055 59.37288048125064, 17.965253338894822 59.37291965503493, 17.965442677726617 59.3729545624057, 17.965621227128935 59.372979030717346, 17.96582268830581 59.373003139246144, 17.966014686953557 59.373020309982856, 17.96618291203698 59.373032405205606, 17.966312542173785 59.37303542567381)",false
794,822,1962375,Ursviksvägen,"LINESTRING (17.966312542173785 59.37303542567381, 17.96637254673356 59.37303682427548, 17.96658623333165 59.37303297679491, 17.96677457557712 59.373024619755846, 17.96691587673059 59.37301452952151, 17.96721436962933 59.37298376988155, 17.967720876724183 59.37291631098526, 17.968276815411716 59.372837471548586, 17.96853284905713 59.37281008390883, 17.96885206816444 59.37278663028343, 17.969083144783493 59.3727795071154, 17.969253444964064 59.37278150483606, 17.96944421696353 59.37278725937601, 17.9696270589692 59.372803204623466, 17.96985163643599 59.37282967379682, 17.970064881149238 59.372863661437634, 17.970264269035567 59.372906303429524, 17.970459816648184 59.372956365158494, 17.970644029916468 59.37301311883316, 17.970826255464928 59.37307210114004, 17.970999304940594 59.37313829238628, 17.971178269574324 59.37322317412843, 17.971368244212016 59.37333184205672, 17.97153493112891 59.3734436015815, 17.97170581882719 59.37358986101238, 17.971829685094516 59.373725959812184, 17.97191241526338 59.37386080378523, 17.97196813316578 59.373981346903584, 17.971994425759824 59.374100458163866, 17.972006800960504 59.374191733771895, 17.972008100510564 59.374294071980266, 17.97200924486635 59.374429634748125, 17.972010401357164 59.37444545958042)",false
795,823,668612,Spinnerigatan,"LINESTRING (17.962671383837534 59.361560675424315, 17.962726805882866 59.36158825131938)",false
796,824,668613,Spinnerigatan,"LINESTRING (17.962726805882866 59.36158825131938, 17.962822396414833 59.361635815252335, 17.962928373557347 59.36171184400389, 17.963010185384455 59.361774574785215, 17.963696264720888 59.36234192731744)",false
797,825,775182,Fredsgatan,"LINESTRING (17.963399731580566 59.36534054951002, 17.963432633980883 59.36534842788983, 17.963475260938765 59.36536587081387, 17.96350839805596 59.365389954431656)",false
798,826,717690,Esplanaden,"LINESTRING (17.96529734693585 59.36272469897286, 17.965213322177387 59.36275071367129, 17.964069013929116 59.36311024727745)",false
799,827,1869034,Vegagatan,"LINESTRING (17.967171911733136 59.36419737082628, 17.967164948948394 59.364209552519995, 17.9671318033525 59.364235961951934, 17.967070845593696 59.36426198013913, 17.96696382604913 59.36429471700817, 17.966057644594116 59.36457749820912, 17.965305075836334 59.36482138246538, 17.964760781899436 59.36499225861762, 17.96438113192358 59.36511281914975)",false
800,828,717689,Esplanaden,"LINESTRING (17.965437233055162 59.362681388578494, 17.96529734693585 59.36272469897286)",false
801,829,545283,Landsvägen,"LINESTRING (17.96616426791488 59.361473739933984, 17.96595977598114 59.361449818701, 17.965781894367947 59.3614228294426, 17.96559719038566 59.36138644314925, 17.965443035912312 59.36135097893883, 17.965331462364592 59.36132178835371)",false
802,830,1868937,Esplanaden,"LINESTRING (17.965667847132263 59.3628901490182, 17.96593769371792 59.363114333813805)",false
803,831,1868938,Esplanaden,"LINESTRING (17.96593769371792 59.363114333813805, 17.965946889300827 59.363121972856725)",false
804,832,1868939,Esplanaden,"LINESTRING (17.965946889300827 59.363121972856725, 17.96616435322889 59.363302635324146, 17.96663192167961 59.36368557687696)",false
805,833,545282,Landsvägen,"LINESTRING (17.967488064794175 59.361440099387096, 17.967276776798446 59.36145847899287, 17.966855086078112 59.361489259338825, 17.966593968773925 59.361493756691004, 17.966472717625376 59.36149162833283, 17.96616426791488 59.361473739933984)",false
806,834,1869033,Esplanaden,"LINESTRING (17.96663192167961 59.36368557687696, 17.966978022533887 59.3639659670249, 17.96716317730975 59.364116336850984, 17.967183181494725 59.3641476466988, 17.967183823067995 59.36417654882201, 17.967171911733136 59.36419737082628)",false
807,835,1868936,Sturegatan,"LINESTRING (17.96663192167961 59.36368557687696, 17.96818933189146 59.36318089852149)",false
808,836,970837,Bangatan,"LINESTRING (17.96793949530651 59.36190982138512, 17.967886217180308 59.36185285074475, 17.967488064794175 59.361440099387096)",false
809,837,1869035,Vegagatan,"LINESTRING (17.96438113192358 59.36511281914975, 17.964366200627072 59.36511756005675)",false
810,838,1869036,Vegagatan,"LINESTRING (17.964366200627072 59.36511756005675, 17.96350839805596 59.365389954431656)",false
811,839,1869037,Sturegatan,"LINESTRING (17.96663192167961 59.36368557687696, 17.965952053216615 59.36391225576447, 17.965135034747107 59.3641672208643, 17.964726046986392 59.36430520337151, 17.964676046190856 59.36432669386647, 17.964650807070687 59.36435134126497, 17.964649783793647 59.36436159950646)",false
812,840,1869038,Skolgatan,"LINESTRING (17.964649783793647 59.36436159950646, 17.96464813265558 59.36437837783729, 17.964660461162886 59.364406277253714, 17.964691865419578 59.36443168497569, 17.96488958775912 59.364596041682645)",false
813,841,1870386,Järnvägsgatan,"LINESTRING (17.961856358526454 59.36410589558426, 17.96321829292858 59.36367189249393, 17.964412611377227 59.363293904441946, 17.965510434063432 59.36294078301693)",false
814,842,1870387,Järnvägsgatan,"LINESTRING (17.965510434063432 59.36294078301693, 17.965543321349198 59.36293020408867)",false
815,843,1870388,Järnvägsgatan,"LINESTRING (17.965543321349198 59.36293020408867, 17.96558482086804 59.36291685561405)",false
816,844,1870389,Järnvägsgatan,"LINESTRING (17.96558482086804 59.36291685561405, 17.965667847132263 59.3628901490182)",false
817,845,1873412,Humblegatan,"LINESTRING (17.96746614488066 59.3595264501535, 17.967398846761924 59.35957871715929, 17.966617344983597 59.3601886647544, 17.966255083009678 59.36047452210191, 17.96588511117999 59.36075641128909)",false
818,846,1873718,Hamngatan,"LINESTRING (17.962101673741234 59.360506574818416, 17.96282633390893 59.35978273946437, 17.96344315064977 59.359122743779274, 17.963700071516403 59.35885268806367, 17.963934209148295 59.35861243508347, 17.96404247830311 59.35850906962199)",false
819,847,1875966,Brunnsgatan,"LINESTRING (17.96818933189146 59.36318089852149, 17.968047002490543 59.363066919290894)",false
820,848,1875967,Brunnsgatan,"LINESTRING (17.968047002490543 59.363066919290894, 17.96738536987749 59.36253705938887)",false
821,849,1876156,Esplanaden,"LINESTRING (17.964756458393893 59.36213332374558, 17.965437233055162 59.362681388578494)",false
822,853,1877437,Esplanaden,"LINESTRING (17.963616068658677 59.36120093058811, 17.963703873093774 59.361269401457044, 17.963922107234122 59.36145104008755, 17.964699297594095 59.362074786792355)",false
823,854,1877438,Esplanaden,"LINESTRING (17.964699297594095 59.362074786792355, 17.964756458393893 59.36213332374558)",false
824,855,663731,Östra Madenvägen,"LINESTRING (17.966887821037545 59.37840685438005, 17.966550914278425 59.37842419906276)",false
825,856,663730,Östra Madenvägen,"LINESTRING (17.967192436273017 59.3783801166589, 17.966969261071295 59.378400103626156, 17.966887821037545 59.37840685438005)",false
826,857,1853960,Rissneleden,"LINESTRING (17.969532877545586 59.37689448767206, 17.96944061617363 59.37666234407682)",false
827,858,1853971,Lötsjövägen,"LINESTRING (17.96853932869321 59.37679337064267, 17.96820856263764 59.37620146920438, 17.968142483768172 59.37608597701211)",false
828,859,1854000,Skolgången,"LINESTRING (17.968142483768172 59.37608597701211, 17.966461556287157 59.376330339422154)",false
829,860,484350,Hamngatan,"LINESTRING (17.96412815541121 59.35843059674488, 17.96443251922307 59.35851332609746, 17.964471614132258 59.358526086394455, 17.964501481149224 59.35853797828763, 17.964546212899027 59.35855885941607, 17.96457514355186 59.3585761551647, 17.964671715468846 59.3586511653261)",false
830,861,970605,,"LINESTRING (17.96702525298677 59.393919363382324, 17.967201367874146 59.39375801312757, 17.96747795463973 59.393530549459726, 17.967514522881395 59.39347954811712)",false
831,862,970606,,"LINESTRING (17.967514522881395 59.39347954811712, 17.967616137251984 59.39333782931415)",false
832,863,656454,Odlingsgatan,"LINESTRING (17.970805224537788 59.37748566296744, 17.970722359006942 59.37748997751585, 17.97068043414491 59.37749264919601, 17.970647762437533 59.37749621527916)",false
833,864,656455,Odlingsgatan,"LINESTRING (17.970647762437533 59.37749621527916, 17.969268594910712 59.37769457585487)",false
834,865,487624,Odlingsgatan,"LINESTRING (17.969268594910712 59.37769457585487, 17.968340236004806 59.37782808627253, 17.967086122798296 59.37801730372259, 17.966865472998258 59.37805144879037, 17.96676770478617 59.37807850183759, 17.96675369955714 59.37811269745968, 17.966767606463886 59.37816542484312, 17.966859600923524 59.37833100848727, 17.966887821037545 59.37840685438005)",false
835,866,662707,Östra Madenvägen,"LINESTRING (17.967811270428726 59.37832390437325, 17.967192436273017 59.3783801166589)",false
836,867,1867222,Tornstigen,"LINESTRING (17.96595984741895 59.36658132980114, 17.96704854636568 59.3662136657772, 17.967381864351896 59.36612400004907, 17.96744402303238 59.36611813682702, 17.967494791704784 59.366119928324046)",false
837,868,1864766,Tulegatan,"LINESTRING (17.966257840387772 59.36749534512599, 17.96628267741032 59.36748804942879, 17.96635277352525 59.36746298292317, 17.96640830838893 59.36743567780401, 17.966473753815333 59.36740413039147, 17.96655063841418 59.367376770621036, 17.96671144763516 59.36732304089638, 17.967635646908203 59.367027697019815, 17.968349240581514 59.3667838607634)",false
838,869,1864767,Tulegatan,"LINESTRING (17.967910425148606 59.36706762809603, 17.967322392350088 59.3672580125527, 17.96668036902159 59.36746584274647, 17.96649878988606 59.36752043153416, 17.96641071841895 59.36754851313854, 17.96635240293955 59.3675742191422)",false
839,870,1867223,Lekplatsvägen,"LINESTRING (17.967494791704784 59.366119928324046, 17.967573510778397 59.3661311296859, 17.967627719521772 59.36615375306943)",false
840,871,1867224,Lekplatsvägen,"LINESTRING (17.967627719521772 59.36615375306943, 17.967670877262652 59.366187707709265, 17.968252727975397 59.36669619939032, 17.96829386025105 59.36673355172136)",false
841,872,1864771,Rensgatan,"LINESTRING (17.967962944513665 59.36711138880016, 17.967910425148606 59.36706762809603)",false
842,873,1867139,Tulegatan,"LINESTRING (17.968466328147546 59.366889384782816, 17.96842625637989 59.366902635101745, 17.967910425148606 59.36706762809603)",false
843,874,1867225,Lekplatsvägen,"LINESTRING (17.96829386025105 59.36673355172136, 17.968349240581514 59.3667838607634)",false
844,875,970594,Tulegatan,"LINESTRING (17.968349240581514 59.3667838607634, 17.968466328147546 59.366889384782816)",false
845,876,1867598,Tulegatan,"LINESTRING (17.968349240581514 59.3667838607634, 17.968610155300112 59.36669858604441)",false
846,877,1867138,Tulegatan,"LINESTRING (17.97049904475831 59.36623266751199, 17.968939128045054 59.3667330437021, 17.968466328147546 59.366889384782816)",false
847,878,1867346,Tulegatan,"LINESTRING (17.970696571017406 59.36616874149744, 17.97049904475831 59.36623266751199)",false
848,879,970595,Tulegatan,"LINESTRING (17.970696571017406 59.36616874149744, 17.970526269586678 59.366052040614804)",false
849,881,1864756,Rensgatan,"LINESTRING (17.971857779387022 59.36724007369038, 17.972214789333293 59.36721655806243, 17.97270723083949 59.3671980490003, 17.972886616627346 59.36719635677786, 17.973025601505455 59.36719830860193, 17.973203712898922 59.367202369063364, 17.973286517952655 59.36720710278929)",false
850,883,1867345,Tulegatan,"LINESTRING (17.97324592418196 59.365392093373565, 17.972878422903115 59.36548295852853, 17.97253891260747 59.36557626641201, 17.972476308227186 59.36559612439838)",false
851,884,1867599,Tulegatan,"LINESTRING (17.968610155300112 59.36669858604441, 17.9686249671305 59.36669374583329)",false
852,885,1867600,Tulegatan,"LINESTRING (17.9686249671305 59.36669374583329, 17.969463762405532 59.36641959590283, 17.970526269586678 59.366052040614804)",false
853,886,1867601,Bergsgatan,"LINESTRING (17.970526269586678 59.366052040614804, 17.97047335582109 59.36600721158975)",false
854,887,1867602,Bergsgatan,"LINESTRING (17.97047335582109 59.36600721158975, 17.969807676346278 59.36544321945543)",false
855,888,1867611,Tulegatan,"LINESTRING (17.97324592418196 59.365392093373565, 17.973123614778334 59.365375833272594, 17.973080133587406 59.365344871085696, 17.97305311214251 59.365303855550394, 17.97304459224833 59.365268267829144, 17.973048090097695 59.36521914270296)",false
856,889,1841360,Örsvängen,"LINESTRING (17.978949054543474 59.375195372604175, 17.978410324188197 59.37530394919101, 17.978172760929784 59.37535473791825, 17.978159413658943 59.37535867677247)",false
857,890,1841361,Örsvängen,"LINESTRING (17.978159413658943 59.37535867677247, 17.978144185055445 59.375363169907054)",false
858,891,1841362,Örsvängen,"LINESTRING (17.978144185055445 59.375363169907054, 17.978021779680745 59.37539928893726, 17.97789271661667 59.375444588131984, 17.977881666197476 59.375449297602124)",false
859,892,1841363,Örsvängen,"LINESTRING (17.977881666197476 59.375449297602124, 17.97777357866993 59.375495438449775, 17.97767427897373 59.37554761472879, 17.97749649100127 59.37565274973557, 17.976928669698022 59.37599779398457, 17.976057726064834 59.376528864030995)",false
860,893,1841503,Spelmanshöjden,"LINESTRING (17.974242748555497 59.37463239421651, 17.97426872376609 59.3746752306541)",false
861,894,1841612,Örsvängen,"LINESTRING (17.97426872376609 59.3746752306541, 17.974387402387176 59.37464483708761)",false
862,895,1853933,Mamsellstigen,"LINESTRING (17.9750192276889 59.375924845395, 17.97419586838929 59.37641405638743, 17.974152847686206 59.376452841773336, 17.974123486115015 59.37648814348084, 17.974095551742085 59.37653893135021, 17.974085323862994 59.37659082489628, 17.97408414646462 59.376651551825816, 17.97409625734967 59.376711795877306, 17.974127221739565 59.37681939706406, 17.974221000522242 59.37711249980338)",false
863,896,1854030,Rissneleden,"LINESTRING (17.970885607546343 59.37655580885843, 17.971185384101354 59.376566957632576, 17.97144046067643 59.37656817074861, 17.97162385754558 59.37656586838923, 17.97176847045028 59.37655764754981, 17.972067885388334 59.37652986646953)",false
864,897,1854031,,"LINESTRING (17.972067885388334 59.37652986646953, 17.97213880142963 59.37652124063668)",false
865,898,1854032,Örsvängen,"LINESTRING (17.970737964432317 59.37579093903869, 17.97070191087473 59.376108380025244, 17.97068504747841 59.37631772320959, 17.970668504450856 59.37646291749204)",false
866,899,1961934,Örsvängen,"LINESTRING (17.970737964432317 59.37579093903869, 17.9707801217129 59.37569255282443, 17.970804315160706 59.37562412172794, 17.970841058262796 59.37556910817555, 17.97089466645043 59.37551082577205, 17.970958458797888 59.375453218821455, 17.97102940636118 59.37539930372785, 17.9711410621947 59.375339311837116, 17.97127579814986 59.37528167826726, 17.971403437957235 59.37523914092857, 17.971504088180694 59.37520953840498, 17.97161176801338 59.37518118634917, 17.97177036882119 59.375147962181295, 17.9726077390414 59.37500130564769, 17.97293139008292 59.37494804269018)",false
867,900,1961935,Örsvängen,"LINESTRING (17.97293139008292 59.37494804269018, 17.973342062130055 59.374880456374285, 17.973673049441373 59.3748216955395, 17.973897423920263 59.37477329169298, 17.974119249960538 59.37471811627229, 17.97426872376609 59.3746752306541)",false
868,901,1841502,Spelmanshöjden,"LINESTRING (17.974180188307635 59.374049366461236, 17.97419006714328 59.37449214836594, 17.974197298232497 59.37454212497886, 17.9742101674645 59.374578673748026, 17.974242748555497 59.37463239421651)",false
869,902,1841613,Örsvängen,"LINESTRING (17.974387402387176 59.37464483708761, 17.97460710601947 59.37458856802294, 17.974756625523586 59.37453697339726, 17.974925210345983 59.374483721407984, 17.975074165762713 59.3744321302906, 17.975194819793742 59.37437989095837, 17.975310450964123 59.37432418974301, 17.975416605897998 59.3742702682729, 17.975518498590613 59.37420770066745, 17.97559996681359 59.3741427416678, 17.975674688707585 59.37406289412372, 17.975726135511763 59.37400438033817, 17.975968676037613 59.37370632361011, 17.976214659120245 59.373421271312715)",false
870,903,1841632,Örsvängen,"LINESTRING (17.976214659120245 59.373421271312715, 17.976287329072775 59.37333411970124, 17.976417178561004 59.37324825040885)",false
871,906,1841750,Örsvängen,"LINESTRING (17.976417178561004 59.37324825040885, 17.976523718022996 59.37319214457188, 17.97660080424541 59.373161000255436, 17.976680929268575 59.37313579810614, 17.976766023904965 59.373114058831376, 17.976852190698196 59.373100732832036, 17.97712401624536 59.3730611151156)",false
872,909,1841745,Örsvängen,"LINESTRING (17.97712401624536 59.3730611151156, 17.977218491926216 59.37306182388207, 17.977325692532826 59.37307050003748, 17.97742904713119 59.37308631793425, 17.97769988227034 59.373119130526725)",false
873,910,1841819,Ringleken,"LINESTRING (17.97802600001643 59.37315788634462, 17.977840237080336 59.37341504907348, 17.977492910229927 59.373824727461404)",false
874,911,1861075,Dimslöjan,"LINESTRING (17.974018051523153 59.37001623505138, 17.974071988415513 59.37021412412923, 17.974096303357694 59.37027282271428, 17.974125699596335 59.3703183757236, 17.97415979420333 59.37036249160211, 17.974219615920717 59.37040866231084, 17.974285260992858 59.37044493238423, 17.974361088634595 59.37047343085755, 17.97445684650839 59.370495894214, 17.97452822653804 59.37050296373925, 17.97462518818158 59.37050118235645, 17.974729106236826 59.370490579684066, 17.97483533827607 59.370474236007105, 17.9749335501528 59.37045718567849, 17.97503914697195 59.37043922088598, 17.975229339264484 59.37041719542743, 17.975564356306872 59.37038204204274)",false
875,912,1861155,Friluftsvägen,"LINESTRING (17.974018051523153 59.37001623505138, 17.97384949704944 59.37001612692476, 17.97372856598231 59.3700095674881, 17.973630622290365 59.369995294760564, 17.97340981881755 59.369960074793276)",false
876,913,1861160,Vackra vägen,"LINESTRING (17.97340981881755 59.369960074793276, 17.973362116714394 59.36994692920622, 17.973315918775217 59.36992341544791, 17.973286470103442 59.36989473908552, 17.973275461424773 59.36986251497801, 17.973274147102064 59.36983121993634, 17.973284382171254 59.369573530002604)",false
877,915,1861204,Vackra vägen,"LINESTRING (17.97340981881755 59.369960074793276, 17.97337296069312 59.37005728990339, 17.973332309427047 59.37015401642364, 17.973297535426177 59.3702147189783, 17.973248217649054 59.37027320126106, 17.973184104146643 59.37032538039445, 17.973104516255027 59.37037697791358, 17.97300512299972 59.37042779603556)",false
878,916,1861205,Vackra vägen,"LINESTRING (17.97300512299972 59.37042779603556, 17.97287178053544 59.370481589930506)",false
879,917,1861258,Friluftsvägen,"LINESTRING (17.97547524987911 59.36891579739768, 17.97574308691597 59.36971255152737, 17.97574351631935 59.369746580540586, 17.975729946044634 59.36977836816341, 17.9756885046453 59.369808141207535, 17.9756295937807 59.369830836727765, 17.975565426406057 59.36984598719446, 17.975425148329204 59.36986396235036, 17.97453806066903 59.36995261018767, 17.974018051523153 59.37001623505138)",false
880,918,1861283,Vackra vägen,"LINESTRING (17.973284382171254 59.369573530002604, 17.973299882271302 59.36906392462546)",false
881,919,1861312,Ateljevägen,"LINESTRING (17.979199554858926 59.369071549495594, 17.979116755279346 59.36912292774518, 17.979050695988608 59.36915962664891, 17.978975885514156 59.369184475333974, 17.97887853460628 59.369197429488786, 17.978760514215484 59.36920416138532, 17.97864146313475 59.36921118630699, 17.978516966863758 59.36922538055052, 17.978378964310647 59.36924576910673, 17.978250238081664 59.36926954893184, 17.978127426690047 59.369294325715494, 17.97799312193405 59.36932255499177, 17.977862438154013 59.36935834846002, 17.97775192882732 59.369383481828244, 17.977642851054128 59.36940586863485, 17.977536648141406 59.369422492572326, 17.97742118672414 59.36943653327628, 17.977301147080027 59.36944494540516, 17.97716970171703 59.36944997862313, 17.977031790578664 59.369453757574334, 17.97674942645193 59.36946823086883)",false
882,920,1861322,Bergdalen,"LINESTRING (17.973299882271302 59.36906392462546, 17.97484262306729 59.36897789002899, 17.97547524987911 59.36891579739768)",false
883,921,1861328,Bergdalen,"LINESTRING (17.97869590059969 59.368319297606455, 17.978653654314876 59.368344462281776, 17.978603449954424 59.36837002446665, 17.97852862120553 59.36839404662623, 17.978442863163576 59.36841389738963, 17.97832247555764 59.36843455736238, 17.977952614624833 59.3684931229684, 17.97715749235832 59.36862038554045, 17.976482576154023 59.368742229383244, 17.975944206928887 59.368837175275715, 17.97547524987911 59.36891579739768)",false
884,922,569530,,"LINESTRING (17.978074795172937 59.381445413424636, 17.978005301157857 59.381550833556915, 17.977771662262573 59.381618748310366, 17.977326058673576 59.38170855871032, 17.977187439728162 59.38172973208023, 17.97710480753664 59.38173882574246, 17.977044339524802 59.381743189848294, 17.97697152513509 59.38174373824815, 17.9768989325717 59.38174099268369, 17.976827074740736 59.38173497738834, 17.976756571583792 59.381725732124615)",false
885,923,569531,,"LINESTRING (17.976756571583792 59.381725732124615, 17.9767291030327 59.381781631879655, 17.976714101228875 59.381835090359964, 17.9767125305661 59.381913366900434, 17.97673664171317 59.38200111235515)",false
886,924,569532,Brogatan,"LINESTRING (17.97673664171317 59.38200111235515, 17.976613901844274 59.38201358357675, 17.97636763247452 59.38204197632857)",false
887,925,569533,Brogatan,"LINESTRING (17.97636763247452 59.38204197632857, 17.976147879900125 59.38206908036872, 17.97566063938449 59.38212524846351, 17.97538518347735 59.38215483564556, 17.975068455975578 59.38219099821252, 17.9749961904597 59.382207060680955)",false
888,926,794334,Vinthundsgatan,"LINESTRING (17.97828143239751 59.383628279433196, 17.978240104100344 59.383549724745, 17.97819719059532 59.38346474535393, 17.9781661096258 59.383388553511736, 17.97814007022576 59.383319030899536, 17.97812216171715 59.38324140592996, 17.978112529352508 59.38316235185268, 17.9781054167249 59.383081101561274, 17.978105624382295 59.38299977391853, 17.97811612044946 59.38289860390973, 17.978138075602228 59.38279173564187, 17.978169946772855 59.3826870760528, 17.97821190493549 59.38258336319457, 17.978247983682614 59.38250999541066, 17.978289125916167 59.38243732966713, 17.978416420194264 59.38222708872643, 17.978550860096405 59.38202182435305)",false
889,927,569534,Boplatsvägen,"LINESTRING (17.9749961904597 59.382207060680955, 17.975008776918255 59.382275497978476)",false
890,928,569535,Boplatsvägen,"LINESTRING (17.975008776918255 59.382275497978476, 17.975045631566456 59.38240056805511, 17.975176161329557 59.38270355188538)",false
891,929,569536,Brukshundsvägen,"LINESTRING (17.975176161329557 59.38270355188538, 17.975196709081477 59.382751292583215)",false
892,930,569537,Brukshundsvägen,"LINESTRING (17.975196709081477 59.382751292583215, 17.975273576545916 59.38292974259498, 17.975312873036597 59.383020969735924, 17.975326787053792 59.38309710462721, 17.975340701138595 59.38317323951574, 17.975312750059892 59.38332251388637, 17.975270299893474 59.38344121645399, 17.97522118319884 59.38352808116968, 17.975143344370395 59.38363128174847, 17.975048655346978 59.38373274608334, 17.974976686275575 59.38384002701505)",false
893,931,794335,Brotorps allé,"LINESTRING (17.97958422731495 59.38356271289366, 17.978329458693633 59.383719531021946)",false
894,932,794333,Vinthundsgatan,"LINESTRING (17.978329458693633 59.383719531021946, 17.97828143239751 59.383628279433196)",false
895,933,794336,Brotorps allé,"LINESTRING (17.978329458693633 59.383719531021946, 17.977428580463624 59.38383210527386, 17.977391206206473 59.38383212307247, 17.977356660689107 59.38382483358615, 17.977330202941733 59.383811356784854, 17.977315869866437 59.3837937391449, 17.97731552305846 59.38377553254004, 17.97732828038184 59.38375852734683, 17.9773523233217 59.38374508346434, 17.97738436233301 59.38373705522559, 17.9777793627732 59.38368729199764, 17.97828143239751 59.383628279433196)",false
896,934,794332,Vinthundsgatan,"LINESTRING (17.978064536018184 59.38469075488332, 17.97811679049201 59.38467623515754, 17.978163754802058 59.38465863724728, 17.978207523691136 59.384638146944646, 17.978246797377302 59.38461701347375, 17.978287367639656 59.38459359489821, 17.978320590764273 59.38457035312622, 17.9783505492032 59.38454342979194, 17.97837611294374 59.38451660684029, 17.978397150548016 59.384488386622, 17.978412317660844 59.38446030949008, 17.97842722185001 59.38442923705296, 17.978440141193627 59.384392207337115, 17.978446107038796 59.38435983842983, 17.978446165706433 59.38432699342132, 17.9784405716203 59.38426325802537, 17.978412009016132 59.384019708173525, 17.97839095316952 59.383902823600835, 17.97837644710664 59.3838398938447, 17.978346539438146 59.383751993492254, 17.978329458693633 59.383719531021946)",false
897,935,738939,Brukshundsvägen,"LINESTRING (17.974976686275575 59.38384002701505, 17.974867844367456 59.38388232719754, 17.97453338013349 59.38409892622612, 17.974524786734467 59.384163452625394)",false
898,936,569538,Stövarvägen,"LINESTRING (17.974976686275575 59.38384002701505, 17.975044912427748 59.383886742720755, 17.975185859431488 59.38418451964714, 17.9751903419726 59.38426035756439)",false
899,937,569489,,"LINESTRING (17.97425323249966 59.384153751467004, 17.97435411149358 59.38416687903813, 17.974524786734467 59.384163452625394)",false
900,938,569490,Stövarvägen,"LINESTRING (17.974524786734467 59.384163452625394, 17.97461243317551 59.384184160498016, 17.9751903419726 59.38426035756439)",false
901,939,569539,Stövarvägen,"LINESTRING (17.9751903419726 59.38426035756439, 17.975264756050876 59.38433685515774, 17.9757799928759 59.3846813264293, 17.976035565685624 59.384852183773525, 17.976256095995325 59.38499962344471, 17.976476627442622 59.38514705375678, 17.97661019640716 59.38521011411077, 17.976854507250252 59.38531092998993, 17.977012841369998 59.38539705757006, 17.977120568394326 59.385483163352205, 17.977282054622197 59.385612225408494, 17.977338834194192 59.385616536090154)",false
902,940,569541,Fågelhundsvägen,"LINESTRING (17.978115902154734 59.3854151254951, 17.97851918341154 59.385294739249225)",false
903,941,569540,Fågelhundsvägen,"LINESTRING (17.977338834194192 59.385616536090154, 17.977420457050307 59.385622732601384, 17.978115902154734 59.3854151254951)",false
904,942,794337,Brotorps allé,"LINESTRING (17.97828143239751 59.383628279433196, 17.979559358925744 59.383478076331386)",false
905,943,888624,Brogatan,"LINESTRING (17.97939186946555 59.38216979181061, 17.978933771496166 59.38208238453195)",false
906,944,916412,Fridensborgsvägen,"LINESTRING (17.97939186946555 59.38216979181061, 17.979466820613993 59.382047523314206)",false
907,945,1868933,Tallgatan,"LINESTRING (17.976074604359322 59.36302167139094, 17.976691990360422 59.363542937895836)",false
908,946,1868932,Götgatan,"LINESTRING (17.976691990360422 59.363542937895836, 17.97791522935539 59.36311502789385)",false
909,947,1868966,Mariagatan,"LINESTRING (17.97791522935539 59.36311502789385, 17.97806655081124 59.363279536066, 17.978086441847815 59.36331767631104, 17.97808818713306 59.36336508238182, 17.97807027307907 59.363404895229905, 17.977741778691374 59.363656181542474)",false
910,948,1876286,Prästgårdsgatan,"LINESTRING (17.975003423296563 59.36212574026665, 17.975753988045664 59.3619134563844, 17.9766548811105 59.36163367358458, 17.97689573548913 59.36156205338215, 17.97699791191202 59.361519848643994, 17.97705790912663 59.361487027205996, 17.977096710429578 59.36145698135862, 17.977130284611434 59.361409271665124)",false
911,949,1876168,Götgatan,"LINESTRING (17.97791522935539 59.36311502789385, 17.978631831362875 59.36287952894334, 17.97871698058653 59.36284767749552, 17.978790672864186 59.36281163979293, 17.978879986908858 59.362750812103656, 17.97961553298347 59.362223575911706, 17.980234518818502 59.361793290673766, 17.98033175319381 59.361713257450525, 17.98034048839887 59.3616804116009, 17.98032315668625 59.36164959063639, 17.98028606403727 59.36162726402682, 17.980225208268628 59.36160994685426, 17.980159712176714 59.36160413898153, 17.979990300310106 59.361602414590465)",false
912,950,1841640,Örsvängen,"LINESTRING (17.97802600001643 59.37315788634462, 17.978281253982217 59.37318930144507, 17.978422346997668 59.373202351297735, 17.97855115286162 59.373206605931635, 17.978681905657478 59.373207563029304, 17.978819879003794 59.373204320293084, 17.97906934840037 59.37319227511544, 17.97967765297182 59.37315939324884, 17.979918289373476 59.37316026349654, 17.980091854848055 59.37317254225564, 17.98022096931406 59.37319094109415, 17.980339423700425 59.373217679897486, 17.980443731677255 59.37324954954146, 17.98056360697978 59.37330049083354, 17.980659871458304 59.37335806439799, 17.980738250258995 59.37342871710627, 17.980784503187092 59.373515110972825, 17.98079908308542 59.373580492018085, 17.980792297169987 59.37364539114709, 17.980785112525133 59.37367185738819)",false
913,951,1841558,Kavaljersbacken,"LINESTRING (17.979442147691774 59.37361906208338, 17.978701312335634 59.3745943192951, 17.978679810068023 59.37463603824227, 17.97867018088711 59.37468001992704, 17.978674971162146 59.37472457970802, 17.97869015031633 59.37477335015467, 17.978747126512772 59.37487863976124, 17.978881754475346 59.37507799922855, 17.978949054543474 59.375195372604175)",false
914,952,1841641,Örsvängen,"LINESTRING (17.980785112525133 59.37367185738819, 17.980776555652422 59.373703351209464, 17.980727714166033 59.373814096944365, 17.980630061073587 59.373965344292294, 17.98048284951203 59.37414378400344, 17.98026651596713 59.3743799122572, 17.97992226852064 59.374743006589206, 17.97983515924012 59.37482085741601, 17.97975448879796 59.37488119111621, 17.979649683633873 59.37494842950395, 17.979548471963206 59.375004452049154, 17.979445256655307 59.37505369995472, 17.97932448674657 59.37510377132449, 17.97922038058121 59.375138059793635, 17.978949054543474 59.375195372604175)",false
915,953,1841776,Logdansvägen,"LINESTRING (17.97769988227034 59.373119130526725, 17.977729979984552 59.373077440036546)",false
916,954,1841777,Logdansvägen,"LINESTRING (17.977729979984552 59.373077440036546, 17.97790187103221 59.37283939298336, 17.978257766147046 59.37236778387592)",false
917,955,1841824,Örsvängen,"LINESTRING (17.97769988227034 59.373119130526725, 17.97802600001643 59.37315788634462)",false
918,956,888623,Fridensborgsvägen,"LINESTRING (17.97947017596023 59.38217902807683, 17.97939186946555 59.38216979181061)",false
919,957,888625,Brotorpsvägen,"LINESTRING (17.979355937880666 59.38236638108187, 17.979355203825616 59.38230104295942, 17.979358965273473 59.38225922619789, 17.979366201851402 59.38222870624918, 17.97939186946555 59.38216979181061)",false
920,958,610511,Dammtorps allé,"LINESTRING (17.979559358925744 59.383478076331386, 17.97973504627777 59.38345514577371, 17.979762191592528 59.383450769249)",false
921,959,610528,Dammtorps allé,"LINESTRING (17.979793265193187 59.38354609204533, 17.979748947750373 59.38354827307928, 17.97958422731495 59.38356271289366)",false
922,960,749468,Gunnarbovägen,"LINESTRING (17.98003366131582 59.38483106265661, 17.980210272990465 59.384886971238735)",false
923,961,1861308,Ateljevägen,"LINESTRING (17.980424073949834 59.369265077721245, 17.980307887616153 59.36926662910351, 17.9801482205073 59.36927266108508, 17.97997001600168 59.36927189195605, 17.979802602583252 59.36926388479745, 17.97967325301111 59.36925065807204, 17.97953514492342 59.36922449393591, 17.97942073008267 59.36919306144945, 17.979326646940546 59.36915396636866, 17.97925605464079 59.36911532275146, 17.979199554858926 59.369071549495594)",false
924,962,1861309,Ravinstigen,"LINESTRING (17.980424073949834 59.369265077721245, 17.980123994029523 59.368760124639685)",false
925,963,1861313,Skogsbacken,"LINESTRING (17.979199554858926 59.369071549495594, 17.97914231223905 59.36899703420638, 17.979007364561618 59.368729344183215, 17.978901219357795 59.36855976061431, 17.978853427961425 59.368483187087826, 17.978804242431554 59.36841861472416, 17.97869590059969 59.368319297606455)",false
926,964,1861411,Ateljevägen,"LINESTRING (17.981577922696726 59.36914325761962, 17.981448014941176 59.369137512772966, 17.981306969175108 59.36915169287071, 17.981169519425702 59.36917234134777, 17.981043186127053 59.36919146841304, 17.980872723948888 59.369212907529814, 17.980500428244284 59.369257625689464, 17.980424073949834 59.369265077721245)",false
927,965,1864680,Rensgatan,"LINESTRING (17.971648907204774 59.36725747924116, 17.971857779387022 59.36724007369038)",false
928,966,1864614,Furuvägen,"LINESTRING (17.971621142883574 59.36804566750636, 17.971683691521363 59.36800660831548, 17.971750079813436 59.36795710973892, 17.971846359211984 59.36786332978064, 17.971885033861078 59.36778704688918, 17.971915496308306 59.36768150428306, 17.971922269930218 59.367579871534986, 17.971912447075063 59.36746823843808, 17.971857779387022 59.36724007369038)",false
929,967,1864572,Friluftsvägen,"LINESTRING (17.97547524987911 59.36891579739768, 17.975297871736075 59.368598131162706, 17.975242546252225 59.36848410419961, 17.975211258918794 59.3683890370356, 17.975192230211906 59.36828478496331, 17.975174955936968 59.36814730769407, 17.975176688988643 59.36802422339281, 17.975186252081045 59.36793424435364, 17.975202373793888 59.367828902372494, 17.97522389565944 59.36773355531026, 17.975261836852916 59.36762588211197, 17.975281862927385 59.367567717138286, 17.975369816903857 59.3674210354002, 17.975440476765666 59.36732452162845, 17.975505918032436 59.3672572594344, 17.975598100746833 59.367163677867765)",false
930,968,1864758,Rensgatan,"LINESTRING (17.973356414003263 59.36721109936301, 17.97345131441985 59.3672165257444)",false
931,969,1864569,Vackra vägen,"LINESTRING (17.973299882271302 59.36906392462546, 17.973287079034858 59.368741782782436, 17.97328412562818 59.3685134272675, 17.97329637237981 59.36819989762247, 17.973296375824685 59.368119311526556, 17.97331574332623 59.36791646114697, 17.973351459207652 59.36765764172476, 17.973402003676952 59.367456389478555, 17.97345131441985 59.3672165257444)",false
932,971,1864576,Bergaliden,"LINESTRING (17.968215064309387 59.36886565915647, 17.968189421532305 59.36878439025023, 17.968128060325537 59.36867616818612, 17.968025854344685 59.36853591578378, 17.96789695790707 59.36835959048822, 17.967719127153565 59.368167431800345, 17.96766333879766 59.36812636930482, 17.967604324918366 59.36809352147803, 17.96753468061507 59.36807037783743, 17.96745081992319 59.36805941924939, 17.967371068448028 59.368063652122174, 17.967286125910885 59.36807939728038, 17.967199569093744 59.36810386852333, 17.966905375964124 59.36818818587679)",false
933,972,1861342,Furuvägen,"LINESTRING (17.968215064309387 59.36886565915647, 17.968694306937408 59.36892384665321, 17.96883992678618 59.36894200632503, 17.968940041861835 59.36894835245753, 17.969064809786985 59.368947505334674, 17.9692009402716 59.36894049549632, 17.969326488736158 59.36892602563522, 17.96944731006768 59.36890400732627, 17.969581739765452 59.368877149955196, 17.969831381270705 59.36882372888788, 17.970040496954713 59.368761687705216, 17.970333217907093 59.36867002831405, 17.970521669783842 59.36860122354723, 17.970865428350976 59.36846249956088)",false
934,973,1861289,Bergaliden,"LINESTRING (17.970865428350976 59.36846249956088, 17.971044444627143 59.368575425112134, 17.971199246947453 59.368693898584425, 17.9712258100172 59.36872805968352, 17.971239411301426 59.36876841102854, 17.971230912272848 59.36881373217536, 17.97120477777703 59.36885851180329, 17.97116399824218 59.36890815417328, 17.970966755782765 59.36909823681019, 17.97085905640215 59.36917967801757, 17.970778125386502 59.36923565391819, 17.9706843400659 59.36929100616225, 17.970587713398135 59.369352120175165, 17.97049174062604 59.36941568135636, 17.97016501852562 59.36959008552425)",false
935,974,1861263,Bergaliden,"LINESTRING (17.968318521646736 59.36987895600672, 17.968289753776045 59.36986144157184, 17.968268753635048 59.36983127777084, 17.968261674663992 59.369792997163856, 17.968261069463903 59.369737738486386, 17.968237847214873 59.36925760088283, 17.968234881264955 59.36906436307381, 17.968215064309387 59.36886565915647)",false
936,975,1861166,Bergaliden,"LINESTRING (17.97016501852562 59.36959008552425, 17.969924548584945 59.36968119187351, 17.96967793573884 59.369776759948884, 17.969493594367606 59.36983407555399, 17.969338940964782 59.36987050521917, 17.969180098084106 59.369899095549094, 17.969009600879915 59.36992025019813, 17.968754864573764 59.369941885524824, 17.96865085196979 59.36994214277548, 17.968548696306204 59.36993746031973, 17.968461127533583 59.36992683836652, 17.96839304168896 59.36991210640858, 17.968318521646736 59.36987895600672)",false
937,977,1861165,Bergaliden,"LINESTRING (17.968318521646736 59.36987895600672, 17.968241913311022 59.36992724767671, 17.9681923601996 59.36997265875548, 17.968167796299976 59.37001713235284, 17.968160648915596 59.37005863038642, 17.968169027445807 59.37010070042432, 17.968189863730675 59.370146108110085, 17.968226156271378 59.37019128963058, 17.968270724441812 59.3702322480063, 17.968321208389433 59.37026494837035, 17.968367432866454 59.37028900240603, 17.968469129872958 59.37033071749949, 17.968585540249784 59.37035967887174, 17.968905328556954 59.37040018265833)",false
938,978,1864825,Bergaliden,"LINESTRING (17.966905375964124 59.36818818587679, 17.966610812966405 59.368293475126336)",false
939,979,1864828,Furuvägen,"LINESTRING (17.970865428350976 59.36846249956088, 17.97110059730656 59.36833990856938)",false
940,980,1864829,Furuvägen,"LINESTRING (17.97110059730656 59.36833990856938, 17.97133103370205 59.36821978831581, 17.971621142883574 59.36804566750636)",false
941,981,1864757,Rensgatan,"LINESTRING (17.973286517952655 59.36720710278929, 17.973356414003263 59.36721109936301)",false
942,982,1867348,Vackra vägen,"LINESTRING (17.973398738942937 59.36543808387105, 17.97324592418196 59.365392093373565)",false
943,983,1867178,Vackra vägen,"LINESTRING (17.97345131441985 59.3672165257444, 17.97353711164835 59.366817146611425, 17.973635693140075 59.366381037653554, 17.973699746119976 59.366137674345225, 17.97371791348568 59.366038962474256, 17.97372666998677 59.36584444139047)",false
944,984,1867347,Vackra vägen,"LINESTRING (17.97372666998677 59.36584444139047, 17.973593691149517 59.365622718641156, 17.97350567559741 59.36551299531979, 17.973421303200638 59.36544487467823, 17.973398738942937 59.36543808387105)",false
945,985,1867200,Kolonivägen,"LINESTRING (17.97372666998677 59.36584444139047, 17.974149064857652 59.36586053914025, 17.97465278800761 59.36588845602134, 17.97502690013456 59.36591947329843, 17.975137635394294 59.36593138605653, 17.97522667683958 59.36594665147378, 17.975330238527917 59.36598157014044)",false
946,986,1867180,Ängsstigen,"LINESTRING (17.97530141235074 59.36602307028388, 17.975267255666846 59.3660722474998, 17.975189952591826 59.36619177315371, 17.9749734662367 59.36671940107223, 17.9749170208994 59.36688412606933, 17.974922835495317 59.36691894873605, 17.9749481287074 59.366958080379845, 17.975002567141466 59.36699350053486, 17.975054486067478 59.36701342348132, 17.975598100746833 59.367163677867765)",false
947,987,1867179,Ängsstigen,"LINESTRING (17.975330238527917 59.36598157014044, 17.97530141235074 59.36602307028388)",false
948,988,1867469,Ängsstigen,"LINESTRING (17.976760991145035 59.36491902786754, 17.976440147074758 59.365172912427354, 17.975880865607042 59.36556736246068, 17.975465156049925 59.36585216547758, 17.97540319357552 59.36589701816723, 17.975351551854548 59.365953981930964, 17.975330238527917 59.36598157014044)",false
949,989,1867269,Friluftsvägen,"LINESTRING (17.975598100746833 59.367163677867765, 17.9759016735984 59.36692396563465, 17.97628532705531 59.36667483084643, 17.976406109232432 59.36659526066201, 17.97648154211954 59.3665343744366, 17.976547534313053 59.36647665116101, 17.97661173839125 59.36641540125629, 17.976668097596452 59.366348004359445, 17.976724613725658 59.366283605163495, 17.976831089102397 59.36615191020134, 17.977116761555063 59.36583612410165, 17.977179024366666 59.36577845869424, 17.977243212034033 59.365734920158566, 17.97731917782971 59.36570103304496, 17.97743163988271 59.365652123302475, 17.977630706976427 59.36556860683816)",false
950,990,1867610,Tulegatan,"LINESTRING (17.97350354492162 59.36530670841766, 17.973444909614745 59.36533569592371, 17.97337267823156 59.36536079713492, 17.97324592418196 59.365392093373565)",false
951,991,1867612,Tulegatan,"LINESTRING (17.973387515716762 59.365130552973426, 17.973452997080493 59.365147992495224, 17.973493043415047 59.365174908370406, 17.973518459527885 59.36520723508333, 17.973531740783535 59.36523265886727, 17.97350354492162 59.36530670841766)",false
952,992,1867618,Vackra vägen,"LINESTRING (17.97350354492162 59.36530670841766, 17.973549782964785 59.36539689690777)",false
953,993,1867619,Vackra vägen,"LINESTRING (17.973549782964785 59.36539689690777, 17.973563325602107 59.36542329419517, 17.973621909224363 59.365519167674734, 17.97368933440251 59.36562936071021, 17.973745760024396 59.36570701492971, 17.973750942745543 59.36574046821224, 17.97372666998677 59.36584444139047)",false
954,995,1873344,Otterstavägen,"LINESTRING (17.97199021339394 59.3582975949703, 17.971852602690486 59.358840636435964, 17.971791112477092 59.359082323131425, 17.971788348852154 59.359116721488384, 17.971799812607586 59.35914817150445, 17.97182644294369 59.35917392901417, 17.9719298278963 59.359224408772896)",false
955,996,1873361,Cirkusgränd,"LINESTRING (17.97542907870093 59.358264187584375, 17.975830912952954 59.35851155264177, 17.97606984202193 59.35866388108372)",false
956,997,1873410,Humblegatan,"LINESTRING (17.967763743580235 59.35929533124843, 17.96775408830522 59.35930283063707)",false
957,998,1873411,Humblegatan,"LINESTRING (17.96775408830522 59.35930283063707, 17.96746614488066 59.3595264501535)",false
958,999,1876052,Sturegatan,"LINESTRING (17.96973467695053 59.362680474502596, 17.97051247967344 59.36243154921749, 17.97123124716962 59.36219606012242)",false
959,1000,1876035,Rosengatan,"LINESTRING (17.97123124716962 59.36219606012242, 17.971635320317336 59.3625167125684, 17.972276951659524 59.36303332150664)",false
960,1001,1876033,Tallgatan,"LINESTRING (17.975382879386853 59.362438069901934, 17.975003423296563 59.36212574026665)",false
961,1002,1876054,Stationsgatan,"LINESTRING (17.96928167226677 59.362286096309326, 17.969272780638086 59.36227835621589)",false
962,1003,1876053,Stationsgatan,"LINESTRING (17.96973467695053 59.362680474502596, 17.96928167226677 59.362286096309326)",false
963,1004,1876032,Tallgatan,"LINESTRING (17.976074604359322 59.36302167139094, 17.9754706187227 59.36251028635508, 17.975382879386853 59.362438069901934)",false
964,1005,1875963,Råstensgatan,"LINESTRING (17.973772486640975 59.36254092172083, 17.97433260683635 59.362970392904835, 17.974860306495238 59.36341160071522)",false
965,1006,1875925,Stationsgatan,"LINESTRING (17.96973467695053 59.362680474502596, 17.970324082794672 59.36311850546791)",false
966,1007,1875920,Sturegatan,"LINESTRING (17.96818933189146 59.36318089852149, 17.96973467695053 59.362680474502596)",false
967,1008,1868946,Rosengatan,"LINESTRING (17.972820792468486 59.36348568008908, 17.972276951659524 59.36303332150664)",false
968,1009,1868930,Prästgårdsgatan,"LINESTRING (17.972276951659524 59.36303332150664, 17.97145131547428 59.36328600773161, 17.97087289882238 59.36347488735331, 17.97021271903933 59.363681380068165)",false
969,1010,1868971,Brunnsgatan,"LINESTRING (17.96818933189146 59.36318089852149, 17.968791233456997 59.36371307589435)",false
970,1011,1868947,Vintergatan,"LINESTRING (17.974860306495238 59.36341160071522, 17.976074604359322 59.36302167139094)",false
971,1012,1876055,Stationsgatan,"LINESTRING (17.969272780638086 59.36227835621589, 17.96881401217206 59.361878949027165)",false
972,1013,1876084,Prästgårdsgatan,"LINESTRING (17.975003423296563 59.36212574026665, 17.974932731826573 59.36214883939181)",false
973,1014,1876085,Prästgårdsgatan,"LINESTRING (17.974932731826573 59.36214883939181, 17.974856323395276 59.36217381135257)",false
974,1015,1876086,Prästgårdsgatan,"LINESTRING (17.974856323395276 59.36217381135257, 17.974393090908737 59.36232520430509, 17.973772486640975 59.36254092172083)",false
975,1016,1876175,Råstensgatan,"LINESTRING (17.973772486640975 59.36254092172083, 17.97327472626451 59.362090319441315, 17.972744779095596 59.36169173247891)",false
976,1017,1876182,Sturegatan,"LINESTRING (17.972744779095596 59.36169173247891, 17.97123124716962 59.36219606012242)",false
977,1018,1876183,Rosengatan,"LINESTRING (17.97123124716962 59.36219606012242, 17.97080270692428 59.36185861239302, 17.970313601558562 59.361454475209456)",false
978,1020,1876200,Lysgränd,"LINESTRING (17.972744779095596 59.36169173247891, 17.97187330951899 59.36099088959934)",false
979,1021,1876254,Sturegatan,"LINESTRING (17.973923545400954 59.36132623019926, 17.973262190294992 59.36153732201371, 17.972744779095596 59.36169173247891)",false
980,1022,964516,Gränsgatan,"LINESTRING (17.97828762413829 59.36367296737316, 17.97813028528784 59.36372131293946, 17.977971255040654 59.36378650971519, 17.97776795133088 59.363870366303296)",false
981,1023,1869102,Gränsgatan,"LINESTRING (17.977823112527417 59.36380232760618, 17.97783249096263 59.363797965398376, 17.977913425076352 59.36376699261281)",false
982,1024,1869101,Tulegatan,"LINESTRING (17.977776457144785 59.36382402898689, 17.977823112527417 59.36380232760618)",false
983,1025,739479,Tulegatan,"LINESTRING (17.977449172337902 59.36393780683332, 17.977776457144785 59.36382402898689)",false
984,1027,964517,Tulegatan,"LINESTRING (17.97776795133088 59.363870366303296, 17.97746629796241 59.36397852102328)",false
985,1029,739478,Tulegatan,"LINESTRING (17.977434566871597 59.363942805118754, 17.977439727419455 59.36394109041706, 17.977449172337902 59.36393780683332)",false
986,1030,739477,Tulegatan,"LINESTRING (17.976210778852423 59.36432052066882, 17.97631552996381 59.36429654426423, 17.976395774355044 59.364276955461996, 17.97655242758565 59.36422916688513, 17.97682797482063 59.36414083163165, 17.977014137639877 59.364080480021954, 17.97725021995333 59.364004035135224, 17.977434566871597 59.363942805118754)",false
987,1032,739488,Tulegatan,"LINESTRING (17.97746629796241 59.36397852102328, 17.977413826789288 59.363991617171806, 17.977347480760717 59.36401089810469, 17.976873356214917 59.36416754376329, 17.97675974580301 59.364203907950085, 17.976648515532915 59.36423971445944, 17.976520741117266 59.36428238657787, 17.976394558287534 59.364324743653754, 17.976334445836528 59.364344663473716, 17.976263537259886 59.36437135361925)",false
988,1033,739489,Tulegatan,"LINESTRING (17.976263537259886 59.36437135361925, 17.976167203450615 59.36440761927425)",false
989,1034,1867615,Lövgatan,"LINESTRING (17.97830486430845 59.364756991954536, 17.97837770437878 59.3646941239411)",false
990,1035,1867614,Friluftsvägen,"LINESTRING (17.977583346343597 59.36539185645856, 17.97759628155181 59.36536711909967, 17.97763098661612 59.3653308675811, 17.977695171601884 59.36527888204683, 17.97816636742749 59.36487652513013, 17.97830486430845 59.364756991954536)",false
991,1036,1867484,Skogsbacken,"LINESTRING (17.977583346343597 59.36539185645856, 17.977467212297146 59.36535249118147, 17.977374431618298 59.365310031315246, 17.97730073397438 59.36526536522443, 17.977183885747245 59.36517748279478, 17.976760991145035 59.36491902786754)",false
992,1037,1867296,Skogsbacken,"LINESTRING (17.977630706976427 59.36556860683816, 17.97760494995062 59.365530834170556, 17.97758686709053 59.365487225014306, 17.977580940354375 59.36544151398841, 17.977583346343597 59.36539185645856)",false
993,1038,1867266,Skogsbacken,"LINESTRING (17.97912573956802 59.36755907025122, 17.978822175157937 59.36709218064007, 17.978518686040683 59.366641586561286, 17.9783372142457 59.36640147677958, 17.97797979403521 59.36593316256834, 17.977630706976427 59.36556860683816)",false
994,1039,1868910,Råstensgatan,"LINESTRING (17.974860306495238 59.36341160071522, 17.97551943432138 59.363907136505986)",false
995,1040,1868913,Rosengatan,"LINESTRING (17.972820792468486 59.36348568008908, 17.973060988067168 59.36367253639281, 17.973331706938282 59.363896553775184)",false
996,1041,1868895,Kyrkogatan,"LINESTRING (17.970768845285065 59.364152633971656, 17.97021271903933 59.363681380068165)",false
997,1043,1868909,Götgatan,"LINESTRING (17.976691990360422 59.363542937895836, 17.97602302794525 59.36375369585182, 17.97551943432138 59.363907136505986)",false
998,1044,1868885,Rosengatan,"LINESTRING (17.973331706938282 59.363896553775184, 17.973439670501605 59.3640055704533, 17.973545886386557 59.364112712915855, 17.97358810463411 59.36416686056111, 17.973613570804478 59.36421826329448, 17.97362378771514 59.36426418206341, 17.973607131480016 59.364334508779045, 17.97356121208537 59.364397927981116)",false
999,1045,1868861,Fågelsången,"LINESTRING (17.969040015201433 59.36472105856466, 17.970768845285065 59.364152633971656)",false
1000,1046,1869097,Kyrkogatan,"LINESTRING (17.971940659814724 59.364906213380635, 17.971866836349836 59.364898236834264, 17.971775091625965 59.364882204112966, 17.971710080616266 59.364857851834174, 17.97164776601206 59.36483373458138, 17.971588272524556 59.36480302917989, 17.97152202696098 59.364766978296316, 17.971170938148195 59.36449348868533, 17.970768845285065 59.364152633971656)",false
1001,1047,739476,Tulegatan,"LINESTRING (17.97605797353543 59.36433047090965, 17.976167302217316 59.364325584125275, 17.976210778852423 59.36432052066882)",false
1002,1048,1868867,Rosengatan,"LINESTRING (17.97356121208537 59.364397927981116, 17.973503866360524 59.36446615474864, 17.973455457471474 59.36451461517138, 17.973342114173978 59.36457579840647)",false
1003,1049,1869104,Skogsbacken,"LINESTRING (17.976139200356172 59.364495045200144, 17.9760966299837 59.36446545601918)",false
1004,1050,1869103,Skogsbacken,"LINESTRING (17.976760991145035 59.36491902786754, 17.976606876294888 59.364824088457425, 17.97648739424413 59.3647370473798, 17.976139200356172 59.364495045200144)",false
1005,1053,1867603,Bergsgatan,"LINESTRING (17.969807676346278 59.36544321945543, 17.969746284925 59.36539120587448, 17.969078856572512 59.364844781750165, 17.969049514740774 59.36481824075123, 17.9690377170584 59.36479061715363, 17.969040015201433 59.36472105856466)",false
1006,1056,1869096,Kyrkogatan,"LINESTRING (17.97290079474145 59.364869992603715, 17.97274116247694 59.36487136926448, 17.97239828601321 59.36488974791181, 17.972084499669077 59.36491205411119, 17.9719705882396 59.36490945779003, 17.971940659814724 59.364906213380635)",false
1007,1059,1867613,Tulegatan,"LINESTRING (17.973048090097695 59.36521914270296, 17.973138073413576 59.36518749032663, 17.973239728995814 59.365163290547365, 17.973387515716762 59.365130552973426)",false
1008,1060,1867265,Ravinstigen,"LINESTRING (17.97928636147675 59.36780211152991, 17.97928422771708 59.3677667555581, 17.97927151494008 59.36772339227337, 17.979217506438378 59.36765862478392, 17.979127335216226 59.36756152559093, 17.97912573956802 59.36755907025122)",false
1009,1061,1864865,Skogsbacken,"LINESTRING (17.979212567107833 59.367894691430976, 17.979236363649477 59.36786713566319, 17.97928636147675 59.36780211152991)",false
1010,1062,1864866,Ravinstigen,"LINESTRING (17.979212567107833 59.367894691430976, 17.979436641207904 59.36796887076562, 17.97951937971214 59.36796358272734, 17.97968396346234 59.3679428278284, 17.979829042529055 59.36792450453629, 17.97991050640887 59.36793699269436, 17.97994875223128 59.367963956851554, 17.98016010523211 59.368306396688695)",false
1011,1063,785045,Bällstabro,"LINESTRING (17.961779008585967 59.360512039186226, 17.961821598286193 59.360523180684886)",false
1012,1064,785046,Bällstabro,"LINESTRING (17.961821598286193 59.360523180684886, 17.962035771753545 59.36057920519287)",false
1013,1065,784980,Järnvägsgatan,"LINESTRING (17.94164011046997 59.370852182827896, 17.941623844476137 59.37081583382045, 17.94160710317669 59.37077887551558)",false
1014,1066,815264,Järnvägsgatan,"LINESTRING (17.94160710317669 59.37077887551558, 17.941501951539795 59.370827174977435, 17.94133016341079 59.37086129774057, 17.941155561032488 59.37091679814523, 17.941039590000724 59.37097232332403, 17.94093898943414 59.371027852057765, 17.940579710636747 59.37129844232973, 17.940483307084733 59.37135040747788, 17.94038130356536 59.37139097904844, 17.9402769571907 59.37141629154479, 17.940192426340392 59.37142868468446, 17.940105436209784 59.371435247526165, 17.940017650083387 59.37143810813356, 17.939930188500664 59.37143373676379, 17.93984405893039 59.371424617740054, 17.939760582159355 59.371410550547935, 17.93968070974859 59.37139174736479, 17.939606194022577 59.371367908091685, 17.93953526566571 59.37134137300677, 17.939521693557563 59.371336746752704)",false
1015,1068,1843098,Duvkullavägen,"LINESTRING (17.943213372093734 59.37133476533802, 17.94189709249626 59.371365242810214, 17.941555794448135 59.37137591041299, 17.941406619646095 59.37138798391351, 17.94129174083326 59.371403084386245, 17.941184123248743 59.37143249707973, 17.941015206578708 59.37151728854057, 17.94077866750977 59.371675536865126, 17.940726193158557 59.37170982445178, 17.940492149710302 59.3718576822195, 17.940306119052593 59.371969151262306, 17.940085357653885 59.3720795073581)",false
1016,1069,1861037,Rissneleden,"LINESTRING (17.93808725100446 59.372437795038074, 17.93830125713017 59.37239495237274, 17.938563366371593 59.37233441919305, 17.938876413491627 59.37226739051245, 17.93919117788142 59.37218990778104, 17.93937859529564 59.372126941524634, 17.939578041237667 59.372037986328756, 17.939771198108346 59.371917281978796, 17.940091261445538 59.371692642535166, 17.940325626073196 59.371566784521974, 17.940537803245785 59.37147160994848, 17.940781597594714 59.37138290139215, 17.941121569001147 59.37125854117571, 17.941256761465542 59.37121026510523, 17.941314780516592 59.37118896338637)",false
1017,1070,1861038,Rissneleden,"LINESTRING (17.941314780516592 59.37118896338637, 17.941329056138464 59.37118372152424)",false
1018,1071,1861039,Rissneleden,"LINESTRING (17.941329056138464 59.37118372152424, 17.941548144233863 59.371103282388596, 17.941611931176677 59.37107887516453, 17.941657804998446 59.3710537758876, 17.94169786784135 59.371019929737216, 17.94171351681777 59.37099936745497, 17.941729691758212 59.37095317471079, 17.94168636981408 59.370901037168494, 17.941673173192008 59.37088711042034)",false
1019,1072,1864741,Karlavägen,"LINESTRING (17.949320234205416 59.3680819392958, 17.94931299562245 59.368074933269476, 17.949261315745847 59.36805577662637, 17.94908573108465 59.36800377654759)",false
1020,1073,1864648,Järnvägsgatan,"LINESTRING (17.949875424109635 59.36735182854955, 17.949718540192368 59.36744557013265, 17.949539464911048 59.36756171223083, 17.94940103889038 59.36766935018508, 17.949283096205036 59.36778074785176, 17.94919016855127 59.367871864426355, 17.94908573108465 59.36800377654759)",false
1021,1074,1864740,Karlavägen,"LINESTRING (17.949328439313806 59.36808987774989, 17.949320234205416 59.3680819392958)",false
1022,1075,1864739,Karlavägen,"LINESTRING (17.94933865515416 59.368099764667654, 17.949328439313806 59.36808987774989)",false
1023,1076,1864738,Karlavägen,"LINESTRING (17.949760509119137 59.3686275099868, 17.94959694110794 59.36841332240685, 17.949509875364395 59.36828453040303, 17.949436794384667 59.36819390833187, 17.949376026568622 59.368131133342466, 17.94933865515416 59.368099764667654)",false
1024,1077,1864690,Ekbacksgränd,"LINESTRING (17.94928618403369 59.36736873925722, 17.949403169805375 59.36734160564804, 17.949533830423913 59.367319697768245, 17.94962529040606 59.367312847576365, 17.949709872063952 59.367316190187836, 17.949769661309155 59.36732454182983, 17.949875424109635 59.36735182854955)",false
1025,1078,1861288,Alvängsvägen,"LINESTRING (17.949681849346014 59.368643614434795, 17.949760509119137 59.3686275099868)",false
1026,1079,1861355,Karlavägen,"LINESTRING (17.949848075550378 59.368701854175086, 17.949760509119137 59.3686275099868)",false
1027,1080,1861324,Karlavägen,"LINESTRING (17.949848075550378 59.368701854175086, 17.950027456083532 59.368894557843326, 17.950112030288192 59.36897193492603, 17.95020284541313 59.369046771478615, 17.95030058784611 59.369121496106615, 17.950393252362478 59.36919167194444, 17.95049771593322 59.369262488211355, 17.95059535295209 59.3693355795943, 17.9507297610475 59.36942580124313)",false
1028,1082,1861315,Lönnvägen,"LINESTRING (17.95092427793774 59.36953143857421, 17.951085141519638 59.36945546046469, 17.95118722642363 59.36941360239632, 17.9512507937498 59.36939711181912, 17.951318296508905 59.36939308535641, 17.951393673539318 59.36939599736866, 17.952292921601757 59.369474768494456)",false
1029,1083,1864639,Kanalstigen,"LINESTRING (17.95202553068464 59.36801248512778, 17.952023936372136 59.368010346655836, 17.95194721134402 59.3679044066522, 17.951914411066348 59.367828032772266, 17.951894224225896 59.367747904680265, 17.951883276140055 59.36763411296378, 17.951868944075077 59.367453848538354, 17.951855894154317 59.36734989901657, 17.951830353302576 59.3672426020857)",false
1030,1084,1864693,Granlidsvägen,"LINESTRING (17.951830353302576 59.3672426020857, 17.95229067387288 59.367104424237645, 17.952602489032927 59.3670113123334, 17.952915587588503 59.36694026684386, 17.953193513187376 59.3668795695097, 17.953453260085595 59.36684588168538, 17.953714370175234 59.366817347294095, 17.95393812173537 59.36679810577663, 17.95404180529464 59.36679924242881, 17.95414207792581 59.366805892763836, 17.9542289902186 59.36682146330188, 17.954316248072143 59.36684302851775, 17.954409219298835 59.366870772259006, 17.954698966162645 59.366993115674674)",false
1031,1085,1864638,Dalsänkan,"LINESTRING (17.95207555487714 59.3680796088215, 17.95202553068464 59.36801248512778)",false
1032,1086,1864636,Kanalstigen,"LINESTRING (17.952653514351297 59.36808488469817, 17.952440202925292 59.36804024945267, 17.952350084089648 59.36803156160975, 17.95226925133738 59.36803552215478, 17.95219891974798 59.36804585840334, 17.95207555487714 59.3680796088215)",false
1033,1087,1864609,Dalsänkan,"LINESTRING (17.95207555487714 59.3680796088215, 17.952173008988375 59.36816740405684, 17.952268820016126 59.36822718255634, 17.952381313695934 59.368289710197786, 17.95248019976855 59.368338276419806, 17.952581272860712 59.36837919098291, 17.95267214670319 59.3684099129046, 17.952725788149266 59.3684240635929)",false
1034,1088,1861318,Björkhagsvägen,"LINESTRING (17.95236144071764 59.36948077006453, 17.952544371927175 59.36913684382242, 17.95264104722247 59.368912945544885)",false
1035,1089,1864583,Björkhagsvägen,"LINESTRING (17.952725788149266 59.3684240635929, 17.952706699578663 59.36847118659987, 17.952692683683317 59.368522588782135, 17.952687141653843 59.36858256022746, 17.952687366264122 59.368649526835775, 17.952682873534368 59.36871792122845, 17.952679329813943 59.368784676665626, 17.95266737055007 59.368843939818326, 17.95264104722247 59.368912945544885)",false
1036,1090,1864628,Kanalstigen,"LINESTRING (17.954456278279935 59.36818401616654, 17.95417203429577 59.36819383745501, 17.953967311883037 59.36819535016842, 17.9537496709941 59.36819488188459, 17.953574879319106 59.368188320330376, 17.953416975218325 59.36817876998727, 17.953268570754073 59.36816771923454, 17.953042348337537 59.368148331257764, 17.95286248191604 59.36812794663874, 17.952653514351297 59.36808488469817)",false
1037,1091,1864637,Björkhagsvägen,"LINESTRING (17.954698966162645 59.366993115674674, 17.954461842365287 59.3671118028085, 17.95412291035838 59.3672794786112, 17.953729735093415 59.36747853034281, 17.953272734205992 59.367718636722465, 17.9529770990271 59.367878013835934, 17.952790772271175 59.367997721473415, 17.952653514351297 59.36808488469817)",false
1038,1092,1864607,Dalsänkan,"LINESTRING (17.954188020138403 59.36841927226153, 17.95356757534439 59.3684350762127, 17.953256994801315 59.36844149353672, 17.953019352877487 59.36844568256994, 17.952900339992357 59.368444254316884, 17.952725788149266 59.3684240635929)",false
1039,1093,1864568,Oskarsvägen,"LINESTRING (17.953803538581425 59.36960425483677, 17.953955080565866 59.36909010841089, 17.95404073386592 59.36879750112944, 17.95411690774744 59.36857908932513, 17.954188020138403 59.36841927226153)",false
1040,1094,1864606,Dalsänkan,"LINESTRING (17.954188020138403 59.36841927226153, 17.95495093188172 59.36840453985959, 17.95557594378263 59.36838458209477)",false
1041,1095,1864629,Hästhagsgatan,"LINESTRING (17.955433425096288 59.36726594422055, 17.95528197607883 59.36735196744458, 17.955179955159938 59.36743367983246, 17.954960423906684 59.36759735666071, 17.954771008726844 59.367755120591866, 17.954706100643715 59.36782291678318, 17.95462699616971 59.367922000086104, 17.954597124309377 59.36796797504219, 17.954456278279935 59.36818401616654)",false
1042,1096,1864627,Kanalstigen,"LINESTRING (17.955778095600675 59.36811385418053, 17.955099459494416 59.36815561541193, 17.954456278279935 59.36818401616654)",false
1043,1097,1867111,Järnvägsgatan,"LINESTRING (17.949875424109635 59.36735182854955, 17.950084452588413 59.36725484879103, 17.95032477542621 59.36713612441216, 17.95060180343947 59.367014376096684, 17.950902560196404 59.366878647087546, 17.951149294888435 59.36676853715615, 17.951319078034942 59.36670378659995, 17.951501380493152 59.36664292175882, 17.951721267426095 59.366576586764104)",false
1044,1098,1867112,Kanalstigen,"LINESTRING (17.951721267426095 59.366576586764104, 17.951773577193002 59.366612316071894, 17.951800937081575 59.36663887870791)",false
1045,1099,1867113,Kanalstigen,"LINESTRING (17.951800937081575 59.36663887870791, 17.95181889621453 59.36665632690745, 17.951839227899896 59.36669337346961, 17.951848044792914 59.36672513652831, 17.9518474414531 59.36676032088612, 17.951838744708677 59.36680325464005, 17.95182764842666 59.36685058291067, 17.951811678532994 59.366906450298124, 17.951802616817346 59.366961388448665, 17.951800061962203 59.367017868580994, 17.95180306354151 59.367068804397704, 17.951807020630092 59.367127086987495, 17.951830353302576 59.3672426020857)",false
1046,1100,1867182,Björkhagsvägen,"LINESTRING (17.954698966162645 59.366993115674674, 17.954978359850514 59.36683015782213, 17.955187163414365 59.366693367247755, 17.955332029917884 59.36657745353348, 17.955445378316472 59.36647948026407, 17.95555921172168 59.36636240986864, 17.9556868864951 59.36620858771473)",false
1047,1101,815347,Järnvägsgatan,"LINESTRING (17.945178387366493 59.3703184289698, 17.944765770778126 59.3703931681223, 17.944679836019787 59.370402522795885, 17.944256277356416 59.37046277071999, 17.944169352145874 59.370469640375696, 17.943907265201904 59.37050741459452)",false
1048,1102,783401,,"LINESTRING (17.943907265201904 59.37050741459452, 17.94160710317669 59.37077887551558)",false
1049,1103,1843105,Duvkullavägen,"LINESTRING (17.94508434737639 59.37128517458071, 17.945172274239212 59.371284288745066)",false
1050,1104,1843106,Duvkullavägen,"LINESTRING (17.945172274239212 59.371284288745066, 17.94570648323676 59.371278907620116, 17.94610435961257 59.37127281454035)",false
1051,1105,1843108,Ekovägen,"LINESTRING (17.94503548382057 59.371796638235914, 17.945060784363953 59.37153762492957, 17.94508434737639 59.37128517458071)",false
1052,1106,1842075,Högalidsvägen,"LINESTRING (17.943288450353354 59.372150061896875, 17.943256035288762 59.37173430053881, 17.943213372093734 59.37133476533802)",false
1053,1107,1843104,Lodbrinken,"LINESTRING (17.9462799119161 59.37127012629651, 17.946294283454016 59.37155058210512)",false
1054,1108,1843107,Duvkullavägen,"LINESTRING (17.94610435961257 59.37127281454035, 17.9462799119161 59.37127012629651)",false
1055,1109,1842044,Solvallavägen,"LINESTRING (17.94768678608808 59.37148295933512, 17.947992158132905 59.371460031716815, 17.94831460933043 59.371455362718926, 17.94869567124549 59.371458775281674, 17.94913913093416 59.37147129746073, 17.94937945407345 59.37148475729367, 17.94955532971027 59.371500573587504)",false
1056,1110,1842037,Solvallavägen,"LINESTRING (17.946294283454016 59.37155058210512, 17.946561165328124 59.371535330121816, 17.94681969542289 59.371532181625284, 17.946988619987998 59.37152959375292, 17.947181126249134 59.3715195713637, 17.947369999356265 59.371501974895445, 17.94768678608808 59.37148295933512)",false
1057,1111,1842036,Rinkebyvägen,"LINESTRING (17.946620954072745 59.372189145478366, 17.947020659093017 59.372019406726615, 17.947349211421255 59.37188314831079, 17.94749944353658 59.37181632028888, 17.947600124819346 59.371759787117014, 17.947644972128714 59.3717149939437, 17.947665480728308 59.37167358167163, 17.94766915162097 59.371627239513955, 17.94768678608808 59.37148295933512)",false
1058,1112,1842022,Solvallavägen,"LINESTRING (17.946294283454016 59.37155058210512, 17.945788583546918 59.371650072513496, 17.94503548382057 59.371796638235914)",false
1059,1113,1842021,Högåsvägen,"LINESTRING (17.94955532971027 59.371500573587504, 17.9494562335573 59.37169266003555, 17.949384808396864 59.37180238496444, 17.949312640947447 59.37188107152769, 17.949224212939917 59.3719553993818, 17.9489925162496 59.3721154855275)",false
1060,1114,1841991,Solvallavägen,"LINESTRING (17.943288450353354 59.372150061896875, 17.944143509886963 59.37197689700763, 17.94503548382057 59.371796638235914)",false
1061,1115,1841990,Ekovägen,"LINESTRING (17.94503548382057 59.371796638235914, 17.945004966189124 59.372067163433314, 17.944978710191968 59.372328363873706)",false
1062,1116,1841923,Solvallavägen,"LINESTRING (17.942719581712126 59.37226383411829, 17.943288450353354 59.372150061896875)",false
1063,1117,1841922,Högalidsvägen,"LINESTRING (17.9432764308749 59.37227219912349, 17.943288450353354 59.372150061896875)",false
1064,1118,1843109,Duvkullavägen,"LINESTRING (17.943213372093734 59.37133476533802, 17.944168832234826 59.37130953120835, 17.944860972959724 59.37128722890356, 17.94508434737639 59.37128517458071)",false
1065,1119,1854334,Rinkebyvägen,"LINESTRING (17.94768678608808 59.37148295933512, 17.947706501461038 59.371310326668805, 17.947737279318186 59.37089987594485)",false
1066,1120,1854335,Duvkullavägen,"LINESTRING (17.9462799119161 59.37127012629651, 17.946753725645035 59.37112729710639, 17.946994650684168 59.37106071074941, 17.947267459466744 59.37099228878863, 17.94750959103106 59.370937391715955, 17.947737279318186 59.37089987594485)",false
1067,1121,1861040,,"LINESTRING (17.941673173192008 59.37088711042034, 17.94164011046997 59.370852182827896)",false
1068,1122,1861065,Högalidsvägen,"LINESTRING (17.943213372093734 59.37133476533802, 17.943173526880468 59.37095614840964, 17.94314713954512 59.37070637197767)",false
1069,1123,1861139,Rinkebyvägen,"LINESTRING (17.947737279318186 59.37089987594485, 17.947742972196547 59.37085841139998)",false
1070,1124,1861140,Rinkebyvägen,"LINESTRING (17.947742972196547 59.37085841139998, 17.947807475796985 59.370388620080625, 17.947806657798367 59.370302338473934, 17.947803145020348 59.370179338722885)",false
1071,1125,1861180,Solängsvägen,"LINESTRING (17.947803145020348 59.370179338722885, 17.946838169615255 59.37025075976411, 17.946441953409096 59.37027970108923, 17.94635676415857 59.3702913493904)",false
1072,1126,1861181,Solängsvägen,"LINESTRING (17.94635676415857 59.3702913493904, 17.94630928783765 59.370309495624866, 17.946277746121563 59.370335566620156, 17.94627245346602 59.370352770137245)",false
1073,1127,1861182,Lodbrinken,"LINESTRING (17.94627245346602 59.370352770137245, 17.946266994878425 59.370370516555205)",false
1074,1128,1861183,Lodbrinken,"LINESTRING (17.946266994878425 59.370370516555205, 17.94626655424569 59.37037195166968, 17.94626958418499 59.37041437724136, 17.94627925462794 59.37064208459614, 17.946285592464037 59.37095860247952, 17.946280741146907 59.371224696695656)",false
1075,1129,1861184,Lodbrinken,"LINESTRING (17.946280741146907 59.371224696695656, 17.9462799119161 59.37127012629651)",false
1076,1130,1861185,Ekovägen,"LINESTRING (17.945178387366493 59.3703184289698, 17.945171675819807 59.37038476132571)",false
1077,1131,1861186,Ekovägen,"LINESTRING (17.945171675819807 59.37038476132571, 17.945145363946367 59.370644480486646, 17.94508434737639 59.37128517458071)",false
1078,1132,1861272,Rinkebyvägen,"LINESTRING (17.947803145020348 59.370179338722885, 17.947740242043405 59.369862608231976, 17.94764438533107 59.36955727116525)",false
1079,1133,1861285,Ripvägen,"LINESTRING (17.949415649029984 59.36993518109864, 17.94908789857894 59.369659542344785, 17.948861531752335 59.36943868739539, 17.9486546241593 59.369194945224166, 17.94848743619618 59.36900175189467)",false
1080,1134,1861286,Ripvägen,"LINESTRING (17.94848743619618 59.36900175189467, 17.94847605468354 59.36898859886199, 17.948468169468065 59.36895415473315, 17.948474916823727 59.36893165967659)",false
1081,1135,1861287,Alvängsvägen,"LINESTRING (17.948474916823727 59.36893165967659, 17.94847752209962 59.36892297791807, 17.94850621623765 59.3688939515093, 17.948556746565927 59.368873300173185, 17.94863099181068 59.36885691079193, 17.94875863556112 59.368832627880586, 17.949681849346014 59.368643614434795)",false
1082,1136,1864562,Järnvägsgatan,"LINESTRING (17.94908573108465 59.36800377654759, 17.94903880604998 59.368059436317075, 17.9488562239373 59.368252638561394, 17.948667918752765 59.368478489794896, 17.948515067158674 59.36866377631793, 17.948410186946315 59.368780569242645)",false
1083,1137,1864563,Järnvägsgatan,"LINESTRING (17.948410186946315 59.368780569242645, 17.94840996693818 59.368780813242964, 17.948311367757313 59.368881690231014, 17.9482158269983 59.368971364485624, 17.948125944931718 59.36904815076386, 17.948033888081223 59.36912442903781, 17.947938921393582 59.36919639693989, 17.947830394959805 59.36927400902218, 17.94772512798322 59.36934313653842, 17.947625816868737 59.36940482378177, 17.947493971667527 59.36946673443983, 17.947358867392527 59.3695276133907, 17.947195001673656 59.36959790370752, 17.946874560535218 59.369726960762364, 17.94631068202766 59.36995202518396, 17.945943090488832 59.37009595683583, 17.94576544301752 59.37015884688814, 17.945613681698614 59.37020881415507, 17.9454853226321 59.370248071462086, 17.94537257433846 59.37028137771766, 17.945178387366493 59.3703184289698)",false
1084,1138,1864666,Ekbacksgränd,"LINESTRING (17.947229166451766 59.36783311009369, 17.947505345746517 59.36770565483638, 17.947647804897233 59.36763913689817, 17.947761342640316 59.36758969901388, 17.947851575149592 59.36756159934297, 17.947934408098842 59.36754398272317, 17.948024723804558 59.367526780887495, 17.94818586776071 59.36750577541352)",false
1085,1139,1864685,Ekbacksgränd,"LINESTRING (17.94818586776071 59.36750577541352, 17.94928618403369 59.36736873925722)",false
1086,1140,1864689,Ekbacksgränd,"LINESTRING (17.94815644699712 59.368216269437106, 17.94827324182352 59.368252590336816, 17.948333772263183 59.36826581419547, 17.94842356602101 59.368269345297335, 17.94849500759371 59.368259812700636, 17.948551539608143 59.368232259238056, 17.9486192500272 59.36816860829459, 17.94870687790823 59.36806488808779, 17.949032237572403 59.36769270135386, 17.949199329010835 59.3674908454654, 17.94928618403369 59.36736873925722)",false
1087,1141,1861020,Duvkullavägen,"LINESTRING (17.95188211038922 59.370831625425694, 17.95116306560087 59.370795034028916, 17.950417554937435 59.37075311605361, 17.949748221811717 59.37070948797038, 17.94948821103328 59.370696330605824, 17.94935359788048 59.37069295161514, 17.94921331332368 59.37069319630166, 17.94906852501489 59.370698143489165, 17.94894748213734 59.37070789091257, 17.948819820009586 59.37072291888848, 17.94868898727171 59.370738539640755, 17.948546182841472 59.3707592384947, 17.948339381533447 59.37078909459137, 17.947737279318186 59.37089987594485)",false
1088,1142,1861170,Solängsvägen,"LINESTRING (17.947803145020348 59.370179338722885, 17.948627022050623 59.37011198297717, 17.9494780434021 59.37003468044104)",false
1089,1143,1861173,,"LINESTRING (17.9494780434021 59.37003468044104, 17.949415649029984 59.36993518109864)",false
1090,1144,1842020,Solvallavägen,"LINESTRING (17.94955532971027 59.371500573587504, 17.950011230044623 59.37151563286608, 17.95049330641035 59.371513402338884, 17.95107728019177 59.371511244422976, 17.951460831812767 59.37151188780117, 17.951723705670332 59.37151900988437)",false
1091,1145,1861168,Solängsvägen,"LINESTRING (17.952055359339422 59.370133399963635, 17.951356514764168 59.3701226360128, 17.95054919145423 59.37008139070416, 17.9497627908058 59.37003330495685, 17.9494780434021 59.37003468044104)",false
1092,1146,1842016,Björkhagsvägen,"LINESTRING (17.951723705670332 59.37151900988437, 17.951620571220033 59.371877769541136, 17.951545440341324 59.37219553050043)",false
1093,1147,1854336,Björkhagsvägen,"LINESTRING (17.951723705670332 59.37151900988437, 17.95180399956004 59.371189180634, 17.95188211038922 59.370831625425694)",false
1094,1148,1842015,Solvallavägen,"LINESTRING (17.953277360569565 59.37151581774016, 17.95244387160711 59.37151991710409, 17.951723705670332 59.37151900988437)",false
1095,1149,1861141,Björkhagsvägen,"LINESTRING (17.952055359339422 59.370133399963635, 17.952012163112148 59.37040466412749, 17.95188211038922 59.370831625425694)",false
1096,1150,1861138,Karlavägen,"LINESTRING (17.952475427468986 59.370416566299845, 17.952055359339422 59.370133399963635)",false
1097,1151,1861137,Karlavägen,"LINESTRING (17.952486044899665 59.370423722974735, 17.952475427468986 59.370416566299845)",false
1098,1152,1861136,Karlavägen,"LINESTRING (17.953463258549437 59.37080623291052, 17.9532741503077 59.37076558824218, 17.953120106412232 59.37072221694984, 17.952997637694565 59.37068053837712, 17.952885486922323 59.37063299181411, 17.95277872889271 59.37058671580762, 17.952677648786132 59.370537094159666, 17.952589203107106 59.37049326069677, 17.952486044899665 59.370423722974735)",false
1099,1153,1842012,Oskarsvägen,"LINESTRING (17.95304656238821 59.372286804357636, 17.95316844247028 59.37189372399908, 17.953277360569565 59.37151581774016)",false
1100,1154,1843177,Oskarsvägen,"LINESTRING (17.953277360569565 59.37151581774016, 17.953376629281006 59.371146226236974, 17.953463258549437 59.37080623291052)",false
1101,1155,1842011,Solvallavägen,"LINESTRING (17.95463833974766 59.37151966132102, 17.953884434856636 59.371516286892636, 17.953277360569565 59.37151581774016)",false
1102,1156,1843176,Karlavägen,"LINESTRING (17.953463258549437 59.37080623291052, 17.95383072434799 59.37085965725198, 17.954014930801048 59.370880778080874, 17.954194248693668 59.370900347058495, 17.954381702266563 59.37091325258078, 17.954779335734045 59.37092647064339)",false
1103,1157,885083,Lönnvägen,"LINESTRING (17.953803538581425 59.36960425483677, 17.953867696872596 59.36961561477471, 17.953925787919434 59.3696238143624, 17.954400431456087 59.36967162700903, 17.95497475199807 59.369727422193776, 17.95506440119746 59.369735103538304)",false
1104,1158,1842006,Eriksvägen,"LINESTRING (17.95447591845395 59.372391144633404, 17.954556882935524 59.371991612697926, 17.95463833974766 59.37151966132102)",false
1105,1159,1843155,Eriksvägen,"LINESTRING (17.95463833974766 59.37151966132102, 17.95470189170032 59.37125896927945, 17.954779335734045 59.37092647064339)",false
1106,1160,1842005,Solvallavägen,"LINESTRING (17.956517511891246 59.37151439020934, 17.95635139961898 59.37151453552244, 17.955625633745083 59.37151808111335, 17.955073431145372 59.37151650193949, 17.95463833974766 59.37151966132102)",false
1107,1161,1843154,Karlavägen,"LINESTRING (17.954779335734045 59.37092647064339, 17.955917520080664 59.37094270111792, 17.956522914012258 59.37095107655092)",false
1108,1162,1861169,Klintvägen,"LINESTRING (17.956214901794066 59.37004491695599, 17.956178103083662 59.370216177785984)",false
1109,1163,1861164,Falkstigen,"LINESTRING (17.95630393175084 59.37004862716712, 17.956214901794066 59.37004491695599)",false
1110,1164,1861250,Oskarsvägen,"LINESTRING (17.953803538581425 59.36960425483677, 17.953643017540944 59.37016480082595, 17.95352282259219 59.37058643674062, 17.953463258549437 59.37080623291052)",false
1111,1165,1861268,Karlavägen,"LINESTRING (17.952055359339422 59.370133399963635, 17.95131503348393 59.3697448569955, 17.95092427793774 59.36953143857421)",false
1112,1166,1861269,Björkhagsvägen,"LINESTRING (17.952055359339422 59.370133399963635, 17.952121101797868 59.369927671264385, 17.95215725011941 59.3698440747553, 17.952201862276233 59.369768526578085, 17.952254117842163 59.36967761914753, 17.95236144071764 59.36948077006453)",false
1113,1167,1861284,Lönnvägen,"LINESTRING (17.9507297610475 59.36942580124313, 17.950337298293853 59.36958128041862, 17.9498217434916 59.36977540661488, 17.949415649029984 59.36993518109864)",false
1114,1168,1861307,Lönnvägen,"LINESTRING (17.95236144071764 59.36948077006453, 17.952948518421188 59.369531909014526, 17.953803538581425 59.36960425483677)",false
1115,1169,1861316,Lönnvägen,"LINESTRING (17.952292921601757 59.369474768494456, 17.95236144071764 59.36948077006453)",false
1116,1170,1861317,Karlavägen,"LINESTRING (17.9507297610475 59.36942580124313, 17.95092427793774 59.36953143857421)",false
1117,1171,1861400,Eriksvägen,"LINESTRING (17.95559296747603 59.36908805124071, 17.955352712625768 59.36933676460197, 17.95521821761444 59.369488835801015, 17.95513290814498 59.36960666979361, 17.95507403143278 59.369711836432536, 17.95506440119746 59.369735103538304)",false
1118,1172,1861401,Eriksvägen,"LINESTRING (17.95506440119746 59.369735103538304, 17.955005427638607 59.36987759967416, 17.9549491002574 59.3700347276965, 17.954909157095138 59.370180449605876, 17.954875341014333 59.370411551198366, 17.954809481524553 59.37072318272309, 17.954779335734045 59.37092647064339)",false
1119,1173,376045,Rissneleden,"LINESTRING (17.93442807964534 59.373436454886345, 17.934445061104885 59.3734558952862, 17.934452658498508 59.373478808770905, 17.934449718551793 59.37349572331737, 17.934440029315308 59.373511963101876, 17.934426703417582 59.37352483420355, 17.934405800433257 59.37353804659732, 17.934380053873088 59.373548798080144, 17.934354942856856 59.37355569831718, 17.934327832355923 59.373560244350074)",false
1120,1174,376047,Rissneleden,"LINESTRING (17.934145402098988 59.37351527028406, 17.934134803263788 59.37349959500556)",false
1121,1175,376046,Rissneleden,"LINESTRING (17.934327832355923 59.373560244350074, 17.9342948238738 59.373562353200974, 17.934261655227232 59.37356097916042, 17.93423418204259 59.373557050747536, 17.934208490830123 59.37355071895487, 17.934181852805114 59.37354056254893, 17.93415985118839 59.37352782169998, 17.934145402098988 59.37351527028406)",false
1122,1176,374988,Lavettvägen,"LINESTRING (17.93434172060659 59.37360867966366, 17.934327832355923 59.373560244350074)",false
1123,1177,374987,Lavettvägen,"LINESTRING (17.93424958836977 59.374632510153965, 17.934231553524246 59.374612500372166, 17.934219216886454 59.374591391864385, 17.9342128257688 59.37456960139776, 17.93421252436237 59.3745475750171, 17.93436164514019 59.37373632366595, 17.934357292511955 59.37366294480094, 17.93434172060659 59.37360867966366)",false
1124,1178,671929,Marketenterigatan,"LINESTRING (17.93066764356038 59.37509392112779, 17.93078150028249 59.37511981942708, 17.930795676965126 59.37512371503842)",false
1125,1179,671930,Marketenterigatan,"LINESTRING (17.930795676965126 59.37512371503842, 17.930860681701358 59.37514159098471, 17.930947982334967 59.3751703146598, 17.931011272214196 59.37519463594991, 17.93109518160893 59.37523384131095, 17.93122146399596 59.37529126951919, 17.931280338805532 59.3753266526108, 17.931338141686673 59.37536205978088, 17.931386408270473 59.375398777629634, 17.931424884754488 59.375434071211075, 17.9314954348153 59.37550758791883)",false
1126,1180,677238,Ryttmästarvägen,"LINESTRING (17.93441759838345 59.37509666355694, 17.93401425038025 59.37516608181565, 17.933679516609963 59.37522362105915, 17.93327374130707 59.375286990253954, 17.93298804601936 59.37533149113812, 17.932666962049 59.37536749619911, 17.932095807131713 59.37542990937548, 17.932090657567834 59.375430512228014)",false
1127,1181,677239,Ryttmästarvägen,"LINESTRING (17.932090657567834 59.375430512228014, 17.93176774206786 59.3754682886984, 17.931520764835874 59.37549932648615, 17.9314954348153 59.37550758791883)",false
1128,1182,1969939,Rissneleden,"LINESTRING (17.93525912086658 59.37266745054376, 17.935259113682246 59.37266744890838, 17.93524781282575 59.372664836903226, 17.935152088696555 59.372660846026555, 17.93504391817222 59.372671746227766, 17.934922052630455 59.3726951124632, 17.93479193029072 59.372731936496315, 17.934701089068856 59.37275673367671, 17.934620689961307 59.37276830225339, 17.934534743503505 59.372767433517055, 17.934455647150976 59.37275557365076, 17.934379180792476 59.37273441713671, 17.934292818602575 59.37270795706947, 17.934210462093308 59.37268607939543, 17.93412761339707 59.37267398929399, 17.934042301062465 59.37267475036362, 17.933951832960336 59.37268756954013, 17.93387307651459 59.372709182742966, 17.933640940417394 59.37278049765332)",false
1129,1183,549932,Kavallerivägen,"LINESTRING (17.93808725100446 59.372437795038074, 17.93806883433591 59.372592433593816)",false
1130,1184,549940,Kavallerivägen,"LINESTRING (17.937798060412074 59.37261207789088, 17.937772676309457 59.37250246597679)",false
1131,1185,549933,Kavallerivägen,"LINESTRING (17.93806883433591 59.372592433593816, 17.938055742790205 59.37269955197254, 17.938073872769646 59.3727747679198, 17.938108791046265 59.37286757709199, 17.938150136109737 59.372937597159286, 17.938204247931075 59.37300844369594, 17.938293400343735 59.373098835274824, 17.938366634856223 59.373166429170965, 17.938935227007896 59.3736217092261, 17.939008498762522 59.37367790794261, 17.939124806896075 59.37374633646406)",false
1132,1186,549934,Kavallerivägen,"LINESTRING (17.939124806896075 59.37374633646406, 17.93921560023252 59.37381881768877, 17.93929204284081 59.37388478422943, 17.939372534688705 59.37396843336494, 17.939461065721677 59.37407557880004)",false
1133,1187,549939,Kavallerivägen,"LINESTRING (17.939229104249165 59.37412021188811, 17.939155893691442 59.37403280417137, 17.93905823850569 59.37392540598108, 17.938958133556508 59.37383424640392)",false
1134,1188,549935,Kavallerivägen,"LINESTRING (17.939461065721677 59.37407557880004, 17.939495755425682 59.374136403317934, 17.939537053892717 59.374235726790126, 17.939562364073065 59.374349689242194, 17.93956851678328 59.3744742286706, 17.939558767893534 59.37458248494522, 17.939537853540003 59.37467852068186, 17.939420652753256 59.37510336185482, 17.93939806815381 59.37524417557479, 17.93939638041788 59.37529626844185, 17.93937394893322 59.375357302657115, 17.939334682434907 59.37542585118981)",false
1135,1189,549941,Skvadronsbacken,"LINESTRING (17.939273125305508 59.37411208459242, 17.939229104249165 59.37412021188811)",false
1136,1190,549938,Kavallerivägen,"LINESTRING (17.939190442151837 59.375394660746906, 17.93917794602098 59.37537337654096, 17.93917071584696 59.37531346041816, 17.939348025597138 59.37464201443534, 17.939362934483942 59.37451220168923, 17.939358225807776 59.374408602590556, 17.93933636412154 59.37432246330274, 17.939299832272223 59.37423507328841, 17.939229104249165 59.37412021188811)",false
1137,1191,549937,Ridvägen,"LINESTRING (17.939190442151837 59.375394660746906, 17.939007222214787 59.375381844323165)",false
1138,1192,549936,Kavallerivägen,"LINESTRING (17.939334682434907 59.37542585118981, 17.939190442151837 59.375394660746906)",false
1139,1193,1841435,Kavallerivägen,"LINESTRING (17.94172932964157 59.376450439929826, 17.94141275204002 59.37611008364744, 17.941037162661054 59.37569196484474, 17.94097684806549 59.375645781589824, 17.940916384427602 59.37560641292158, 17.940850461081805 59.37557394269977, 17.940772822953818 59.37555117182288, 17.9406888574305 59.37553829324537, 17.94049142176015 59.37551953645037, 17.940057774952468 59.37549056587417)",false
1140,1194,1841436,Kavallerivägen,"LINESTRING (17.940057774952468 59.37549056587417, 17.94004033286041 59.37548940110416)",false
1141,1195,1841437,Kavallerivägen,"LINESTRING (17.94004033286041 59.37548940110416, 17.939632368196886 59.37546214489147, 17.93949262264957 59.37545338085419, 17.939400312460158 59.37544417611292, 17.939334682434907 59.37542585118981)",false
1142,1196,1841551,Pjäsbacken,"LINESTRING (17.936098345840975 59.37458283253714, 17.93596749349992 59.374486881938985)",false
1143,1197,1841643,Skvadronsbacken,"LINESTRING (17.942300765597135 59.374034330326566, 17.941712641546417 59.37383016452178, 17.94158516000008 59.373793997864205, 17.941481458960606 59.37377216602386, 17.941373377096202 59.37375748682139, 17.941264267589993 59.37375289483716, 17.94112630403507 59.37375608851088, 17.9410127277482 59.37376599238003, 17.940897834226863 59.37378081415226, 17.940345337253436 59.37389270548857, 17.939711485328516 59.374027348063855, 17.939561569613314 59.37405622147756)",false
1144,1198,1841644,Skvadronsbacken,"LINESTRING (17.939561569613314 59.37405622147756, 17.939461065721677 59.37407557880004)",false
1145,1199,1841645,Skvadronsbacken,"LINESTRING (17.939461065721677 59.37407557880004, 17.939273125305508 59.37411208459242)",false
1146,1200,1841815,Rissneleden,"LINESTRING (17.93442807964534 59.373436454886345, 17.93458242770385 59.373391214344764, 17.93475393203759 59.37334095968797, 17.934871524000798 59.37329970029729, 17.935015782364168 59.37324876474342, 17.935155704039193 59.37319655184245, 17.935408704013753 59.37308979168365, 17.935666683006367 59.37297669172025, 17.935790013342018 59.37292362967843, 17.935936645885807 59.37285905305756)",false
1147,1201,1841863,Rissneleden,"LINESTRING (17.935936645885807 59.37285905305756, 17.936063487864438 59.37281138400627, 17.936185947552083 59.372770867389725, 17.936310910358124 59.37273710550871, 17.936442648530463 59.37270025252166, 17.93658418774352 59.372666790897554, 17.936728047528298 59.372636547669124, 17.936868457297223 59.37261100071, 17.937039988763747 59.37258007079016, 17.93717794322282 59.37255810124747, 17.93733484784524 59.37254127574729, 17.937772676309457 59.37250246597679)",false
1148,1202,1861036,Rissneleden,"LINESTRING (17.937772676309457 59.37250246597679, 17.93808725100446 59.372437795038074)",false
1149,1203,1969937,Rissneleden,"LINESTRING (17.935936645885807 59.37285905305756, 17.935729180574373 59.37278680706767, 17.93550900495505 59.372725369358754, 17.935449642289104 59.372711610902094)",false
1150,1204,1969938,Rissneleden,"LINESTRING (17.935449642289104 59.372711610902094, 17.93544964045424 59.372711610044846, 17.93525912086658 59.37266745054376)",false
1151,1205,677241,Ryttmästarvägen,"LINESTRING (17.93080030257249 59.37628602936133, 17.930769005868566 59.37630901768441)",false
1152,1206,677240,Ryttmästarvägen,"LINESTRING (17.9314954348153 59.37550758791883, 17.931430900896473 59.3755286191071, 17.93131341114365 59.37558078164789, 17.931208076536663 59.37566869476382, 17.931119877827122 59.37580334393004, 17.9309899950279 59.37599853289312, 17.930885913394906 59.37617440628743, 17.930828668082203 59.37626519162904, 17.93080030257249 59.37628602936133)",false
1153,1207,1841474,Ryttmästarvägen,"LINESTRING (17.934313693753495 59.37491682442108, 17.934191060895024 59.374927132784826, 17.93416306420252 59.374927142916064)",false
1154,1208,1841475,Ryttmästarvägen,"LINESTRING (17.93416306420252 59.374927142916064, 17.9341169150293 59.374927175222, 17.934045997110243 59.37491872527825, 17.933976756252314 59.374911342804054, 17.933907669881187 59.3749159348768, 17.933838039696095 59.37492951595703, 17.933786400726387 59.37494935956442, 17.93374080017964 59.37497265258833, 17.933589893769224 59.37504681169932, 17.933446752333072 59.37510752388402)",false
1155,1209,1841513,Lavettvägen,"LINESTRING (17.934313693753495 59.37491682442108, 17.934285530284363 59.374836676072285, 17.934272996184077 59.37476826181212, 17.93424958836977 59.374632510153965)",false
1156,1210,1841552,Pjäsbacken,"LINESTRING (17.93596749349992 59.374486881938985, 17.9358932307631 59.374432420171836, 17.935816848959693 59.37439437821558, 17.935741503847726 59.374374023880634, 17.935660592818827 59.37436790255068, 17.935574308719765 59.37437030388909, 17.935476907904565 59.374383226267355, 17.93540420867848 59.37439876433753, 17.935318944604177 59.37442783035565, 17.93524485448136 59.374465163254214, 17.93518026635122 59.37450099719318, 17.935090397469114 59.37454238741963, 17.93498829391395 59.37458422376816, 17.93490148765599 59.374614402517295, 17.93481571737235 59.374634772352096, 17.934728356053046 59.374645904606396, 17.934642206054047 59.374650476859586, 17.93455294314895 59.374647759764706, 17.934462523748415 59.37464286712249, 17.934350061959517 59.374637401273546)",false
1157,1211,1841553,Pjäsbacken,"LINESTRING (17.934350061959517 59.374637401273546, 17.93424958836977 59.374632510153965)",false
1158,1212,1841618,Lavettvägen,"LINESTRING (17.932970082853906 59.375668772454766, 17.933125197970586 59.37571216136702, 17.933233734632744 59.37573472673588, 17.933330903708484 59.37574494972557, 17.933422802295823 59.37574736577391, 17.933525655827918 59.37574552758039, 17.93369779070319 59.375733387042104, 17.934350671975704 59.375676891044186, 17.93445511197739 59.37566550044841, 17.934531789809483 59.375653988889205, 17.934604023538167 59.37563954911305, 17.93465730473907 59.375619955767995, 17.934706451467903 59.37559388685934, 17.934732817248914 59.375561357802376, 17.934744071125344 59.37552552969482, 17.934738382035768 59.37548314597579, 17.93472304993893 59.375439820173035, 17.934697677103614 59.375398283932945, 17.934664214101694 59.37535523149643, 17.934612713574662 59.37530456977232, 17.93453180480193 59.37523473838464, 17.934480057374284 59.37517999363477)",false
1159,1213,1841619,Lavettvägen,"LINESTRING (17.934480057374284 59.37517999363477, 17.93442869484357 59.3751138102732, 17.93441759838345 59.37509666355694)",false
1160,1214,1841620,Lavettvägen,"LINESTRING (17.93441759838345 59.37509666355694, 17.934386482560395 59.37504857110723, 17.934313693753495 59.37491682442108)",false
1161,1215,765456,Mjölnerbacken,"LINESTRING (17.93704244302941 59.378898877032654, 17.93753921510061 59.37884488525753, 17.937644262529744 59.378817825282795, 17.937694703295552 59.37865529469461)",false
1162,1216,1841434,Trossvägen,"LINESTRING (17.940223410236936 59.37746248282231, 17.940454379441505 59.377452699694125, 17.940671232967826 59.377447475865495, 17.940810290188406 59.377444536784964, 17.9409177721363 59.37743935352487, 17.941014859431863 59.37743025322695, 17.9411044005143 59.3774196247808, 17.941195981029445 59.377407332813775, 17.941285654323096 59.377389898994544, 17.941363231776336 59.377366394034176, 17.941458385919795 59.37733336285362, 17.941532527635466 59.377296833985305, 17.941627181573605 59.377245842324086, 17.941702607140908 59.37719487112951, 17.941764026920605 59.37714139438701, 17.94182852506838 59.377076705729344, 17.94187188518166 59.377015603137906, 17.941898903582032 59.37695775375409, 17.941913905505498 59.37690470438867, 17.94191872761485 59.37684147916539, 17.941914051170524 59.37678873908569, 17.94189566066394 59.376729946524804, 17.941866054836186 59.376670769058244, 17.941832129401682 59.37661112295629, 17.941772786193283 59.37650912515525, 17.94172932964157 59.376450439929826)",false
1163,1217,1853894,Valkyriavägen,"LINESTRING (17.94498895902548 59.37826430919269, 17.944809715275877 59.37828312184777, 17.944650648722092 59.378290722472975, 17.944501654971095 59.37828837273254, 17.94420734273198 59.378282798987776, 17.943632985043294 59.37825075881998, 17.943350952918912 59.37822676349086, 17.943231890746723 59.378207076813545, 17.943134803921147 59.37818025340357, 17.943052958324724 59.37814011931209, 17.942991389153022 59.37808198711763, 17.942958359036663 59.37802803604128, 17.94293682113419 59.377961407124495, 17.942929821067427 59.377896714455886, 17.942940824338677 59.377829854156865, 17.942961393724847 59.377762023098384, 17.94298514655578 59.37769414712766, 17.943012650982755 59.377626482991516, 17.943047783839653 59.377561701815594, 17.94309142960597 59.37748725738627, 17.94317329676777 59.3773733020211, 17.94328574068883 59.3772346461401, 17.94336462013117 59.3771425037859, 17.943552275837263 59.37693137714122)",false
1164,1218,1853895,Odalvägen,"LINESTRING (17.945819546242255 59.37689313971121, 17.945667855144602 59.37694446183645, 17.945560564586597 59.376998096345076, 17.94547329065815 59.3770563375319, 17.94538607297324 59.37712436295787, 17.94531766351103 59.377194838859864, 17.945203568146344 59.377332428670215, 17.945156875285807 59.37740011348435, 17.945121076771546 59.37747199116558, 17.945080769128968 59.37756679471251, 17.944958942420335 59.378008055383845, 17.94494820318989 59.37807953764794, 17.94495354142607 59.3781428929715, 17.944959825318826 59.378177364443225, 17.94498895902548 59.37826430919269)",false
1165,1219,1853956,Artillerivägen,"LINESTRING (17.940223410236936 59.37746248282231, 17.94026344132312 59.37736250239683, 17.94027188642465 59.377306303350316, 17.940269737584547 59.37725161023695, 17.940217550898108 59.3768987731291)",false
1166,1220,1854041,Kasernvägen,"LINESTRING (17.93783708892095 59.37714500513679, 17.938000246915923 59.37713955803073)",false
1167,1221,1854042,Kasernvägen,"LINESTRING (17.938000246915923 59.37713955803073, 17.938242842314366 59.37713146670541, 17.9384241001232 59.37712924139168, 17.938573651336142 59.37713240314375, 17.93870693620125 59.37713989414123, 17.938851433276056 59.37715647748769, 17.938985561864783 59.37717838937742, 17.939121603157883 59.377205712395906, 17.93925463839323 59.3772363469277, 17.939351920816947 59.377266718132006, 17.939439514878718 59.37730457723524, 17.939516842166764 59.377349955270866, 17.93958886051783 59.377404384868626, 17.9396397599152 59.37746241770343, 17.939676506061094 59.37751603414297, 17.93972322537602 59.37757602126931, 17.93975798155958 59.37762231419612, 17.939791581773427 59.377649565289694, 17.939847370836723 59.377672955315504, 17.93990351228014 59.37768435029881, 17.940066729742608 59.37770172326174)",false
1168,1222,1841561,Björkhagsvägen,"LINESTRING (17.95103304691849 59.374430240351906, 17.951005106100162 59.37440350373962, 17.95099579366592 59.374372335932534, 17.951001624478124 59.37433549670499, 17.951007259115652 59.37430409836226, 17.951079818707466 59.37407839336832)",false
1169,1223,1841560,Tuppstigen,"LINESTRING (17.952950990421108 59.37455409086391, 17.952289165305515 59.374575434165266, 17.95178177379731 59.37458350065303, 17.95166867722856 59.374583329802405, 17.951566901545622 59.3745764596665, 17.951483319215207 59.37456112620296, 17.951362570651764 59.37453086396216, 17.951081463458305 59.37444997531691, 17.951035067348165 59.374432173299866, 17.95103304691849 59.374430240351906)",false
1170,1224,1841659,Oskarsvägen,"LINESTRING (17.952691664349558 59.373486288848184, 17.952579036798245 59.373810345199594, 17.952566104884472 59.37388051219363, 17.952557392104552 59.373941085563594, 17.952556312177094 59.37400398412103, 17.95257299020166 59.37406961653216, 17.952597644022976 59.37413483465801, 17.95262861758933 59.37419861567244, 17.95266734253238 59.37425818645554, 17.952724702679028 59.374335432659656, 17.952784628170033 59.37440147826022, 17.952852134961564 59.37446985916313, 17.952950990421108 59.37455409086391)",false
1171,1225,1841638,Oskarsvägen,"LINESTRING (17.952950990421108 59.37455409086391, 17.953057063406664 59.37461562244318, 17.953106339572535 59.374673399536306, 17.95312075416599 59.374736881630376, 17.9531323600031 59.37487009477403)",false
1172,1226,1841501,Kyrkogårdsvägen,"LINESTRING (17.952950990421108 59.37455409086391, 17.953735375587332 59.37446663481192, 17.954281038306338 59.37440243025056, 17.954554740575055 59.37437589208196)",false
1173,1227,1841665,Kyrkogårdsvägen,"LINESTRING (17.95656626562026 59.3741380416092, 17.95670588730991 59.374126580883875)",false
1174,1228,1841666,Kyrkogårdsvägen,"LINESTRING (17.95670588730991 59.374126580883875, 17.956908970485955 59.374339333981794, 17.957019162683824 59.37448264835276)",false
1175,1229,1841671,Björkhagsvägen,"LINESTRING (17.951079818707466 59.37407839336832, 17.95115279383596 59.373759845990094, 17.951228708882212 59.3734643975284)",false
1176,1230,1841743,Gökvägen,"LINESTRING (17.95424518653141 59.373506228114046, 17.953448927568086 59.37350024298582, 17.952691664349558 59.373486288848184)",false
1177,1231,1841752,Gökvägen,"LINESTRING (17.951228708882212 59.3734643975284, 17.951918690097486 59.37347692742338, 17.952398715148174 59.3734848008751, 17.952691664349558 59.373486288848184)",false
1178,1232,1841884,Alms väg,"LINESTRING (17.951545440341324 59.37219553050043, 17.95304656238821 59.372286804357636)",false
1179,1233,1841885,Björkhagsvägen,"LINESTRING (17.951228708882212 59.3734643975284, 17.95132488750023 59.37310492423441, 17.951428806707163 59.372660125538445, 17.951545440341324 59.37219553050043)",false
1180,1234,1841886,Alms väg,"LINESTRING (17.951545440341324 59.37219553050043, 17.95112694658619 59.372235988908066, 17.950797538059426 59.37226745634412, 17.950586354488536 59.372286479306695, 17.950479668042618 59.372304466635384, 17.950387162674513 59.37233692362745, 17.950333575627738 59.372369047843456, 17.95028395441451 59.3724324249493)",false
1181,1235,1843143,Ringvägen,"LINESTRING (17.95662623770624 59.372310678368315, 17.956795186962097 59.372335016945264, 17.956924851751847 59.37235305773357)",false
1182,1236,1853888,Rissneleden,"LINESTRING (17.955845236997433 59.37685843172627, 17.95558714599534 59.37671621412171, 17.9554000284954 59.37663715723114, 17.955208922960335 59.37656305184576, 17.955029301785416 59.376502928476484, 17.95485596090101 59.37645850460912, 17.954722138870626 59.376432522411946, 17.954572461697243 59.376409496340855, 17.954417630827336 59.3763895702076, 17.954237370454823 59.37637245764947, 17.954045288516195 59.376363169838356, 17.953858231582387 59.3763575958654, 17.95368268729345 59.37635703548352, 17.95351541129691 59.37636123875113, 17.953345243126662 59.376370656225816, 17.953198535237036 59.37637972173674, 17.95303675447546 59.37639527484929, 17.95289734937792 59.376410761231014, 17.95275662861383 59.3764311655714, 17.952609742797414 59.3764551959046, 17.95245093798953 59.376485130144054, 17.952278762438265 59.37652371485157, 17.952111031374727 59.37656521792881, 17.951953940529233 59.37660656970665, 17.95178526154999 59.376659254254, 17.951656874586476 59.376707503849026, 17.951532280521462 59.376757051260576, 17.951396378415804 59.376813863525726, 17.951287461541003 59.37686671300996, 17.951177193523208 59.376923672563684, 17.95106370709215 59.376989394196166, 17.950958120677125 59.377053624962755, 17.95083742063296 59.377132799751664, 17.950648152893507 59.377252758613025, 17.950483974386934 59.37735464491109, 17.950344921796418 59.37743056833956, 17.95021298516488 59.37749111752687, 17.950006873282522 59.37757839762649, 17.949872115477298 59.37762757130118, 17.949714185266714 59.37768143857159, 17.949550630939214 59.37773077821845, 17.94940417025278 59.37776242418554, 17.949238546008978 59.37779463830136, 17.949055898727647 59.37782793817937, 17.948846754471983 59.37785482818666, 17.948641735510055 59.377879746506075, 17.94842185682259 59.37790571943761, 17.948244198234633 59.37792368331148, 17.94801220902033 59.37795256227199, 17.947829511833763 59.37797577941344, 17.94763981368803 59.37800699922784, 17.947479617020758 59.37803178285769, 17.947319667416316 59.37806063128729, 17.947156631094472 59.378091454294136, 17.947016384832907 59.37812027925438, 17.946880008442065 59.37815067896476, 17.9467170114135 59.37819129508421, 17.94654009498038 59.37824055546671, 17.94635814931351 59.378284631213766)",false
1183,1237,1853979,Skidbacken,"LINESTRING (17.955845236997433 59.37685843172627, 17.956207081234236 59.37668898430313, 17.956549502851352 59.37654324074907, 17.956643712802663 59.37650339935687, 17.95673890871494 59.3764714431041, 17.956844981696918 59.37644286137961, 17.956940457811804 59.37642423366392, 17.957047095735202 59.376405172974586, 17.957544433813712 59.37633516808955)",false
1184,1238,1854053,Bergshöjden,"LINESTRING (17.955845236997433 59.37685843172627, 17.95570631129052 59.376908757454274, 17.95560932097766 59.376938129725936)",false
1185,1239,1854054,Bergshöjden,"LINESTRING (17.95560932097766 59.376938129725936, 17.955573702712424 59.37694892055941, 17.955441896073456 59.376975442760646, 17.955213369851517 59.37700836276633)",false
1186,1240,1969905,Rissneleden,"LINESTRING (17.95663348944435 59.377445709754866, 17.9562830408179 59.37718872760168, 17.955845236997433 59.37685843172627)",false
1187,1241,1841861,Alms väg,"LINESTRING (17.95447591845395 59.372391144633404, 17.95380689117152 59.37234398949201, 17.95304656238821 59.372286804357636)",false
1188,1242,1841862,Oskarsvägen,"LINESTRING (17.95304656238821 59.372286804357636, 17.952883353532332 59.372811457303236, 17.952691664349558 59.373486288848184)",false
1189,1243,1841849,Alms väg,"LINESTRING (17.955563729277173 59.372510788911065, 17.95590605356352 59.3725354658122, 17.95606135357757 59.37254560266293, 17.956172285337825 59.372545252584366, 17.95626413277243 59.372537849983864, 17.956347432480076 59.37252105324091, 17.956400820574984 59.37250389247663, 17.95644181048607 59.37248447886502, 17.95662623770624 59.372310678368315)",false
1190,1244,1841839,Alms väg,"LINESTRING (17.95447591845395 59.372391144633404, 17.954569919354718 59.372401286064175)",false
1191,1245,1841841,Eriksvägen,"LINESTRING (17.95424518653141 59.373506228114046, 17.954318881597434 59.37312831946737, 17.95439745205883 59.37278763654484, 17.95447591845395 59.372391144633404)",false
1192,1246,1841840,Alms väg,"LINESTRING (17.954569919354718 59.372401286064175, 17.95509867605566 59.372458332461086, 17.955563729277173 59.372510788911065)",false
1193,1247,569543,Harstigen,"LINESTRING (17.956924851751847 59.37235305773357, 17.957215117790042 59.37280414209384, 17.957372037063838 59.372861551355435, 17.957564154821636 59.37307095783165)",false
1194,1248,1841817,Olovsvägen,"LINESTRING (17.955563729277173 59.372510788911065, 17.95556049940298 59.37254650013628, 17.95557103776864 59.372589078904696, 17.955593555589214 59.37263638220355, 17.955649963759267 59.372706289342126, 17.95587800814351 59.37299053565089, 17.95604105420638 59.373185668927285, 17.95611210087704 59.37326897435732, 17.956117660863658 59.3732786338944)",false
1195,1249,569544,Harstigen,"LINESTRING (17.957564154821636 59.37307095783165, 17.95769471931896 59.373213279245846, 17.957682603764876 59.37332058502603, 17.957748207654344 59.37356772697139)",false
1196,1250,1841818,Olovsvägen,"LINESTRING (17.956117660863658 59.3732786338944, 17.956184042778265 59.37339390001781)",false
1197,1251,1841682,Långlötsvägen,"LINESTRING (17.957748207654344 59.37356772697139, 17.957959022000477 59.37353208593549, 17.958208882950267 59.373481405686576, 17.958454857210523 59.37341037924617, 17.958666172803078 59.37334858571178, 17.958856661059755 59.37330400528568, 17.959126383099395 59.37324648344548)",false
1198,1252,1841753,Gökvägen,"LINESTRING (17.956184042778265 59.37339390001781, 17.95608622518514 59.3733994969627, 17.95600632331202 59.37340155149796, 17.95592615831931 59.37339896625122, 17.955834886472203 59.37338894089355, 17.955702096846274 59.373371652752596, 17.95559542746924 59.373362946828834, 17.955502575071637 59.37336247312135, 17.95541555588679 59.37337034976528, 17.955317547812054 59.3733816474964, 17.955215595986587 59.373399019152664, 17.955115912489756 59.37341797473481, 17.954989127679582 59.37344822879691, 17.954880799044357 59.373474676698244, 17.954766215311576 59.373494401082944, 17.954662406589723 59.373507438266515, 17.954564634433055 59.37351356319709, 17.95448575731441 59.373515054415755, 17.95424518653141 59.373506228114046)",false
1199,1253,1841664,Olovsvägen,"LINESTRING (17.956184042778265 59.37339390001781, 17.95638615249577 59.37375368491184)",false
1200,1254,1841650,Eriksvägen,"LINESTRING (17.954554740575055 59.37437589208196, 17.95420598243394 59.3738721766103, 17.954189584950605 59.3738381323282, 17.954187440088745 59.37380194990179, 17.954190499483488 59.37376325030696, 17.95424518653141 59.373506228114046)",false
1201,1255,1841681,Långlötsvägen,"LINESTRING (17.95638615249577 59.37375368491184, 17.957037132642707 59.373684042767515, 17.957459376306005 59.3736165587561, 17.957748207654344 59.37356772697139)",false
1202,1256,1841610,Olovsvägen,"LINESTRING (17.95638615249577 59.37375368491184, 17.956407282110742 59.37379877400386)",false
1203,1257,1841611,Olovsvägen,"LINESTRING (17.956407282110742 59.37379877400386, 17.95656626562026 59.3741380416092)",false
1204,1259,1843102,Långlötsvägen,"LINESTRING (17.959126383099395 59.37324648344548, 17.9594265548185 59.373207823044645, 17.95961153287419 59.373196803094025, 17.959725268726178 59.37318961099244, 17.959809032147255 59.37318096069906, 17.959880195085667 59.373166530983866, 17.959940314854837 59.37314600794283, 17.96000467922491 59.37311560284999, 17.960096494154953 59.3730355203755, 17.96014357919384 59.37299313400941, 17.960169278264043 59.3729587095379, 17.960286544751032 59.372758985815835, 17.96033779901878 59.37268768691672, 17.960376947483667 59.37264596593149, 17.9604406446757 59.372604693832216, 17.9605389524908 59.372562348090376, 17.96083711736971 59.37242706858883, 17.9609182120011 59.37238198643183, 17.96097828523947 59.37233369750773, 17.96102272181601 59.37228236707862, 17.961051319469412 59.37223375073177, 17.961064480253075 59.372176912491355, 17.96108063307405 59.37197248475765, 17.961118311485244 59.3716811596098, 17.9611102597654 59.371635271803434, 17.96109500910278 59.37159385177712, 17.96106989365619 59.371557220677566, 17.9610013874712 59.37149022342417, 17.960633925384847 59.37116730488448, 17.96058790757553 59.37111084032406, 17.960590918211615 59.37108004645904)",false
1205,1260,1843128,Sveavägen,"LINESTRING (17.959126383099395 59.37324648344548, 17.959204474205812 59.37299781435129, 17.959254694215737 59.372863916715076, 17.95927722872469 59.37278489540059, 17.95928424065487 59.37272353330282, 17.959292745847055 59.37264173034164, 17.95929269024003 59.3725687751415, 17.959276098705477 59.372495790975094, 17.959255638542942 59.37240246071212, 17.959247887789022 59.37229858901639, 17.95925647933731 59.37222767499511, 17.95928476373447 59.37215563996064, 17.95932416185864 59.372091323095674, 17.959329557887234 59.37207747913292)",false
1206,1261,1962372,Ursviksvägen,"LINESTRING (17.962837463463533 59.371845176625705, 17.962884254227205 59.37190217102791, 17.963040537086044 59.37203695668104, 17.963076389050464 59.37206391087232)",false
1207,1262,1962373,Ursviksvägen,"LINESTRING (17.963076389050464 59.37206391087232, 17.963086268721913 59.37207133779405)",false
1208,1263,1969933,Kyrkogårdsvägen,"LINESTRING (17.962264700852852 59.37197753585678, 17.96216204548993 59.37206304220982, 17.96159686641585 59.372552478579486, 17.961008172190795 59.37305108182881, 17.960747789259838 59.37327600946731, 17.960541797800225 59.37342142509459)",false
1209,1264,1841914,Högåsvägen,"LINESTRING (17.9489925162496 59.3721154855275, 17.948831107212158 59.37220970540968, 17.948427662744532 59.37239693100001)",false
1210,1265,1841913,Alms väg,"LINESTRING (17.95028395441451 59.3724324249493, 17.94973506653874 59.37230580857582, 17.949298869722437 59.37220879169721, 17.9489925162496 59.3721154855275)",false
1211,1266,1841949,,"LINESTRING (17.9432764308749 59.37227219912349, 17.942719581712126 59.37226383411829)",false
1212,1267,1841950,Solvallavägen,"LINESTRING (17.942719581712126 59.37226383411829, 17.941797792707984 59.37246360178601)",false
1213,1268,1841894,Rinkebyvägen,"LINESTRING (17.944978710191968 59.372328363873706, 17.94364566528413 59.37228288461476, 17.9432764308749 59.37227219912349)",false
1214,1269,1841902,Rinkebyvägen,"LINESTRING (17.946620954072745 59.372189145478366, 17.946463346233944 59.37223919185317, 17.946301793657835 59.3722770615158, 17.946161735491355 59.37230778666445, 17.946014657667497 59.37232883979385, 17.945879248246253 59.37233907968271, 17.945753476245113 59.37234127497547, 17.945606298066874 59.37234189610651, 17.945403706841155 59.372343903953, 17.944978710191968 59.372328363873706)",false
1215,1270,1841901,Kronstigen,"LINESTRING (17.947102290702095 59.37281743619771, 17.94688627269128 59.37255504486508, 17.946856367392222 59.372491256476124, 17.946827196664252 59.372430452747516, 17.94678565692266 59.37236792478542, 17.94672999011758 59.37230126817134, 17.946620954072745 59.372189145478366)",false
1216,1271,1841948,Högalidsvägen,"LINESTRING (17.9432764308749 59.37227219912349, 17.94331037809463 59.37270481024257, 17.94333930073059 59.373133679874435)",false
1217,1272,1841879,Ekovägen,"LINESTRING (17.9449137929767 59.372893700715494, 17.944978710191968 59.372328363873706)",false
1218,1273,1841858,Högåsvägen,"LINESTRING (17.948427662744532 59.37239693100001, 17.948190504391622 59.372500483365954, 17.947941639808377 59.372586238457345, 17.947724861333 59.37266415968502, 17.94756445040713 59.372712347795876, 17.947425405448868 59.37275150706265, 17.9472838412261 59.37278416346859, 17.947102290702095 59.37281743619771)",false
1219,1274,1841945,Fjällbacken,"LINESTRING (17.948427662744532 59.37239693100001, 17.948603224124078 59.372515922305546, 17.948750126482597 59.3726187491626, 17.948787641163918 59.37265820208084, 17.948805674284433 59.37269249750608, 17.948809063422253 59.37272320636682, 17.948811846629898 59.37279721378184, 17.948825482026695 59.37308313165764)",false
1220,1275,1841848,Rissnestigen,"LINESTRING (17.95028395441451 59.3724324249493, 17.95022472863681 59.37273986861765, 17.950163676949536 59.37304353456702, 17.950102848728015 59.373359712701415, 17.950033148250768 59.3737430002424, 17.950005424770552 59.37387927810377)",false
1221,1276,1841791,Högåsvägen,"LINESTRING (17.947102290702095 59.37281743619771, 17.9468637911388 59.372862204014965, 17.946568743951754 59.372906461426844, 17.946390654548622 59.37292606831508, 17.94619214370093 59.37293374503326, 17.94596598018833 59.37293421972014, 17.94555863653613 59.37291949555924, 17.9449137929767 59.372893700715494)",false
1222,1277,1841783,Ekovägen,"LINESTRING (17.9449137929767 59.372893700715494, 17.944876221238612 59.37320735544901, 17.94487157613013 59.373273569180995, 17.944871611314916 59.3732745837856)",false
1223,1278,1841617,Tvärstigen,"LINESTRING (17.950005424770552 59.37387927810377, 17.94958745380358 59.37381109839816)",false
1224,1279,1841600,Tvärstigen,"LINESTRING (17.950005424770552 59.37387927810377, 17.950571939899753 59.37398737024865, 17.95093205137444 59.37405125845462, 17.951079818707466 59.37407839336832)",false
1225,1280,754151,Ekovägen,"LINESTRING (17.946392092650566 59.37474164747973, 17.946393657360392 59.37471035486886, 17.94594471447118 59.374146090351076, 17.945809836896018 59.37407244422233)",false
1226,1281,1853985,Odalvägen,"LINESTRING (17.945819546242255 59.37689313971121, 17.94569198079231 59.37677421021764, 17.945666420337837 59.37674792911047, 17.945651114310266 59.37671440734435, 17.945656789899605 59.376683826105754, 17.945687756571722 59.37665694166989, 17.945745615161428 59.37663373581699, 17.946079476134056 59.37654123929289, 17.946140551064456 59.37652750353127, 17.946206876963643 59.37652131398908, 17.94626108078327 59.37652701706336, 17.946307447430556 59.376544273311126, 17.946387465210705 59.37660757622426, 17.946416197192384 59.376633264337634, 17.946431166246132 59.37666106966178, 17.946431317837433 59.376691016034975, 17.946410416383618 59.376716388194346, 17.946369972766973 59.37673633427059, 17.945819546242255 59.37689313971121)",false
1227,1282,1861163,Falkstigen,"LINESTRING (17.957249167749087 59.37008969500005, 17.95684914972032 59.370072450118805, 17.956453397635595 59.37005485565322, 17.95630393175084 59.37004862716712)",false
1228,1283,1842004,Solvallavägen,"LINESTRING (17.956569423678246 59.371514344099175, 17.956517511891246 59.37151439020934)",false
1229,1284,1842001,Alms väg,"LINESTRING (17.95662623770624 59.372310678368315, 17.956724281938214 59.37218257128601, 17.95687875722881 59.372025561454095, 17.956991915612647 59.371909484855166, 17.957064466210866 59.37182832295323, 17.957107889700378 59.37177783463161, 17.95712150337092 59.371728346047185, 17.957111336643138 59.37168277563057, 17.957077540658442 59.371634569238815, 17.957004776052763 59.3715766075581, 17.956934784337765 59.371538756249514, 17.956866364295195 59.371520688520235)",false
1230,1285,1842003,Solvallavägen,"LINESTRING (17.9565875433748 59.37151432849278, 17.956569423678246 59.371514344099175)",false
1231,1286,1843149,Alms väg,"LINESTRING (17.956554527741208 59.3712963339863, 17.956522914012258 59.37095107655092)",false
1232,1287,1843148,Karlavägen,"LINESTRING (17.956522914012258 59.37095107655092, 17.956809571590224 59.37095455772763, 17.957331340087133 59.370956325669674, 17.9578155818458 59.370954575922056, 17.958220375366167 59.37094425772276, 17.958489048658883 59.3709324899275, 17.95864903023539 59.37092267649398)",false
1233,1288,1842002,Solvallavägen,"LINESTRING (17.956866364295195 59.371520688520235, 17.95685785104938 59.37151844106736, 17.956756746315953 59.371513725481215, 17.95663249039031 59.371514288469115, 17.9565875433748 59.37151432849278)",false
1234,1289,1843144,Ringvägen,"LINESTRING (17.956924851751847 59.37235305773357, 17.957086899073197 59.372361018474386, 17.957691719366853 59.37236857516351, 17.957935101966726 59.37237054684693, 17.957999000780017 59.3723687464065, 17.95805576885223 59.37236351339515, 17.958106462090704 59.37235484183195, 17.95814747427477 59.37233569673759, 17.958183347145088 59.37231091729085, 17.95836656098977 59.37216189784358, 17.958566218642193 59.3720112648397, 17.958817808497862 59.37181872865502, 17.95885527514052 59.37177568045544, 17.958871473406813 59.371734058539225, 17.9588722674262 59.371693469213554, 17.958863622950563 59.371655493367285, 17.958824863425622 59.37155945134164, 17.958703419314165 59.371345989414046, 17.958669645795275 59.37128008068875, 17.958650171143333 59.371230561163266, 17.958636131084905 59.3711825896589, 17.958629126209637 59.371136147819314, 17.95862829803226 59.3710953257397, 17.958627871532823 59.37105204139434, 17.958637331675764 59.37101351082887, 17.95864903023539 59.37092267649398)",false
1235,1290,1861162,Falkstigen,"LINESTRING (17.95878201788785 59.3701687068324, 17.958298561127222 59.37013831796097, 17.957710539574155 59.370107900797436, 17.957249167749087 59.37008969500005)",false
1236,1291,1861133,Ringvägen,"LINESTRING (17.95864903023539 59.37092267649398, 17.958671900219834 59.370696368882285, 17.958690328535745 59.370530017104606, 17.958704708541706 59.37040348384066, 17.958718908551347 59.37031913443805, 17.958738670833927 59.37024749961595, 17.95878201788785 59.3701687068324)",false
1237,1292,1843138,Karlavägen,"LINESTRING (17.95967315613604 59.37094065428614, 17.959397451061175 59.37092365858001, 17.959075076624792 59.370920463747474, 17.958869164293073 59.37091982736468, 17.95864903023539 59.37092267649398)",false
1238,1293,1843129,Sveavägen,"LINESTRING (17.959329557887234 59.37207747913292, 17.959389459352053 59.3719239790357, 17.959458167052606 59.37176910181428, 17.959476461293484 59.371681442418414, 17.959474400078903 59.37158346209435, 17.95946866641686 59.37155424433966)",false
1239,1294,1843130,Sveavägen,"LINESTRING (17.95946866641686 59.37155424433966, 17.959455290383396 59.37148603058202, 17.959451342676278 59.371401149591854, 17.959465267758848 59.37133042895445, 17.959488011192004 59.37126392017554, 17.959508239578188 59.37120915914267, 17.95957375116804 59.37107257777987, 17.95967315613604 59.37094065428614)",false
1240,1295,1843127,Karlavägen,"LINESTRING (17.960264939563025 59.37098979386495, 17.95997735954304 59.3709610009986, 17.95967315613604 59.37094065428614)",false
1241,1297,1843126,Karlavägen,"LINESTRING (17.960595214083238 59.37103612735284, 17.960264939563025 59.37098979386495)",false
1242,1298,1843103,Långlötsvägen,"LINESTRING (17.960590918211615 59.37108004645904, 17.960595214083238 59.37103612735284)",false
1243,1299,1843101,Karlavägen,"LINESTRING (17.960595214083238 59.37103612735284, 17.961127430106128 59.37112374572792, 17.961763631103782 59.3712290827929, 17.961846886217273 59.371238684043185, 17.96193789157273 59.37124408344735, 17.962024189587492 59.37124194275149, 17.962118987891017 59.3712306768451, 17.96217331550257 59.37122030360622, 17.96232118404754 59.371195152415424)",false
1244,1300,623803,Kyrkogårdsvägen,"LINESTRING (17.962425815958888 59.37202405168307, 17.962302390169803 59.37198430838807, 17.962264700852852 59.37197753585678)",false
1245,1301,1842047,Ursviksvägen,"LINESTRING (17.96232118404754 59.371195152415424, 17.96252456376157 59.37144056310833, 17.96267625739625 59.371623887492085, 17.962744324914112 59.371727178979704)",false
1246,1302,623662,Kyrkogårdsvägen,"LINESTRING (17.962425815958888 59.37202405168307, 17.962790889704284 59.37214779327346)",false
1247,1303,623802,Kyrkogårdsvägen,"LINESTRING (17.962837463463533 59.371845176625705, 17.96258136477029 59.37189619651356, 17.962425815958888 59.37202405168307)",false
1248,1304,1842048,Ursviksvägen,"LINESTRING (17.962744324914112 59.371727178979704, 17.962764172159332 59.37175728894064)",false
1249,1305,1861189,Ursviksvägen,"LINESTRING (17.96108407168325 59.3696627783603, 17.961407585269825 59.37003646692213, 17.961886969821883 59.370646231152975, 17.9620495096629 59.37084796895551)",false
1250,1306,1861190,Ursviksvägen,"LINESTRING (17.9620495096629 59.37084796895551, 17.962173146425332 59.371001419777976)",false
1251,1307,1861191,Ursviksvägen,"LINESTRING (17.962173146425332 59.371001419777976, 17.96232118404754 59.371195152415424)",false
1252,1308,1861261,Ringvägen,"LINESTRING (17.95878201788785 59.3701687068324, 17.958882142166 59.370003816335, 17.959152768583795 59.36952949870402, 17.959196493316966 59.369412030865796, 17.959208806624368 59.369322817910465, 17.95921046559279 59.36923377494986, 17.959201673830027 59.3691571361533, 17.9591845194858 59.36907463970226, 17.95915787316061 59.36899393127425, 17.959097531754644 59.36889385040589, 17.958963289218765 59.368698282693124)",false
1253,1309,1861262,Örnstigen,"LINESTRING (17.957686648516354 59.369036471220575, 17.957607163196407 59.369234805212194, 17.957548889920723 59.369376720676705, 17.957441295949703 59.36960487848369, 17.957364106639442 59.369778664648436, 17.957324051180272 59.369903974070475, 17.957287198346112 59.369993285235495, 17.957249167749087 59.37008969500005)",false
1254,1310,1861270,Klintvägen,"LINESTRING (17.956214901794066 59.37004491695599, 17.95625586974609 59.36973611347217, 17.956288208618425 59.369579358120085, 17.9563128878524 59.369473349034514, 17.95634284063077 59.3693664385606, 17.956351222645175 59.369318937767446, 17.956338647236745 59.36928673003002, 17.95631523953442 59.36925143421235, 17.95627889533315 59.36921415836775, 17.956176553996528 59.36911608917234, 17.956085919918593 59.369029069420755)",false
1255,1311,1861292,Ursviksvägen,"LINESTRING (17.96086494294818 59.36932232010596, 17.96108407168325 59.3696627783603)",false
1256,1312,1861319,Ursviksvägen,"LINESTRING (17.96077549323698 59.36919901661864, 17.96086494294818 59.36932232010596)",false
1257,1313,1861360,Tulegatan,"LINESTRING (17.96077549323698 59.36919901661864, 17.961072505098485 59.369110417077216)",false
1258,1314,1861361,Tulegatan,"LINESTRING (17.961072505098485 59.369110417077216, 17.961486713243218 59.36898685878769)",false
1259,1315,1861363,Tulegatan,"LINESTRING (17.961604133636644 59.36910483564805, 17.961163311836383 59.36923453422045)",false
1260,1316,1861364,Tulegatan,"LINESTRING (17.961163311836383 59.36923453422045, 17.96086494294818 59.36932232010596)",false
1261,1317,1861365,Tulegatan,"LINESTRING (17.961604133636644 59.36910483564805, 17.961650698074255 59.36916091900477)",false
1262,1318,1861366,Tulegatan,"LINESTRING (17.961650698074255 59.36916091900477, 17.96193611795841 59.3695047849693, 17.962276605407393 59.36995770991048)",false
1263,1319,1962371,Ursviksvägen,"LINESTRING (17.962764172159332 59.37175728894064, 17.962837463463533 59.371845176625705)",false
1264,1320,1861362,Tulegatan,"LINESTRING (17.961486713243218 59.36898685878769, 17.96216922845427 59.36876724399298, 17.96268107408264 59.3686019787548)",false
1265,1321,1861330,Tulegatan,"LINESTRING (17.962813141151507 59.36872919164981, 17.961839565116627 59.36902741914294, 17.961604133636644 59.36910483564805)",false
1266,1322,1864644,Eliegatan,"LINESTRING (17.96331160163363 59.367404515179565, 17.96273898571176 59.3675758193002, 17.961825956207456 59.36787088273978)",false
1267,1323,1864675,Eliegatan,"LINESTRING (17.96331160163363 59.367404515179565, 17.963509781791412 59.367350478996535)",false
1268,1324,1864676,Starrbäcksgatan,"LINESTRING (17.96249463247826 59.36675757206735, 17.962803184137265 59.367007744351845, 17.96331160163363 59.367404515179565)",false
1269,1325,1864742,Vattugatan,"LINESTRING (17.96249463247826 59.36675757206735, 17.96108867800752 59.36719904438034, 17.95991504930233 59.367568945275174)",false
1270,1326,1864743,Vattugatan,"LINESTRING (17.95991504930233 59.367568945275174, 17.95981282654506 59.367601162705526)",false
1271,1327,1864744,Eliegatan,"LINESTRING (17.961825956207456 59.36787088273978, 17.96108953310607 59.36810767065426, 17.960611494489637 59.36825825157636, 17.96036678927092 59.36832760950445)",false
1272,1328,1864745,Eliegatan,"LINESTRING (17.96036678927092 59.36832760950445, 17.96022960108752 59.36836649814697)",false
1273,1329,1864746,Ursviksvägen,"LINESTRING (17.96022960108752 59.36836649814697, 17.96028636507484 59.36846247235123)",false
1274,1330,1864747,Ursviksvägen,"LINESTRING (17.96028636507484 59.36846247235123, 17.96050351897292 59.368829623989214)",false
1275,1331,1864748,Ursviksvägen,"LINESTRING (17.96050351897292 59.368829623989214, 17.96050860080857 59.36883821590358)",false
1276,1332,1864749,Ursviksvägen,"LINESTRING (17.96050860080857 59.36883821590358, 17.96054553455614 59.3689006602303, 17.96077549323698 59.36919901661864)",false
1277,1333,1864750,Lötgatan,"LINESTRING (17.96268107408264 59.3686019787548, 17.962643574804034 59.368568486955255)",false
1278,1334,1864751,Lötgatan,"LINESTRING (17.962643574804034 59.368568486955255, 17.96229078675093 59.36825355164602, 17.961825956207456 59.36787088273978)",false
1279,1335,1861341,Eriksvägen,"LINESTRING (17.95574770590485 59.368926678444524, 17.95559296747603 59.36908805124071)",false
1280,1336,1861340,Villavägen,"LINESTRING (17.95559296747603 59.36908805124071, 17.956048183049994 59.368992838710035)",false
1281,1337,1864630,Granlidsvägen,"LINESTRING (17.955778095600675 59.36811385418053, 17.95588132390383 59.368019713438606, 17.955936024483567 59.36794591191981, 17.95595017990088 59.36788727250836, 17.95594995703915 59.367838196661594, 17.955939357654 59.36778519567336, 17.955905913628836 59.367725191575786, 17.95577477894263 59.367548070316985, 17.95575362626828 59.367515401073305, 17.95571956276037 59.36748103872394, 17.955654314353186 59.36743405746462, 17.955433425096288 59.36726594422055)",false
1282,1338,1864692,Hästhagsgatan,"LINESTRING (17.95647209545546 59.36661777046762, 17.95611305408175 59.36683375765787, 17.955774421420386 59.36706987661747, 17.955433425096288 59.36726594422055)",false
1283,1339,1864582,Eriksvägen,"LINESTRING (17.95574770590485 59.368926678444524, 17.955714059992392 59.368754337368, 17.955643655712148 59.36858282082843, 17.95557594378263 59.36838458209477)",false
1284,1340,1864599,Dalsänkan,"LINESTRING (17.95557594378263 59.36838458209477, 17.955955728230165 59.368367019855555, 17.956086390422772 59.36835766763315, 17.956189009973045 59.368343290183375, 17.956310496413035 59.36832318306019, 17.95640199318541 59.36831006413439, 17.95698146288418 59.368205856478696, 17.957138975634567 59.368181381836024, 17.957266743040638 59.36816851770565, 17.957322182961097 59.36816509424939)",false
1285,1341,1861345,Villavägen,"LINESTRING (17.956048183049994 59.368992838710035, 17.955860048589997 59.36895925668164, 17.95574770590485 59.368926678444524)",false
1286,1342,1864869,Kanalstigen,"LINESTRING (17.955778095600675 59.36811385418053, 17.956020479350315 59.36810005445654, 17.95620301250626 59.36808390953692, 17.956425841001156 59.368045895299176, 17.95669810552293 59.3679959672181, 17.956859009400752 59.36798396027663, 17.957028932229083 59.36797100269608, 17.95722811670564 59.36796393171359)",false
1287,1343,1861271,Klintvägen,"LINESTRING (17.956085919918593 59.369029069420755, 17.956048183049994 59.368992838710035)",false
1288,1344,1861347,Villavägen,"LINESTRING (17.95763530098171 59.36865252806283, 17.95754568559434 59.36867330606605, 17.95739197805163 59.36870753438156, 17.956606766787367 59.368868807466356, 17.956048183049994 59.368992838710035)",false
1289,1345,1864708,Tallbostigen,"LINESTRING (17.95743505157203 59.366988248177414, 17.957352113762383 59.36697669612333, 17.957212059401463 59.366956771102984, 17.95710188605011 59.36693610510511, 17.956991152899423 59.36690617827812, 17.95687527432195 59.366870329571505, 17.956780620313246 59.366831977456755, 17.956706567687206 59.36679003085179, 17.95663086531511 59.36673803047784, 17.95647209545546 59.36661777046762)",false
1290,1346,970591,Örnstigen,"LINESTRING (17.957322182961097 59.36816509424939, 17.95763530098171 59.36865252806283)",false
1291,1347,1864600,Dalsänkan,"LINESTRING (17.957322182961097 59.36816509424939, 17.957390038162096 59.36816090383684, 17.95751268287281 59.368160376504186, 17.95764343971697 59.36816162390533, 17.95777169070319 59.36816563279236, 17.957894717496643 59.368171916721714, 17.95858515176966 59.36823912358672, 17.959294581415023 59.368303056020096, 17.959809299061522 59.368348204682185)",false
1292,1348,1864706,Österbergsstigen,"LINESTRING (17.95727355132196 59.36727535449707, 17.95743505157203 59.366988248177414)",false
1293,1349,1864707,Tallbostigen,"LINESTRING (17.958594290666078 59.3668461293637, 17.957993788569617 59.366943408584824, 17.95779982787749 59.36696955615241, 17.957666149281536 59.36698524179555, 17.957575046821088 59.366989097255086, 17.95743505157203 59.366988248177414)",false
1294,1350,1861346,Villavägen,"LINESTRING (17.958963289218765 59.368698282693124, 17.95841113918839 59.368651527088716, 17.95811209291368 59.368627276932614, 17.95798151680007 59.36862004126997, 17.957860115331442 59.36862354209459, 17.957743912613914 59.368633772084955, 17.957648831153143 59.3686493994787, 17.95763530098171 59.36865252806283)",false
1295,1351,1864587,Villavägen,"LINESTRING (17.959809299061522 59.368348204682185, 17.959808708269097 59.36837434909215, 17.959793696290212 59.36840915090387, 17.95976110275023 59.36844422614493, 17.959712566403972 59.36847110881719, 17.959658167273705 59.36848910275268, 17.959337914108364 59.36859341294418, 17.958963289218765 59.368698282693124)",false
1296,1352,1864656,Kanalstigen,"LINESTRING (17.95959391522019 59.36763859966745, 17.959277562744045 59.36774515759835)",false
1297,1353,1864601,Villavägen,"LINESTRING (17.959277562744045 59.36774515759835, 17.959407791569575 59.36788863500182, 17.959667306886992 59.36816635538178, 17.95975305415316 59.36825433019077, 17.959798983671817 59.368309440120925, 17.959809299061522 59.368348204682185)",false
1298,1354,1864670,Ursviksvägen,"LINESTRING (17.95981282654506 59.367601162705526, 17.959576125881174 59.36711978037903, 17.959331946299915 59.36669249188314)",false
1299,1355,1864663,Ursviksvägen,"LINESTRING (17.959507290828295 59.367483169579266, 17.95959391522019 59.36763859966745)",false
1300,1356,1864662,Ursviksvägen,"LINESTRING (17.95959391522019 59.36763859966745, 17.95981282654506 59.367601162705526)",false
1301,1357,1864870,Kanalstigen,"LINESTRING (17.95722811670564 59.36796393171359, 17.957232241058747 59.36796378422392, 17.957598928222332 59.36795922930121, 17.95798250145656 59.36795167523839, 17.958135940692888 59.3679487680901, 17.958286189122106 59.36793692032933, 17.95845062358247 59.36792159635616, 17.958607893247194 59.367901834028004, 17.95885422923316 59.36785825886707, 17.95907168966733 59.367804753393855, 17.959277562744045 59.36774515759835)",false
1302,1358,1867268,Ursviksvägen,"LINESTRING (17.958452006012962 59.3657637639774, 17.958480239119105 59.36580777404195, 17.958498849009754 59.36585165208819, 17.958511676387513 59.36589725189331, 17.958526506585702 59.36594038004319, 17.958601897573846 59.36605971772898, 17.958931907567113 59.366493334941985, 17.959112360788705 59.36676374837372, 17.9592402920668 59.36698616525697, 17.959437060399424 59.36735201553048, 17.959507290828295 59.367483169579266)",false
1303,1359,1867274,Ursviksvägen,"LINESTRING (17.959331946299915 59.36669249188314, 17.95911562897152 59.366402450057016, 17.958903086546623 59.366131444209564, 17.958789837283074 59.365967964736065)",false
1304,1360,1867279,Hästhagsgatan,"LINESTRING (17.95647209545546 59.36661777046762, 17.95673194937015 59.36647719543801, 17.95680452602557 59.366430826241, 17.956852145879164 59.36640474720087, 17.956909656550863 59.3663836915144, 17.956962772048875 59.36636978045202, 17.95704485814395 59.366357620318105, 17.957132157243205 59.366343463806885, 17.957234376315096 59.366328806971765, 17.95731595570476 59.36630820243694, 17.957401792136853 59.36627826375933, 17.957489558658338 59.36624501934837, 17.957603048502662 59.366185743119914, 17.95783266761752 59.36605789295064, 17.958018193205092 59.36597053607388)",false
1305,1361,1867291,Hästhagsgatan,"LINESTRING (17.958018193205092 59.36597053607388, 17.95820355260886 59.365871177533705, 17.95833692612953 59.365796065478186, 17.958399304679425 59.36577574328833, 17.958452006012962 59.3657637639774)",false
1306,1362,1867305,Vegagatan,"LINESTRING (17.959331946299915 59.36669249188314, 17.95942530216216 59.36666339653964)",false
1307,1363,1867306,Vegagatan,"LINESTRING (17.95942530216216 59.36666339653964, 17.95960070978951 59.36660872241241)",false
1308,1364,1867307,Vegagatan,"LINESTRING (17.95960070978951 59.36660872241241, 17.959615720001878 59.36660404407987)",false
1309,1365,1867521,Svalgränd,"LINESTRING (17.958855589625266 59.36594858114636, 17.958789837283074 59.365967964736065)",false
1310,1366,784914,Löfströmsvägen,"LINESTRING (17.953250211386695 59.36443028056553, 17.953304185492424 59.36443820516801, 17.95338796588184 59.364451843293324, 17.9534707514105 59.364466995566005, 17.953637300036537 59.364495786146925, 17.953719481349072 59.36451167981369, 17.953771383329588 59.36452006453653)",false
1311,1367,784915,Löfströmsvägen,"LINESTRING (17.953771383329588 59.36452006453653, 17.95380369895561 59.36452528081049, 17.953886724562707 59.364540355495976, 17.954371595072008 59.36464645150491, 17.954534153487316 59.36467832371049, 17.954615937725276 59.36469551080652, 17.955291603020484 59.36479538206442, 17.955378115549436 59.36480216365415, 17.95581633244199 59.36482012735621, 17.957103628542107 59.36470760952246)",false
1312,1368,1867344,Björkhagsvägen,"LINESTRING (17.955728671261923 59.365751390797094, 17.95573402625707 59.36576619491444, 17.95574558334097 59.36583526792041, 17.955751172978182 59.36592133377559, 17.955757174541766 59.365995951256174, 17.955749236112734 59.36606068588372, 17.955736694564305 59.36611076108771, 17.9556868864951 59.36620858771473)",false
1313,1369,1867185,Tallbostigen,"LINESTRING (17.9556868864951 59.36620858771473, 17.955874633264834 59.366313131123086, 17.956222065748427 59.366498924218014, 17.95647209545546 59.36661777046762)",false
1314,1370,1867343,Björkhagsvägen,"LINESTRING (17.955705783446607 59.36568865818795, 17.955728671261923 59.365751390797094)",false
1315,1371,1867605,Järnvägsgatan,"LINESTRING (17.955900633135723 59.3656588362329, 17.955896342286724 59.365660910440134, 17.95579676112796 59.365676530815456, 17.955705783446607 59.36568865818795)",false
1316,1372,1962390,Löfströms Allé,"LINESTRING (17.959404819725467 59.36358141010522, 17.959383836144873 59.36359452973943, 17.9579032227925 59.36449896433124, 17.957405979760615 59.36479831804649, 17.956900130154033 59.365114974118036, 17.956623431962836 59.36529589202985, 17.956528345105152 59.36535644831079)",false
1317,1373,1867609,Järnvägsgatan,"LINESTRING (17.95685817783235 59.365536294829354, 17.956729193778113 59.36555468567137, 17.956582900595194 59.365557456175694)",false
1318,1374,1867608,Järnvägsgatan,"LINESTRING (17.95720983261853 59.36548535680541, 17.957056355925165 59.36550954066955, 17.95685817783235 59.365536294829354)",false
1319,1375,1961941,Löfströmsvägen,"LINESTRING (17.957103628542107 59.36470760952246, 17.95722511901283 59.36468386196045, 17.957370181036435 59.36466234708333, 17.95737018622894 59.3646623460669)",false
1320,1376,1867607,Järnvägsgatan,"LINESTRING (17.95722663201205 59.36548270939809, 17.95720983261853 59.36548535680541)",false
1321,1377,1867606,Järnvägsgatan,"LINESTRING (17.958166828263405 59.36528365954382, 17.957756147129448 59.365375578304054, 17.95751586452862 59.36543106436762, 17.957290252341988 59.36547268435481, 17.95722663201205 59.36548270939809)",false
1322,1378,1961942,Löfströmsvägen,"LINESTRING (17.95737018622894 59.3646623460669, 17.95792484322007 59.36458009344329)",false
1323,1379,1961943,Löfströmsvägen,"LINESTRING (17.95792484322007 59.36458009344329, 17.957924846655686 59.36458009246673, 17.95803309973988 59.364564039950785, 17.95854406647946 59.36446132509063)",false
1324,1380,1868987,Järnvägsgatan,"LINESTRING (17.958264681531976 59.3652502485237, 17.958166828263405 59.36528365954382)",false
1325,1381,1867480,Ursviksvägen,"LINESTRING (17.958596228221957 59.36573701010709, 17.958166828263405 59.36528365954382)",false
1326,1382,1868986,Järnvägsgatan,"LINESTRING (17.959952330419185 59.36472187714848, 17.959473591470687 59.364854642458454, 17.958697736471372 59.365102386211596, 17.958264681531976 59.3652502485237)",false
1327,1383,1867300,Ursviksvägen,"LINESTRING (17.958452006012962 59.3657637639774, 17.958596228221957 59.36573701010709)",false
1328,1384,1867289,Ursviksvägen,"LINESTRING (17.958789837283074 59.365967964736065, 17.958596228221957 59.36573701010709)",false
1329,1385,1867520,Svalgränd,"LINESTRING (17.960707692048206 59.36540219368532, 17.959918582407695 59.36563518895609, 17.958855589625266 59.36594858114636)",false
1330,1386,1962391,Löfströms Allé,"LINESTRING (17.95639996335583 59.36533645542685, 17.956764596955168 59.36510806555807, 17.957368045373546 59.36474354714476, 17.957921655949473 59.364385808944, 17.9586674335024 59.36394468396557, 17.95930433996497 59.363559762190604, 17.95932472433023 59.36354724025886)",false
1331,1387,1969956,Löfströmsvägen,"LINESTRING (17.953771383329588 59.36452006453653, 17.953721963602298 59.36456552086226, 17.953644189260963 59.364605158899636, 17.95357411862145 59.36463075709927, 17.953478382014502 59.36465594842818, 17.95336232184261 59.364680629742324, 17.95317903330297 59.36472432976595, 17.953060042217786 59.36476268183086, 17.95298267449676 59.36480012667349, 17.952924307469612 59.36483400490878, 17.952915400743574 59.36484045009029)",false
1332,1388,1969957,Löfströmsvägen,"LINESTRING (17.952915400743574 59.36484045009029, 17.952915397385762 59.36484045196355, 17.95287160751728 59.36487212185793)",false
1333,1389,1969958,Löfströmsvägen,"LINESTRING (17.95287160751728 59.36487212185793, 17.952826099306776 59.3649170309174, 17.95278206919593 59.364967603516874, 17.952702209812816 59.365080873525535)",false
1334,1390,1867308,Vegagatan,"LINESTRING (17.959615720001878 59.36660404407987, 17.960173769366552 59.36643010027074, 17.961538218366336 59.36600970903621)",false
1335,1391,1867519,Svalgränd,"LINESTRING (17.960781631140566 59.365380362264716, 17.960707692048206 59.36540219368532)",false
1336,1392,1867487,Starrbäcksgatan,"LINESTRING (17.960781631140566 59.365380362264716, 17.96103782442835 59.36557626677467)",false
1337,1393,1867546,Duvgränd,"LINESTRING (17.96103782442835 59.36557626677467, 17.96111720815086 59.36555095793173)",false
1338,1394,1867287,Starrbäcksgatan,"LINESTRING (17.961538218366336 59.36600970903621, 17.96103782442835 59.36557626677467)",false
1339,1395,1867547,Duvgränd,"LINESTRING (17.96111720815086 59.36555095793173, 17.961788015335795 59.365337089669794, 17.96267899289664 59.365049113358594)",false
1340,1396,1867272,Starrbäcksgatan,"LINESTRING (17.961538218366336 59.36600970903621, 17.96249463247826 59.36675757206735)",false
1341,1397,1867548,Vegagatan,"LINESTRING (17.96316989765302 59.365485622794225, 17.9624135945261 59.365728523266284, 17.961538218366336 59.36600970903621)",false
1342,1398,1868904,Järnvägsgatan,"LINESTRING (17.961856358526454 59.36410589558426, 17.961631036069534 59.36418842956957)",false
1343,1401,775188,Fredsgatan,"LINESTRING (17.963140847592317 59.3654379659787, 17.96311063579041 59.36539071297776, 17.96306668212546 59.36534636032588, 17.96267899289664 59.365049113358594)",false
1344,1402,775181,Fredsgatan,"LINESTRING (17.96291402118521 59.36497387818129, 17.96309832744031 59.365134642618685, 17.96325252980573 59.36526914249373, 17.96328340863483 59.3652899437343, 17.963318529482322 59.36530892322491, 17.963357450349125 59.36532585737785, 17.963399731580566 59.36534054951002)",false
1345,1403,775187,Fredsgatan,"LINESTRING (17.96316989765302 59.365485622794225, 17.96314820228378 59.36546072184043, 17.963140847592317 59.3654379659787)",false
1346,1404,775190,Fredsgatan,"LINESTRING (17.963140847592317 59.3654379659787, 17.96314345602468 59.365416816734005, 17.963152948597685 59.365398907655035, 17.96316883221643 59.36538221913395, 17.963190542823043 59.36536734807671, 17.96322149055476 59.36535322849879, 17.96325289048307 59.3653438881251, 17.963287153172086 59.36533769961383, 17.963328267204897 59.365334778953525, 17.963364526717303 59.365335940430086, 17.963399731580566 59.36534054951002)",false
1347,1405,775186,Fredsgatan,"LINESTRING (17.963268832135523 59.36552658675045, 17.963235928815575 59.36551869936242, 17.96319724685801 59.36550248759866, 17.96316989765302 59.365485622794225)",false
1348,1406,687396,Skrivargatan,"LINESTRING (17.943893779781547 59.383471645412335, 17.94224075170276 59.38385996252786)",false
1349,1407,376122,Ursviks Allé,"LINESTRING (17.944356800756932 59.38434446947371, 17.942875492279224 59.38466643779017)",false
1350,1408,376136,Skördegatan,"LINESTRING (17.944864918597442 59.385154352305776, 17.943519141996553 59.3854530212762)",false
1351,1409,376123,Stallgatan,"LINESTRING (17.943467424696717 59.38259606024929, 17.943893779781547 59.383471645412335)",false
1352,1410,376124,Stallgatan,"LINESTRING (17.943893779781547 59.383471645412335, 17.944356800756932 59.38434446947371)",false
1353,1411,376063,Skrivargatan,"LINESTRING (17.94546355280765 59.38309207974738, 17.943893779781547 59.383471645412335)",false
1354,1412,376134,Mönstringsvägen,"LINESTRING (17.94427205792446 59.38618768931417, 17.94419456043284 59.38620424427764)",false
1355,1413,376133,Mönstringsvägen,"LINESTRING (17.945489414850933 59.38592762907595, 17.94427205792446 59.38618768931417)",false
1356,1414,376125,Stallgatan,"LINESTRING (17.944356800756932 59.38434446947371, 17.944498992399 59.384586616293525, 17.94482885280043 59.38510126091786, 17.944864918597442 59.385154352305776)",false
1357,1415,376121,Ursviks Allé,"LINESTRING (17.945839707156964 59.38402052482495, 17.944356800756932 59.38434446947371)",false
1358,1416,376126,Stallgatan,"LINESTRING (17.944864918597442 59.385154352305776, 17.944912211012713 59.38522395766744, 17.944972227273986 59.3852711076002, 17.94501192564605 59.385363411913616, 17.945132338993858 59.38544057608844, 17.94517244977348 59.38553762454627, 17.945186096079453 59.38555441542919)",false
1359,1417,376135,Skördegatan,"LINESTRING (17.946305659470358 59.38483372743125, 17.944864918597442 59.385154352305776)",false
1360,1418,376127,Stallgatan,"LINESTRING (17.945186096079453 59.38555441542919, 17.945489414850933 59.38592762907595)",false
1361,1419,586297,Enköpingsvägen,"LINESTRING (17.945025394141467 59.38122478430971, 17.945066046123625 59.38133584742225)",false
1362,1420,376132,Mönstringsvägen,"LINESTRING (17.94688280285674 59.38562994845222, 17.945489414850933 59.38592762907595)",false
1363,1421,376062,Skrivargatan,"LINESTRING (17.947005059132035 59.3827918225151, 17.94546355280765 59.38309207974738)",false
1364,1422,376120,Ursviks Allé,"LINESTRING (17.947211695500467 59.383727833812614, 17.945839707156964 59.38402052482495)",false
1365,1423,376048,Kronogårdsvägen,"LINESTRING (17.947908827619138 59.384861883350915, 17.94755017573396 59.384895547417266, 17.946463134896927 59.385062443594364)",false
1366,1424,376106,Arrendevägen,"LINESTRING (17.947005059132035 59.3827918225151, 17.94704900737736 59.38245944952406, 17.946639958397387 59.38169087214547)",false
1367,1425,376105,Arrendevägen,"LINESTRING (17.947211695500467 59.383727833812614, 17.94705011422552 59.38319748500844, 17.947005059132035 59.3827918225151)",false
1368,1426,376104,Arrendevägen,"LINESTRING (17.94738818861042 59.38401610845059, 17.947211695500467 59.383727833812614)",false
1369,1427,376119,Ursviks Allé,"LINESTRING (17.948405774722428 59.38347352213542, 17.947211695500467 59.383727833812614)",false
1370,1428,738959,Arrendevägen,"LINESTRING (17.947908827619138 59.384861883350915, 17.94763686198282 59.38445764892343)",false
1371,1429,738960,Hemmansvägen,"LINESTRING (17.94763686198282 59.38445764892343, 17.948111300043447 59.38437085716889, 17.948261864223504 59.38433136554883, 17.948990378118758 59.38403626625203, 17.94917397650049 59.383948266622106)",false
1372,1430,376107,Brännarvägen,"LINESTRING (17.947489828479252 59.381457412234546, 17.947807382602115 59.38163676976625)",false
1373,1431,738958,Kronogårdsvägen,"LINESTRING (17.949397417118224 59.38494389368153, 17.949099274309788 59.38489532967522, 17.9488357991499 59.38487193205138, 17.948661149664947 59.38485642752929, 17.9484117431291 59.384853036858686, 17.947908827619138 59.384861883350915)",false
1374,1432,810838,Kvarnvägen,"LINESTRING (17.93826360821463 59.38174624232255, 17.93831137519039 59.38168016252414, 17.938335950592883 59.38163975663747, 17.93836303406967 59.38159638282003, 17.9383797201002 59.381551715741885, 17.938389918917238 59.38150982770697, 17.93839225429964 59.38146580754268, 17.93838076904229 59.38137708897818, 17.938377433250725 59.38130133297269, 17.938454168260776 59.38119270842075)",false
1375,1433,810837,Kvarnvägen,"LINESTRING (17.938454168260776 59.38119270842075, 17.938538160961937 59.38129708145666, 17.93854435756525 59.38141584193756, 17.938550927897303 59.381460604893036, 17.93855732466249 59.38150417664843, 17.93857542353832 59.38154519327073, 17.93862732709834 59.381604192344724, 17.93868861993683 59.38164307621403)",false
1376,1434,851872,Gåsörtsvägen,"LINESTRING (17.949396994213448 59.387349179050744, 17.948852214075103 59.38756587448659)",false
1377,1,1851701,Mjölnerbacken,"LINESTRING (17.93238597124503 59.37897551681522, 17.932378875095445 59.378872178193056, 17.932371446829748 59.37882737143617, 17.932367087651677 59.37876182834971, 17.93237170531169 59.37870377518044, 17.93239443739082 59.378645440369674, 17.93243686298486 59.378595522568084, 17.932489694565007 59.37855007024797, 17.932559705241164 59.37851552660635, 17.932656307790868 59.37848873254058, 17.93278058471137 59.37847386000104)",true
1378,2,1851569,Rissneleden,"LINESTRING (17.93238597124503 59.37897551681522, 17.932650285191794 59.37898810912601, 17.93285127068394 59.37899457750389, 17.933059556089294 59.37900746792168, 17.93328697302472 59.37902796983918, 17.933554227793273 59.37906337197154, 17.93378616910646 59.37910666700725, 17.934022586275532 59.379162414054804, 17.934227229867016 59.37922218257282, 17.934454911726725 59.37930174011317, 17.93468712499222 59.37939540180261, 17.934973910238252 59.37952769554141, 17.935402667463542 59.37974275029012, 17.935873315556073 59.38000836694408, 17.936099506345926 59.380135319438814, 17.936124184081933 59.38014760527937)",true
1379,3,1851723,Mjölnerbacken,"LINESTRING (17.93299069122316 59.37848626022609, 17.93301217488801 59.378488490604845, 17.93312342401653 59.37851157025348, 17.933225616990427 59.37854376746461, 17.933438003173713 59.37861758744859, 17.933624323616637 59.37868362787021, 17.933725637130934 59.37871012054653, 17.93381374189328 59.37872947015956, 17.933925529687613 59.378743281659006, 17.93406147635632 59.37875074453928, 17.934375133757914 59.3787680186609, 17.934496483937433 59.37878141675871, 17.93463684118494 59.37879996707483, 17.934773555104115 59.3788297416376, 17.934891302545424 59.37885849631949)",true
1380,4,1851722,Mjölnerbacken,"LINESTRING (17.934891302545424 59.37885849631949, 17.935081877563153 59.378905056584195)",true
1381,5,1851721,Mjölnerbacken,"LINESTRING (17.935081877563153 59.378905056584195, 17.935264482940777 59.37894966637872, 17.93534999796787 59.37897041216459, 17.93546642615412 59.378990416923806, 17.935598688983077 59.37900800728323, 17.935729935110786 59.379016895198234, 17.93586062760895 59.379016531094756, 17.93598932027057 59.379009131090044, 17.936112892511225 59.37899689510174, 17.936223332226024 59.37897861079424, 17.936340061757637 59.37895832466651, 17.936428056594647 59.37893851491411)",true
1382,6,1851568,Rissneleden,"LINESTRING (17.936124184081933 59.38014760527937, 17.93613677784174 59.38015387499808)",true
1383,7,1851567,Rissneleden,"LINESTRING (17.93613677784174 59.38015387499808, 17.936206672139058 59.3801886718053, 17.93630769977015 59.38023722913103, 17.936403619741732 59.38028068965997, 17.9365222408178 59.38032923696113, 17.936627323251678 59.38036521246459, 17.93674808907975 59.38040475241963, 17.93689828594246 59.380445740952275, 17.9370644930554 59.38047778720455)",true
1384,8,1851720,Mjölnerbacken,"LINESTRING (17.936428056594647 59.37893851491411, 17.936446436657054 59.378934380807436, 17.936520821031845 59.37891948726277)",true
1385,10,1851719,Mjölnerbacken,"LINESTRING (17.936520821031845 59.37891948726277, 17.93654505552366 59.37891462821198, 17.936642938965345 59.378900625045006, 17.93674709568371 59.37889358825775, 17.936869258478072 59.37889336136125, 17.93704244302941 59.378898877032654)",true
1386,11,1851310,Rissneleden,"LINESTRING (17.9370644930554 59.38047778720455, 17.93699251007272 59.38061815850864)",true
1387,13,1851313,Rissneleden,"LINESTRING (17.9370644930554 59.38047778720455, 17.93721039368771 59.38050005590962, 17.93735408484549 59.380521008392144, 17.937446443848685 59.380531031379704, 17.93755514738935 59.38053781057953, 17.93766318205012 59.38054215163727, 17.937787009819917 59.38054298271899, 17.937942168234315 59.38054116673199, 17.937964485725946 59.38054086419893)",true
1388,14,1851312,Rissneleden,"LINESTRING (17.937964485725946 59.38054086419893, 17.938103194798533 59.38053898468595, 17.938156988596518 59.38053712810739)",true
1389,15,1851311,Rissneleden,"LINESTRING (17.938156988596518 59.38053712810739, 17.938286897069474 59.38053264315978, 17.938465894977565 59.38051875149875)",true
1390,16,1851322,Kvarnvägen,"LINESTRING (17.938454168260776 59.38119270842075, 17.93845717813267 59.3810165278326, 17.938463574599883 59.38083430433861, 17.93846416093528 59.38075450168363)",true
1391,17,1851716,Madenvägen,"LINESTRING (17.93955136709855 59.38099709181176, 17.93952440392219 59.38102719115896, 17.939485281140904 59.381060458082786, 17.939437220523484 59.38108732193659, 17.93938089231374 59.38110942098813, 17.939306347102807 59.38113043008399, 17.939219300737538 59.38114700341552, 17.939121769334356 59.38115801721131, 17.93901623622145 59.38116916638316, 17.938885537185126 59.38117850151082, 17.938454168260776 59.38119270842075)",true
1392,18,1851321,Kvarnvägen,"LINESTRING (17.93846416093528 59.38075450168363, 17.938464734641162 59.38067664833327)",true
1393,19,1851320,Kvarnvägen,"LINESTRING (17.938464734641162 59.38067664833327, 17.938465894977565 59.38051875149875)",true
1394,20,1851658,Rissneleden,"LINESTRING (17.938465894977565 59.38051875149875, 17.93866941024386 59.38046827389161, 17.93879736397236 59.38043011146047, 17.938921530702565 59.3803909290123, 17.938953636866387 59.380379139247275)",true
1395,21,1851657,Rissneleden,"LINESTRING (17.938953636866387 59.380379139247275, 17.939045312494944 59.38034547404077, 17.939166274033173 59.38029735084144, 17.939277537619237 59.38024746928702, 17.93938747919847 59.38019351092424, 17.939496967752365 59.380131682123896, 17.93960536735846 59.38006033484983, 17.939617679693182 59.38005080185374)",true
1396,22,1851724,Mjölnerbacken,"LINESTRING (17.93278058471137 59.37847386000104, 17.93289997822322 59.37847686209713, 17.93299069122316 59.37848626022609)",true
1397,23,1853930,Artillerivägen,"LINESTRING (17.940223410236936 59.37746248282231, 17.940066729742608 59.37770172326174)",true
1398,24,1854038,Artillerivägen,"LINESTRING (17.939950277383115 59.37848118726068, 17.939952921590056 59.378490062223754)",true
1399,25,1854039,Artillerivägen,"LINESTRING (17.940034527728045 59.37782358721846, 17.94001782953524 59.37788677461958, 17.93999211969589 59.377957946956236, 17.939970019713265 59.378026881284185, 17.939950052087198 59.37810478028889, 17.939938398624864 59.37818799111356, 17.93993307939322 59.378279272125276, 17.9399331418963 59.378371285425274, 17.93994626699553 59.378467721703316, 17.939950277383115 59.37848118726068)",true
1400,26,1854040,Artillerivägen,"LINESTRING (17.940066729742608 59.37770172326174, 17.940034527728045 59.37782358721846)",true
1401,27,1854171,Mässvägen,"LINESTRING (17.93278058471137 59.37847386000104, 17.932765186990576 59.37838675673795, 17.93281371262947 59.378205670872994, 17.932822853394143 59.3781846901079)",true
1402,28,1851717,Madenvägen,"LINESTRING (17.950332833956224 59.378886406161406, 17.94795665874463 59.37925302745265, 17.94581508196176 59.37958451596427, 17.945025525349372 59.379710750023044, 17.94390186766029 59.37987542610888, 17.942747964556574 59.380050704367726, 17.941976089769767 59.380162960909054, 17.941848388921457 59.38017798234483, 17.941706412740054 59.38019512292102, 17.94155561131764 59.380207771863944, 17.941405428076045 59.380212517137934, 17.941251902362897 59.38021486654575, 17.941099940561923 59.380216362783095, 17.940921150578763 59.380215552621024, 17.94078894781918 59.3802178518059, 17.940655663453438 59.38022860394456, 17.940510621151063 59.380247968958635, 17.940386521951023 59.38027001549109, 17.94028188707281 59.38029637642664, 17.940177582990316 59.38032818420257, 17.940092236196126 59.38036516254447, 17.940010198718856 59.38041269641373, 17.939945748227125 59.3804599504583, 17.9398970304214 59.380512151330954, 17.93985492689566 59.380567518799594, 17.939605039258634 59.38093721333283, 17.93955136709855 59.38099709181176)",true
1403,29,1851656,Rissneleden,"LINESTRING (17.939617679693182 59.38005080185374, 17.9396620263187 59.38001645559877, 17.939762531636415 59.379938151450425, 17.939805158992893 59.379895406234475)",true
1404,30,1851655,Rissneleden,"LINESTRING (17.939805158992893 59.379895406234475, 17.93981313602602 59.37988740600905)",true
1405,31,1851654,Rissneleden,"LINESTRING (17.93981313602602 59.37988740600905, 17.939882455695813 59.379817894889804, 17.940137321771232 59.379560284176094, 17.940232956872244 59.37946217689921, 17.94031140701954 59.37938993189744, 17.940415835269597 59.37932381333505, 17.940546481031223 59.37925865789178)",true
1406,32,1851612,Rissneleden,"LINESTRING (17.940546481031223 59.37925865789178, 17.94064704933911 59.37921792125653, 17.940743638700997 59.379181875028365, 17.94085938556511 59.37914498323274, 17.940978451934388 59.37911022695787, 17.941108311668597 59.37907748251757, 17.941254340133774 59.379047203700054, 17.941414576955232 59.379022984078105, 17.941562369641716 59.37900493972972, 17.941711310794375 59.37898795658113, 17.941865847522546 59.3789757981798, 17.9420298540613 59.37897029105778, 17.942219687594697 59.378968756675576)",true
1407,33,1851621,Rissneleden,"LINESTRING (17.941513678442075 59.37925694930353, 17.94186768753498 59.379198182617124, 17.942053045454273 59.37917466234733, 17.94228520010942 59.37915749898667)",true
1408,34,1851622,Rissneleden,"LINESTRING (17.94228520010942 59.37915749898667, 17.942252308669257 59.37909702090426, 17.942231094599848 59.37903554244146, 17.942219687594697 59.378968756675576)",true
1409,35,1851631,Rissneleden,"LINESTRING (17.942219687594697 59.378968756675576, 17.942538720978586 59.37898620441474, 17.942569412679557 59.378988314360406)",true
1410,36,1851620,Rissneleden,"LINESTRING (17.945923815355027 59.37903629544085, 17.944984436391426 59.379305797239105, 17.944489620452096 59.37942634928993, 17.944194213719403 59.379494151395576, 17.943951191074735 59.37955435405198, 17.943702652540264 59.37959665522213, 17.943510362911738 59.379622302218166, 17.94329518450595 59.37963481620125, 17.94312463208704 59.37960995678983, 17.94303224983292 59.37959498717471, 17.94291257497827 59.37956524086554, 17.942758157411543 59.37950689503075, 17.942580783816453 59.37941187484365, 17.942447175689136 59.37931727743657, 17.9423484255541 59.379234931622655, 17.94228520010942 59.37915749898667)",true
1411,37,1851630,Rissneleden,"LINESTRING (17.942569412679557 59.378988314360406, 17.942755674930474 59.379001121202734, 17.942989303669307 59.37901824014801, 17.943157041199765 59.37903118513761, 17.943345099265414 59.379044102463496, 17.94353643130627 59.37904989172727, 17.94371778107711 59.379049013978715, 17.94389721166498 59.379042455343395, 17.94408186727374 59.379025480709096, 17.94424897563859 59.37900903688019, 17.944390193042782 59.37898809159969, 17.94454765867255 59.37896199872147, 17.94469615102281 59.37892869502117, 17.94485064748621 59.37888848020858, 17.944995341181006 59.378844892314824, 17.945146128508114 59.37879603568606, 17.945301485891264 59.37873429777719, 17.945464284765865 59.37866293845188, 17.945623597443777 59.37858672445869, 17.9457601509842 59.37852282291558, 17.94589319668999 59.378462540905126, 17.94604905010956 59.378400260687236, 17.946193444112744 59.378342507516855, 17.946334968393305 59.37829024647987)",true
1412,40,1841182,Gamla Enköpingsvägen,"LINESTRING (17.947489828479252 59.381457412234546, 17.946639958397387 59.38169087214547)",true
1413,41,1841183,Gamla Enköpingsvägen,"LINESTRING (17.947976146763143 59.381316463668036, 17.947489828479252 59.381457412234546)",true
1414,42,1279701,Gamla Enköpingsvägen,"LINESTRING (17.950818706844366 59.380656172015115, 17.950733312532474 59.380669390982646, 17.950473575002945 59.38071637956764, 17.94995724853522 59.380827761383784, 17.949147648629094 59.38101495743377, 17.948647352781528 59.38113560412852, 17.948341852880137 59.38121482218528, 17.948076369656818 59.3812859729352, 17.947976146763143 59.381316463668036)",true
1415,43,1841184,Gamla Enköpingsvägen,"LINESTRING (17.951441917677755 59.38056104866021, 17.95112484754169 59.38061300269522, 17.950955920860462 59.380634923883015, 17.950818706844366 59.380656172015115)",true
1416,44,1228754,Gamla Enköpingsvägen,"LINESTRING (17.951512469282264 59.3810835424198, 17.951449921024544 59.38087808608863, 17.951441917677755 59.38056104866021)",true
1417,45,1841116,Gamla Enköpingsvägen,"LINESTRING (17.95444746797904 59.3805712493398, 17.954204091653175 59.380559700192336, 17.95381716390628 59.38054006288845, 17.953227371982774 59.38051863991869, 17.952854589006968 59.380503675501394, 17.95268796738273 59.38050106028636, 17.952484297803707 59.38050338141439, 17.952312116147837 59.38050629213351, 17.952168222735 59.38050904730875, 17.952020772505165 59.38051484819344, 17.951441917677755 59.38056104866021)",true
1418,46,1841117,Gamla Enköpingsvägen,"LINESTRING (17.954536434052343 59.38057298032365, 17.954464126167487 59.38057203101826, 17.95444746797904 59.3805712493398)",true
1419,47,1841118,Gamla Enköpingsvägen,"LINESTRING (17.95467456121667 59.380574792233745, 17.954536434052343 59.38057298032365)",true
1420,48,1841119,Gamla Enköpingsvägen,"LINESTRING (17.955661706824923 59.38052257463103, 17.955273892914317 59.3805601208483, 17.955034840305203 59.38056870242932, 17.954841893629627 59.38057221294709, 17.95467456121667 59.380574792233745)",true
1421,49,1853887,Valkyriavägen,"LINESTRING (17.946334968393305 59.37829024647987, 17.946178553730903 59.37817095396934, 17.94612790002137 59.37814450317428, 17.946056061922956 59.37812029230976, 17.945975212641308 59.37810628627062, 17.945876241874718 59.37810181028932, 17.945781887759793 59.37810325042523, 17.94566388796825 59.37811976384675, 17.945529235085534 59.37815258530143, 17.945386798990747 59.37818906896071, 17.94525575596416 59.378219660953995, 17.94512015516631 59.37824542255364, 17.94498895902548 59.37826430919269)",true
1422,50,1853889,Rissneleden,"LINESTRING (17.946334968393305 59.37829024647987, 17.94635814931351 59.378284631213766)",true
1423,51,1854037,Artillerivägen,"LINESTRING (17.939952921590056 59.378490062223754, 17.939975492486553 59.37856583467988, 17.94001081483806 59.378667647101004, 17.940058547551818 59.37878098699816, 17.940122361937988 59.37889598601555, 17.940186078000462 59.37898158564787, 17.94029572788101 59.37908634940885, 17.9404088644466 59.379168740646584, 17.940546481031223 59.37925865789178)",true
1424,52,1095079,Gräsvägen,"LINESTRING (17.955983983666755 59.38713190427906, 17.956039771873098 59.386993416384286, 17.956076046033306 59.38685719499432, 17.956090675362496 59.38670747331299, 17.9560775832476 59.38663422980225)",true
1425,53,1603261,Marieborgsgatan,"LINESTRING (17.948194111302495 59.386912479514415, 17.94820558538946 59.38691884263884, 17.948320672339445 59.38693516456872)",true
1426,54,1095080,Marieborgsgatan,"LINESTRING (17.946836958196545 59.38744065434017, 17.946855220286835 59.387441207594335, 17.94701818761356 59.38741130377532, 17.94749911864184 59.38728581894093, 17.947870881955936 59.38716129974772, 17.94828825785137 59.386987026906745, 17.948320672339445 59.38693516456872)",true
1427,55,1603219,Solvändan,"LINESTRING (17.949005286663017 59.387076773022784, 17.949396994213448 59.387349179050744)",true
1428,56,1603218,Gåsörtsvägen,"LINESTRING (17.949396994213448 59.387349179050744, 17.949761282620003 59.387222226545454, 17.950175185367613 59.387078002872414)",true
1429,57,1603135,Grönlingens väg,"LINESTRING (17.951376528582365 59.38760801048605, 17.951141860540133 59.387619378372456, 17.95092835451113 59.38764681883908, 17.950872464294594 59.38769100907027, 17.950829905590773 59.38774468316221, 17.950857863668936 59.38778826080975, 17.950906429525475 59.38783181238588, 17.951020985959456 59.3878456279637, 17.95112827534012 59.38784940898082, 17.95120536143861 59.38781904437507, 17.951290675587806 59.38776682861393, 17.951335020408266 59.387689750733664, 17.951376528582365 59.38760801048605)",true
1430,58,1603225,,"LINESTRING (17.955088044027445 59.38846252163491, 17.954948497026347 59.38841767264263, 17.95479890791433 59.38838797657909, 17.95458278512403 59.388345743054536)",true
1431,59,1603226,,"LINESTRING (17.95584127651951 59.38922647329352, 17.95566157877718 59.3890077241979, 17.955374037934558 59.388731528416656, 17.955088044027445 59.38846252163491)",true
1432,60,1846505,,"LINESTRING (17.95584127651951 59.38922647329352, 17.955328178267518 59.38924090692642, 17.954638401128932 59.38926376306678, 17.954406563923964 59.38927822656849, 17.954133363578624 59.38930664725354)",true
1433,61,1846609,,"LINESTRING (17.952903309772566 59.389527803092, 17.95301558852369 59.389530553092065, 17.953108386637698 59.38952766974269, 17.9532454803595 59.38951739417759, 17.953412072823927 59.38950095099695, 17.95360410820932 59.38948112771, 17.953803808533035 59.38945546043285, 17.953917307265176 59.3894343874753, 17.954017102041536 59.38940726288422, 17.954086288277733 59.389376796997254, 17.954133363578624 59.38930664725354)",true
1434,62,1846610,,"LINESTRING (17.954133363578624 59.38930664725354, 17.95399534897515 59.38929217062898, 17.953884887164893 59.38927426611644, 17.953772397088905 59.38924904804249, 17.95361070182259 59.389204160158, 17.953327391362134 59.38912412427247, 17.953214903310126 59.38910843068773, 17.953089300111596 59.38910518290082, 17.952927073009548 59.389114481931124, 17.952651370512314 59.38913641447615, 17.952560569169137 59.389153324142676, 17.952488002021475 59.38918057693871, 17.952439093690742 59.38921998202683, 17.952418025080352 59.38926087741191, 17.95241566320695 59.38931126961434, 17.952429228764036 59.389360070126955, 17.95245633075684 59.3894034871399, 17.95250686482475 59.38944571762072, 17.95257556711862 59.38947951233686, 17.95266672249705 59.38950451364485, 17.952759365693616 59.389518877897245, 17.95288097463676 59.38952681723107, 17.952903309772566 59.389527803092)",true
1435,63,1848499,,"LINESTRING (17.95458278512403 59.388345743054536, 17.954524786683336 59.3883709416388, 17.954419381690187 59.38840278556072, 17.954274657947128 59.388428151826616, 17.953766992945955 59.38850728932668, 17.95265968772644 59.38869880394393)",true
1436,64,1848500,,"LINESTRING (17.954954592485944 59.38818466595412, 17.9546397829075 59.38832098945282, 17.95458278512403 59.388345743054536)",true
1437,65,1921228,,"LINESTRING (17.955088044027445 59.38846252163491, 17.955049398239822 59.38841623965918, 17.955003731503005 59.388347795907954, 17.954954592485944 59.38818466595412)",true
1438,66,1844774,,"LINESTRING (17.95512389214148 59.39740542118906, 17.955900881543432 59.39735186050737, 17.956089379204695 59.39732572545022, 17.95626280109582 59.39730553902839, 17.9564094594586 59.39728335318302, 17.956569388680144 59.39725170074117, 17.95669536036672 59.39722223773168)",true
1439,67,1603148,Arrendevägen,"LINESTRING (17.94738818861042 59.38401610845059, 17.94751163855114 59.38423590584865, 17.94763686198282 59.38445764892343)",true
1440,68,1603149,Forskningsringen,"LINESTRING (17.951407869916828 59.384060389028114, 17.951860545974817 59.383941053004456, 17.952191453781065 59.3838820000009, 17.95266987436384 59.38380759151925, 17.953034709525433 59.383765011859076, 17.95323962516869 59.38376302136935)",true
1441,69,1603150,Forskargränd,"LINESTRING (17.95267238070402 59.38333760146752, 17.95282760775735 59.38345464027379, 17.95312232717378 59.38367687096886, 17.95323962516869 59.38376302136935)",true
1442,70,1603247,Forskargränd,"LINESTRING (17.95267238070402 59.38333760146752, 17.952958583664255 59.38322900437495, 17.953193488831428 59.38314866092405)",true
1443,71,1603248,Forskargränd,"LINESTRING (17.95104798364597 59.383595241432474, 17.9510981215422 59.38359455589835, 17.95168614906719 59.38353920916141, 17.95219416984233 59.38345038389338, 17.95267238070402 59.38333760146752)",true
1444,72,1603249,Forskargränd,"LINESTRING (17.950094713909756 59.38354446912091, 17.950597959282682 59.38360142776478, 17.95104798364597 59.383595241432474)",true
1445,73,1603268,Oxenstiernas Allé,"LINESTRING (17.945839707156964 59.38402052482495, 17.945922429639776 59.38420264063545, 17.946276111032855 59.38479080487338, 17.946305659470358 59.38483372743125)",true
1446,74,1603269,Oxenstiernas Allé,"LINESTRING (17.945666033904125 59.38362043322071, 17.94573420994388 59.38378827040767, 17.945839707156964 59.38402052482495)",true
1447,75,1603270,Oxenstiernas Allé,"LINESTRING (17.945662463382643 59.383611643078154, 17.945666033904125 59.38362043322071)",true
1448,76,1603271,Oxenstiernas Allé,"LINESTRING (17.94546355280765 59.38309207974738, 17.945511670260032 59.38324040905714, 17.945662463382643 59.383611643078154)",true
1449,77,1603272,Oxenstiernas Allé,"LINESTRING (17.945186197436406 59.38209410714021, 17.94530896730929 59.3826156029303, 17.94546355280765 59.38309207974738)",true
1450,78,1603267,Oxenstiernas Allé,"LINESTRING (17.946305659470358 59.38483372743125, 17.946463134896927 59.385062443594364)",true
1451,79,1603266,Oxenstiernas Allé,"LINESTRING (17.946463134896927 59.385062443594364, 17.946560670597577 59.38520412055508, 17.94688280285674 59.38562994845222)",true
1452,80,1603265,Oxenstiernas Allé,"LINESTRING (17.94688280285674 59.38562994845222, 17.94706221839791 59.385867130581616)",true
1453,81,1603264,Oxenstiernas Allé,"LINESTRING (17.94706221839791 59.385867130581616, 17.947068554114654 59.385875505049334)",true
1454,82,1603144,Igelbäcksvägen,"LINESTRING (17.952195600266233 59.38550827355384, 17.95224233099653 59.38554633987245)",true
1455,86,1603145,,"LINESTRING (17.952380039652443 59.385646765744546, 17.952516967642612 59.385597109472876, 17.952585119144107 59.385583165732534, 17.952723758538276 59.38555480289748, 17.95284776850917 59.385583615737666, 17.952923692142907 59.38563085121788, 17.952961191484658 59.38568062825344, 17.952895780014625 59.385749539507536, 17.95278490142836 59.38581496050934, 17.952721202011684 59.38585760318773)",true
1456,88,1603139,Igelbäcksvägen,"LINESTRING (17.953219459239367 59.38609988616538, 17.953284424724973 59.38612924967584)",true
1457,89,1603138,Igelbäcksvägen,"LINESTRING (17.953284424724973 59.38612924967584, 17.95365403896498 59.38623539314948)",true
1458,90,1603133,Grönlingens väg,"LINESTRING (17.95365403896498 59.38623539314948, 17.954223363745534 59.38602806807704, 17.955005103483753 59.385743392667166, 17.9554736609841 59.385614357003874)",true
1459,91,1603132,Grönlingens väg,"LINESTRING (17.9554736609841 59.385614357003874, 17.95594456755383 59.385470673299324, 17.95658411954106 59.38527557462615)",true
1460,92,1840934,Grahamsvägen,"LINESTRING (17.956478461108876 59.381936790198424, 17.957073934707825 59.38225212372868, 17.95731582297407 59.38238125467753, 17.957399958220467 59.38244148357125, 17.95746067406898 59.382511876512936, 17.957515072218964 59.382592431991846, 17.957585619109413 59.382666492757956, 17.957656105332372 59.382739449603285, 17.95774246750442 59.382810258069064, 17.95786338264192 59.382887893635285, 17.95797805696652 59.382950098160244)",true
1461,93,1840797,Ursviksvägen,"LINESTRING (17.95702135345013 59.383856189394855, 17.95715447292632 59.38375004833992, 17.957303057706444 59.38359501466359, 17.957515830597295 59.383411445855025)",true
1462,94,1840796,Ursviksvägen,"LINESTRING (17.957515830597295 59.383411445855025, 17.957524788036608 59.383403718794014)",true
1463,95,1840795,Ursviksvägen,"LINESTRING (17.957524788036608 59.383403718794014, 17.95754810859366 59.3833835987896, 17.957692927111957 59.38323914554867, 17.957891354490094 59.38301785977739, 17.957932593256043 59.38297530161623, 17.95797805696652 59.382950098160244)",true
1464,96,1840775,Ursviksvägen,"LINESTRING (17.95797805696652 59.382950098160244, 17.958011614706166 59.3829400544055, 17.9580945991395 59.3829175400779, 17.95819263628727 59.38289697556268, 17.95831842954507 59.382876796590445, 17.95862129853735 59.38284627327731, 17.95886171349176 59.382824049801805)",true
1465,97,1840937,Länsmansbacken,"LINESTRING (17.95886171349176 59.382824049801805, 17.9587819194927 59.38250376176231, 17.958709344375205 59.382278380480145, 17.958669091197866 59.38212110651442, 17.958611930524732 59.38200302623516, 17.958505736875534 59.38181382110831, 17.958426971499375 59.38166366618376, 17.958323016319312 59.381476072525)",true
1466,98,1840967,de Lavalvägen,"LINESTRING (17.959851778405408 59.38224279895561, 17.959763306316418 59.38216358402036, 17.959732240239184 59.38211615187929, 17.959698851037757 59.38203036679839, 17.959663352929574 59.38197129070405, 17.95961959317576 59.38191724553703, 17.959569418880832 59.38186275289989, 17.95950554081165 59.38181147375801, 17.959265728095748 59.38163630994099, 17.958824103059705 59.381305822153095)",true
1467,99,1840992,Sevensvägen,"LINESTRING (17.96007044150539 59.380989048028994, 17.9604588318852 59.38134839012337, 17.960740968042288 59.38162527243811, 17.961033486113394 59.38191531637598)",true
1468,100,1840997,Frejavägen,"LINESTRING (17.955382847938203 59.38204213449462, 17.95554409379429 59.382044005598615, 17.95567217217854 59.38204422020539, 17.955808825484542 59.38203611705705, 17.955987401223155 59.382015130047094, 17.95616822789143 59.38198702885719, 17.956478461108876 59.381936790198424)",true
1469,101,1840998,Frejavägen,"LINESTRING (17.958323016319312 59.381476072525, 17.957655149901612 59.381677187918655, 17.95750283767829 59.381718195088794, 17.95734664234415 59.38175708861685, 17.957170537460023 59.381792461780314, 17.956478461108876 59.381936790198424)",true
1470,102,1840999,Grahamsvägen,"LINESTRING (17.955960393960616 59.381332780274064, 17.9560900339706 59.381549114154815, 17.956159990093497 59.38166700412648, 17.956222411993757 59.3817485373339, 17.956313780538412 59.38183179540488, 17.956478461108876 59.381936790198424)",true
1471,103,1841023,Frejavägen,"LINESTRING (17.958323016319312 59.381476072525, 17.958824103059705 59.381305822153095)",true
1472,104,1841031,Frejavägen,"LINESTRING (17.958824103059705 59.381305822153095, 17.959594293962006 59.3811028360359, 17.96007044150539 59.380989048028994)",true
1473,105,1841034,Sandåsvägen,"LINESTRING (17.955960393960616 59.381332780274064, 17.956036713541238 59.381318621526404)",true
1474,106,1841085,Milstensvägen,"LINESTRING (17.954652376407527 59.383610181010035, 17.954870382604028 59.383907219403646, 17.95507751989983 59.384207028846504, 17.955258872884766 59.38445989619134)",true
1475,107,1841181,Gamla Enköpingsvägen,"LINESTRING (17.946639958397387 59.38169087214547, 17.945186197436406 59.38209410714021)",true
1476,108,1844776,,"LINESTRING (17.957404492087267 59.3969533057007, 17.957917410436586 59.396706558188626, 17.958278683100996 59.396522016089556, 17.958376551128023 59.39647724796274, 17.958502861100857 59.396427674083824, 17.958639306254103 59.396386631363086, 17.958793625365985 59.39635072725358, 17.95896944819738 59.3963177406993, 17.959144553783894 59.39629915655197, 17.959393575337916 59.396295932057654, 17.95963147850194 59.39629371422461, 17.959852925066713 59.39630099011592, 17.960057766777123 59.39631504944978, 17.96022511170416 59.3963343357234, 17.960424495286 59.39638053504424, 17.960650162574808 59.39643010014606, 17.960881821838907 59.396481487746634, 17.961095421028077 59.39652500003194, 17.961295360165074 59.396565829857494)",true
1477,109,1844775,,"LINESTRING (17.961295360165074 59.396565829857494, 17.961437063219154 59.39659795358555, 17.96162047993074 59.39664468442972, 17.961777795836987 59.39669074078242, 17.96195228351621 59.39674739667744, 17.962305375713147 59.39686767718067, 17.96242616194777 59.39690863184886, 17.962546023622007 59.39695231216198, 17.96272158661625 59.397008942637065, 17.962987959860737 59.397079028347456)",true
1478,110,1844681,,"LINESTRING (17.95669536036672 59.39722223773168, 17.957404492087267 59.3969533057007)",true
1479,111,1844680,,"LINESTRING (17.957404492087267 59.3969533057007, 17.957480094421783 59.397030028829086, 17.957508281928018 59.39707220723139, 17.957527551445846 59.39711698709384, 17.957532579177222 59.39716332997602, 17.957518186476413 59.39720620442031, 17.957485989541063 59.397244747068974, 17.957435752163892 59.39727624953485, 17.957368559537983 59.39730042659857, 17.957284742537503 59.397313999878335, 17.9571023363176 59.3973267264453, 17.957015163851523 59.39732950274352, 17.956932865233412 59.39731643424022, 17.956852304496934 59.39728813119795, 17.95669536036672 59.39722223773168)",true
1480,112,1844635,,"LINESTRING (17.962987959860737 59.397079028347456, 17.962992489877962 59.39710910001882, 17.963016446048684 59.39716004484294, 17.96306759496753 59.39722031921051, 17.96315017409806 59.3973061541618, 17.963436764397095 59.39755515585644, 17.963556180608304 59.39766810860517, 17.96364643964211 59.397774454260166, 17.963728527488886 59.3978782268845, 17.96380528977338 59.39801602423211)",true
1481,113,1844664,,"LINESTRING (17.9709508444057 59.39696591108922, 17.97105195800468 59.397067188213036, 17.971197360102856 59.39717780803218, 17.97146169733698 59.39734268855071, 17.971724324835044 59.397480182511835)",true
1482,114,1844662,,"LINESTRING (17.970108826994935 59.39754342085774, 17.970388792192935 59.39742180924066, 17.970548194827522 59.39734806144964, 17.970679555252982 59.397268796872446, 17.970837330970657 59.39711795068985, 17.9709508444057 59.39696591108922)",true
1483,115,1844636,,"LINESTRING (17.97305655643111 59.39735771285396, 17.973393151478888 59.39740926528713, 17.9735592637446 59.39744267063528, 17.973675650654823 59.39746441365195, 17.97379316463246 59.397478510803225, 17.97391048276323 59.39748936839715, 17.9740234791454 59.39749132953036, 17.974139714552454 59.39748481485881, 17.97429324349413 59.397470359660666, 17.974450227612586 59.39745150324463, 17.974569900500722 59.39744058755432, 17.974686837953367 59.3974370576779, 17.974869299544554 59.39744249267126, 17.97504567337599 59.39745264910931, 17.975162303004694 59.39746107711466, 17.975234705204937 59.39747754101031, 17.97527533249111 59.397505396080874, 17.97528665539457 59.397541872241874, 17.97527088372627 59.397638273674005, 17.97528045563533 59.397739955744925, 17.97530307981234 59.39780341941748)",true
1484,116,1844661,,"LINESTRING (17.970108826994935 59.39754342085774, 17.970471458784292 59.397483474726315, 17.970852303647778 59.3974590742962, 17.971040045816405 59.39745520176137, 17.971268556632808 59.397456097191466, 17.971504609465473 59.397466650967665, 17.971724324835044 59.397480182511835)",true
1485,117,1843605,,"LINESTRING (17.971724324835044 59.397480182511835, 17.971896137643313 59.39748754557835)",true
1486,118,1843603,,"LINESTRING (17.9719136742543 59.39748829704882, 17.97206874290431 59.397494942478374, 17.97223266200418 59.39751861381973, 17.972368799656905 59.397549792372615, 17.972477755357403 59.397588482532164, 17.97258686329968 59.397647001057805, 17.973073100456393 59.39790224195736, 17.97316539027687 59.39794717930418, 17.973269578555016 59.39799517910156, 17.973362157820382 59.398036578250085, 17.97346581497049 59.398075900620725, 17.973588976307962 59.398112181272495, 17.973757873731962 59.398155605121104, 17.974031605952202 59.39823206963663)",true
1487,119,1843604,,"LINESTRING (17.971896137643313 59.39748754557835, 17.9719136742543 59.39748829704882)",true
1488,120,1844634,,"LINESTRING (17.96380528977338 59.39801602423211, 17.964437696171668 59.39802043137187, 17.964928930398546 59.398032555881215, 17.9654135726612 59.3980325626917, 17.965744972264176 59.39803504618668, 17.965975636356696 59.39804460931479, 17.96633661250223 59.39804336346257, 17.96660245864786 59.39803632805853, 17.966838691515708 59.39802434061286, 17.967040894487724 59.39801291127571, 17.967254094045355 59.39800753952808, 17.96747829080452 59.39800742555864, 17.967848104763664 59.39801092565061, 17.96810463485762 59.39800838545152, 17.968330074949563 59.398002544658574, 17.968650164812786 59.39798593152983, 17.968823669148644 59.39797578168771, 17.968959414665925 59.39795781082288, 17.96909037514666 59.3979228216166, 17.969223101206325 59.39786553398861, 17.969379477956476 59.39779400422186, 17.96951063711869 59.3977367429756, 17.969685868540257 59.39766925848988, 17.969829060970206 59.397617222273865, 17.96996712818081 59.39757668775794, 17.970108826994935 59.39754342085774)",true
1489,121,1843601,,"LINESTRING (17.963897034879228 59.39824864155654, 17.96380528977338 59.39801602423211)",true
1490,122,1843602,,"LINESTRING (17.97530307981234 59.39780341941748, 17.975172095986203 59.39783786735874, 17.97498575873212 59.39788951891122, 17.974786567512993 59.39794871503178, 17.974571251551264 59.39802256623989, 17.974362399765987 59.39809740187821, 17.974190313060614 59.39816429985258, 17.974031605952202 59.39823206963663)",true
1491,123,1843461,,"LINESTRING (17.96512809857424 59.399156008465035, 17.965023817418263 59.39909153326319, 17.964749852923696 59.39890017075048, 17.964182329012953 59.398442533848005, 17.963897034879228 59.39824864155654)",true
1492,124,1843464,,"LINESTRING (17.974031605952202 59.39823206963663, 17.97382444714222 59.39834271960211, 17.973544932878042 59.3985056007144, 17.97336044136124 59.39862078315844, 17.973166465034854 59.398737736113034, 17.972939406131303 59.398896229980686, 17.97267713542947 59.39909631309905, 17.972304569832037 59.39932073613529, 17.972086474158477 59.39944405991774, 17.97194757295265 59.399513945625436, 17.971788691760302 59.39958769210808, 17.971624327841027 59.399658804634626, 17.97156803553856 59.399681833149955)",true
1493,125,1843463,,"LINESTRING (17.97156803553856 59.399681833149955, 17.971428047462787 59.3997391358004, 17.97124471213942 59.39980511777697, 17.971098272008234 59.39985254775617)",true
1494,126,1843462,,"LINESTRING (17.971098272008234 59.39985254775617, 17.97106723964948 59.399862600042844, 17.97087467071348 59.39991733478878, 17.97069382952989 59.39996373276368, 17.97051279063574 59.40000687309837, 17.97035623724789 59.4000414670462, 17.970162609551007 59.40007910666713, 17.969357991138164 59.400200020256555, 17.96838926501235 59.40035428148412, 17.96819291581645 59.40038321880824)",true
1495,127,1844966,,"LINESTRING (17.97284451550259 59.39467943476606, 17.972738998007845 59.394831218540254, 17.972500388608097 59.39515339333923, 17.972249690738405 59.395478215421505, 17.972104759103388 59.39562125859774, 17.971907759821413 59.3958091417562, 17.971748630724477 59.395971971528176, 17.97162867683872 59.39608038829687, 17.97151344411512 59.396178947648565, 17.971420894679113 59.39626572171462, 17.97133982329359 59.39635721238636, 17.971248045058275 59.39647331674189, 17.971159952161347 59.396597505256366, 17.971080893579305 59.396729692019576, 17.9709508444057 59.39696591108922)",true
1496,128,1844967,,"LINESTRING (17.972858731861027 59.39465898401076, 17.97284451550259 59.39467943476606)",true
1497,129,1844969,,"LINESTRING (17.966055223170926 59.39468180593508, 17.965753202807143 59.39491826357132, 17.965208708031568 59.39532306822413, 17.964556982626302 59.395733686739305, 17.96420844007565 59.395985396624084, 17.963814326989556 59.39625766748927, 17.963719934022173 59.39632356753267, 17.963619638305055 59.39638059778425, 17.963521048377274 59.39643053527111, 17.963433970992764 59.396485997984385, 17.96322006603598 59.39665078921992, 17.963163794034415 59.39669624240648, 17.963104765681187 59.39674907270157, 17.963058559499675 59.39681092101696, 17.963033669551304 59.3968813966908, 17.96300227223065 59.39701796759515, 17.962987959860737 59.397079028347456)",true
1498,130,1844970,,"LINESTRING (17.966064822101593 59.39467429106508, 17.966055223170926 59.39468180593508)",true
1499,131,1844971,,"LINESTRING (17.966531868255842 59.39428557505273, 17.966484500405 59.394341224838534, 17.966197415402053 59.394570479529364, 17.966064822101593 59.39467429106508)",true
1500,132,1844972,,"LINESTRING (17.966682062303676 59.39418791600504, 17.96663148854843 59.39421363306778, 17.966544511096775 59.39427072220668, 17.966531868255842 59.39428557505273)",true
1501,133,1844973,,"LINESTRING (17.96702525298677 59.393919363382324, 17.966917898831802 59.39403353656508, 17.966844765006122 59.39409882060656, 17.96674347905771 59.39415668471055, 17.966682062303676 59.39418791600504)",true
1502,134,1921227,,"LINESTRING (17.96142333105237 59.39746403660404, 17.961261421823174 59.39730667719975, 17.961196786176533 59.39717524373479, 17.961143253736694 59.39706946441628, 17.961140141761952 59.39695914360121, 17.961179040565295 59.39679942604298, 17.96123455558633 59.39665283694141, 17.961295360165074 59.396565829857494)",true
1503,135,1962106,,"LINESTRING (17.963897034879228 59.39824864155654, 17.963886474218224 59.3990268883899, 17.963880792539186 59.39906128068481)",true
1504,136,1841035,Grahamsvägen,"LINESTRING (17.955661706824923 59.38052257463103, 17.955739506485376 59.3808276423706, 17.955773833330067 59.38094798468444, 17.95581514629641 59.38105106849298, 17.95586757054722 59.38116161025317, 17.955960393960616 59.381332780274064)",true
1505,137,1851307,Gamla Enköpingsvägen,"LINESTRING (17.958282663223834 59.380181664525296, 17.957892237406973 59.380274244527634, 17.95773761032894 59.38030276030833, 17.957583499362105 59.380331542755584, 17.95742882486689 59.38035952008503, 17.95727880790491 59.38038496539266, 17.957124019984743 59.380411039919935, 17.956969810561617 59.38042920255434, 17.95679640040849 59.380447117540854, 17.956626161317857 59.38046443919941, 17.956462127459346 59.380478393989165, 17.956271187190474 59.38048895997354, 17.955949028240486 59.3805088898084, 17.955661706824923 59.38052257463103)",true
1506,138,1841033,Sandåsvägen,"LINESTRING (17.956036713541238 59.381318621526404, 17.956360449698312 59.38125856176092, 17.956617377502404 59.381208875427056, 17.95682794925524 59.38116969305023, 17.957140155109524 59.381098731449015, 17.95731712036347 59.38105952874373, 17.9574856596748 59.38101337315828, 17.95764060461593 59.380962799174945, 17.957857784746075 59.380881860558986, 17.95808445441671 59.3807722030452, 17.958161734766236 59.380743509923825, 17.95823923910507 59.38072789511384)",true
1507,139,1851303,de Lavalvägen,"LINESTRING (17.95823923910507 59.38072789511384, 17.958268017587685 59.38053797251438, 17.95830018465968 59.3803422759606, 17.958306696431777 59.380281203928575, 17.95830796306522 59.3802302701713, 17.958282663223834 59.380181664525296)",true
1508,140,1841032,de Lavalvägen,"LINESTRING (17.95823923910507 59.38072789511384, 17.95831631905682 59.38088542084588, 17.958377972258347 59.380944353064216, 17.95847963935379 59.38102146327209, 17.958824103059705 59.381305822153095)",true
1509,141,1851351,Gamla Enköpingsvägen,"LINESTRING (17.959371521069105 59.37993619645027, 17.959216330857984 59.379955192786774, 17.959035684212562 59.3799860170467, 17.95884058828321 59.38002523830691, 17.95861554865473 59.38008178964216, 17.958282663223834 59.380181664525296)",true
1510,142,1851347,Sevensvägen,"LINESTRING (17.96007044150539 59.380989048028994, 17.959575949099655 59.38054992861121, 17.95948447873995 59.380456062728854, 17.95944272326987 59.38039952786785, 17.95940230495566 59.38032964556048, 17.95937596414278 59.380254375653706, 17.959364691144184 59.38018103714354, 17.959371521069105 59.37993619645027)",true
1511,143,1851356,Gamla Enköpingsvägen,"LINESTRING (17.959371521069105 59.37993619645027, 17.959670335390165 59.37990028093568, 17.960089106254653 59.379854344625215, 17.960946299437072 59.379761427633085)",true
1512,144,1841039,Frejavägen,"LINESTRING (17.961648541087854 59.38113865055639, 17.96132127649589 59.381108586303895, 17.960685182978914 59.38104435248818, 17.960228987842125 59.38099939433396, 17.96007044150539 59.380989048028994)",true
1513,145,1851355,Gamla Enköpingsvägen,"LINESTRING (17.960946299437072 59.379761427633085, 17.96097921704316 59.37975785934443)",true
1514,146,1841015,Frejavägen,"LINESTRING (17.961648541087854 59.38113865055639, 17.962003345994802 59.38121022316503, 17.962190368648052 59.381259871436946, 17.962424862199093 59.38133601852231, 17.963101065503423 59.381572499634444)",true
1515,147,1841040,Vikingavägen,"LINESTRING (17.96312410227119 59.380684106349634, 17.96300586864748 59.380741733292794, 17.962901631460625 59.38078337063022, 17.962785253425423 59.380827359527835, 17.962660586831852 59.3808665854396, 17.962499428993144 59.38091126816308, 17.9623006420204 59.380960076543786, 17.962117614992007 59.38100482435716, 17.96192774122273 59.38105103939545, 17.961833834400043 59.381078081693296, 17.961746797176378 59.3811039254996, 17.961648541087854 59.38113865055639)",true
1516,148,1841051,Fylkesvägen,"LINESTRING (17.962592610958 59.38044920759434, 17.96283867750201 59.38055892279541, 17.96312410227119 59.380684106349634)",true
1517,149,1840995,Fylkesvägen,"LINESTRING (17.965739527049962 59.381813472492404, 17.965235117268875 59.38159505018028, 17.964573531170576 59.381308537516034, 17.964105741886623 59.381104518416635, 17.9635108569926 59.38084446621909, 17.96312410227119 59.380684106349634)",true
1518,150,1841004,Ursviksvägen,"LINESTRING (17.9670691524042 59.38156123191865, 17.966323440236675 59.38170861315233)",true
1519,151,1841088,Ursviksvägen,"LINESTRING (17.967567320024063 59.38147488737311, 17.9670691524042 59.38156123191865)",true
1520,152,1853945,Rissneleden,"LINESTRING (17.967051126422934 59.37702221788866, 17.967157888541717 59.377229645112635, 17.968214580255708 59.37708288722154)",true
1521,153,1841089,Ursviksvägen,"LINESTRING (17.967583980550998 59.381472000179755, 17.967567320024063 59.38147488737311)",true
1522,154,1841090,Ursviksvägen,"LINESTRING (17.968402856291505 59.38133006442948, 17.967583980550998 59.381472000179755)",true
1523,155,1854194,Östra Madenvägen,"LINESTRING (17.967811270428726 59.37832390437325, 17.968642806591447 59.3782290766596, 17.969519970221263 59.37817031614271, 17.97042521975336 59.378174943476665, 17.970593525412635 59.378172150860976, 17.970704423343655 59.378175222076194, 17.970896158739567 59.37817131108045)",true
1524,156,1853925,Rissneleden,"LINESTRING (17.96788976788799 59.37731795865699, 17.96832038253811 59.37725629677663)",true
1525,157,1841091,Ursviksvägen,"LINESTRING (17.968898206195778 59.38121057676675, 17.968739902595043 59.38125822157593, 17.968559269132292 59.3812980446791, 17.968402856291505 59.38133006442948)",true
1526,158,1853926,Rissneleden,"LINESTRING (17.96832038253811 59.37725629677663, 17.968214580255708 59.37708288722154)",true
1527,159,1853946,Rissneleden,"LINESTRING (17.968214580255708 59.37708288722154, 17.96856952407805 59.37703192430638, 17.969532877545586 59.37689448767206)",true
1528,160,1853927,Rissneleden,"LINESTRING (17.969320556649127 59.37719485311062, 17.969305785705128 59.377166713146195, 17.969277999021855 59.37714781063559, 17.969237319485014 59.37713673198113, 17.969191934129285 59.377136076338864, 17.969119862349693 59.377153254504, 17.96832038253811 59.37725629677663)",true
1529,161,1841092,Ursviksvägen,"LINESTRING (17.96952653844764 59.380900036820584, 17.96948528258428 59.38093496126687, 17.96939263768564 59.38100091637071, 17.969280060809723 59.381063910706594, 17.96915426037726 59.38111949617253, 17.96902533706454 59.381167775186356, 17.968898206195778 59.38121057676675)",true
1530,163,1853959,Rissneleden,"LINESTRING (17.969532877545586 59.37689448767206, 17.969860905063953 59.376857559279735, 17.969935335539645 59.37686211783364, 17.969986719185172 59.37688282794159, 17.970026227957828 59.3769189678364, 17.970160745802033 59.37715318557677)",true
1531,165,1854188,Gesällvägen,"LINESTRING (17.970802713158662 59.37747527854392, 17.970791035043295 59.37740381895386, 17.9707411160348 59.37704089145004, 17.970692030283068 59.376736569167186, 17.970674165662825 59.37666061380371)",true
1532,166,1854189,Gesällvägen,"LINESTRING (17.970805224537788 59.37748566296744, 17.970802713158662 59.37747527854392)",true
1533,167,1854190,Gesällvägen,"LINESTRING (17.97081841980987 59.37755516050019, 17.970816002347647 59.37753456142411, 17.970805224537788 59.37748566296744)",true
1534,168,1854191,Gesällvägen,"LINESTRING (17.97081947059597 59.37756410810958, 17.97081841980987 59.37755516050019)",true
1535,169,1854192,Gesällvägen,"LINESTRING (17.97089127656845 59.37805778623775, 17.970885525649926 59.37795123630343, 17.970856714393364 59.37778865442418, 17.97083641734101 59.37766781586114, 17.970824633114287 59.37759514559083, 17.970821265696017 59.37757940708767, 17.97081947059597 59.37756410810958)",true
1536,170,1854193,Gesällvägen,"LINESTRING (17.970896158739567 59.37817131108045, 17.97089127656845 59.37805778623775)",true
1537,171,1969903,Rissneleden,"LINESTRING (17.956651597513044 59.37745898905557, 17.9566968653678 59.37749280692595)",true
1538,172,1969904,Rissneleden,"LINESTRING (17.95663348944435 59.377445709754866, 17.956651593685525 59.37745898554803, 17.956651597513044 59.37745898905557)",true
1539,173,1840776,Ursviksvägen,"LINESTRING (17.959626910995986 59.38277931093458, 17.95886171349176 59.382824049801805)",true
1540,174,1840742,Föreningsvägen,"LINESTRING (17.95940343258622 59.38344755983522, 17.960252642897284 59.38346059477729)",true
1541,175,1840938,de Lavalvägen,"LINESTRING (17.959851778405408 59.38224279895561, 17.95978252201651 59.38228960614983, 17.959740206353697 59.38236784538274, 17.959684212124866 59.38255764035814, 17.959626910995986 59.38277931093458)",true
1542,176,1840777,Ursviksvägen,"LINESTRING (17.96028126274137 59.3827637724523, 17.96000236548188 59.382775702783924, 17.959626910995986 59.38277931093458)",true
1543,177,1840966,Fredensvägen,"LINESTRING (17.961033486113394 59.38191531637598, 17.960557269246863 59.382010050251395, 17.960333301249463 59.38205760315301, 17.960210110713497 59.38208536304346, 17.96009733829559 59.38211868217739, 17.960002735124473 59.382151723497124, 17.959918597796154 59.382190871178025, 17.959851778405408 59.38224279895561)",true
1544,178,1840702,Månvägen,"LINESTRING (17.960252642897284 59.38346059477729, 17.96013612391155 59.38356530193331, 17.960080501753765 59.38365354811546, 17.96004249801971 59.3837232787369, 17.960030484763674 59.38375476843457, 17.960022799801088 59.383787013525435, 17.96002389344037 59.38381449448797, 17.96002817584327 59.38382263911832)",true
1545,179,1840701,,"LINESTRING (17.96002817584327 59.38382263911832, 17.96003273284374 59.38383130678299)",true
1546,180,1840700,Vallstigen,"LINESTRING (17.96003273284374 59.38383130678299, 17.960034113791234 59.38383393255746, 17.960064658224482 59.38385415824647, 17.96011070843404 59.38386597155718, 17.96017035694069 59.38387294723281, 17.96081711698994 59.38394518214348, 17.961318294220757 59.38400114927006, 17.96199371652741 59.384070759503906)",true
1547,181,1840743,Föreningsvägen,"LINESTRING (17.96036015384654 59.383384074086635, 17.960252642897284 59.38346059477729)",true
1548,182,1840754,Månvägen,"LINESTRING (17.96036015384654 59.383384074086635, 17.960315202322242 59.38296770032952, 17.96028126274137 59.3827637724523)",true
1549,183,1840939,Ursviksvägen,"LINESTRING (17.96028126274137 59.3827637724523, 17.960565850934923 59.38273107171151, 17.96088302271608 59.382689695836234, 17.96128614119947 59.38263092933935)",true
1550,184,1840753,Föreningsvägen,"LINESTRING (17.962039971406487 59.383321120974266, 17.961761801346807 59.38333658791835, 17.96155571319218 59.38335256458964, 17.9612526817789 59.38336268244168, 17.960857037763965 59.383376403437346, 17.96036015384654 59.383384074086635)",true
1551,185,1840953,Sevensvägen,"LINESTRING (17.961033486113394 59.38191531637598, 17.961178110256487 59.3820595440603, 17.961398073430654 59.38227774852762, 17.961676629713146 59.38256610443818)",true
1552,186,1840991,Fredensvägen,"LINESTRING (17.963101065503423 59.381572499634444, 17.963006424979433 59.3816052654886, 17.962923350623754 59.381625871090286, 17.962789455117946 59.38164454939451, 17.96182232560102 59.38179260486806, 17.961033486113394 59.38191531637598)",true
1553,187,1840946,Ursviksvägen,"LINESTRING (17.961676629713146 59.38256610443818, 17.96128614119947 59.38263092933935)",true
1554,188,1840925,Stjärnvägen,"LINESTRING (17.96128614119947 59.38263092933935, 17.96133315981697 59.38266778185434, 17.96139758550746 59.38271034937924, 17.961514164471556 59.382759999258596, 17.961932626173297 59.38291497113106, 17.962207904813397 59.38300383278466, 17.962338086290732 59.38305735134988, 17.962465346064263 59.383124810398215)",true
1555,189,1840950,Ursviksvägen,"LINESTRING (17.96363128703556 59.38220774551083, 17.963363816164495 59.38225964606621, 17.962576721959106 59.38240302168025, 17.961676629713146 59.38256610443818)",true
1556,190,1840699,Fasanstigen,"LINESTRING (17.96199371652741 59.384070759503906, 17.96206238508868 59.3839869426327, 17.962099246710974 59.38393383425734, 17.96212374582513 59.38387873330187, 17.96213932485949 59.383826773382964, 17.96215557957944 59.38377670311941, 17.962172291508367 59.38374377653423)",true
1557,191,1840594,Vallstigen,"LINESTRING (17.96336433692844 59.38422818383014, 17.962768109692554 59.38416253200343, 17.96199371652741 59.384070759503906)",true
1558,192,1840725,Fasanstigen,"LINESTRING (17.962172291508367 59.38374377653423, 17.96207632191291 59.383664131328565, 17.96203791563284 59.38361054935431, 17.962011689013345 59.383564130989775, 17.961994475413707 59.383507767155805, 17.96199009401184 59.383425079668534, 17.962009373416553 59.38336325006035, 17.962039971406487 59.383321120974266)",true
1559,193,1840755,Föreningsvägen,"LINESTRING (17.962465346064263 59.383124810398215, 17.962254504993656 59.38320456124892, 17.96216558333126 59.383243783132976, 17.96209830988754 59.383279395025184, 17.962039971406487 59.383321120974266)",true
1560,194,1840689,Fasanstigen,"LINESTRING (17.962172291508367 59.38374377653423, 17.962391746631944 59.383827229639486, 17.962812440129806 59.38397427656919, 17.963245996181918 59.3841227461665, 17.963306726481395 59.38414794619215, 17.9633499864439 59.38417559204544, 17.96336433692844 59.38422818383014)",true
1561,195,1840766,Föreningsvägen,"LINESTRING (17.962465346064263 59.383124810398215, 17.962623291264705 59.383115838944576, 17.96274394366995 59.38309872884942, 17.963048047153347 59.383034955292395, 17.963247118152523 59.38299976211198, 17.963418476625627 59.38297396874545, 17.96356842598921 59.382956138056876)",true
1562,196,1840713,Stjärnvägen,"LINESTRING (17.962465346064263 59.383124810398215, 17.96288975799408 59.38332624497705, 17.96297026679299 59.38336093406979, 17.96304703801056 59.38338670418803, 17.963144390427676 59.38340834027079, 17.963841984249434 59.38353748968404, 17.96395125678548 59.38355322004693, 17.96404511070122 59.383570280307374, 17.96412858632429 59.383592132298, 17.964191906655817 59.383615934126226, 17.964469013405246 59.383780428868725, 17.964531518889554 59.383835825525885)",true
1563,197,1840977,Frejavägen,"LINESTRING (17.963101065503423 59.381572499634444, 17.964139454602822 59.381932953054665, 17.964231329077915 59.381961479204314, 17.964312718419578 59.38199316410579, 17.96436403084519 59.38203075362799, 17.964390555873965 59.382063829692264)",true
1564,198,1840583,Vallstigen,"LINESTRING (17.96336433692844 59.38422818383014, 17.963770849087393 59.38428071294084, 17.964061518327288 59.38432276395054)",true
1565,199,1840928,Ungdomsvägen,"LINESTRING (17.96356842598921 59.382956138056876, 17.963599360473854 59.38290175313968, 17.96365526628469 59.382863864812464, 17.96377062875703 59.38280273525176, 17.963865835129265 59.382743546461576, 17.96395432837597 59.38267928940114, 17.96402208543795 59.38261617763649, 17.964111164092497 59.38250781333262, 17.964278378787228 59.3822686618748, 17.96435216187873 59.38216325105022, 17.96438226835147 59.382104248013505, 17.964390555873965 59.382063829692264)",true
1566,200,1840772,Föreningsvägen,"LINESTRING (17.964914019088962 59.38291763763203, 17.96452307814807 59.38292968138692, 17.964232528078217 59.38293443641925, 17.963920922600582 59.38294333570651, 17.96356842598921 59.382956138056876)",true
1567,201,1840951,Ursviksvägen,"LINESTRING (17.963647731491456 59.38220455462783, 17.96363128703556 59.38220774551083)",true
1568,202,1840952,Ursviksvägen,"LINESTRING (17.964390555873965 59.382063829692264, 17.96381958491939 59.382171207550385, 17.963647731491456 59.38220455462783)",true
1569,203,1840685,Egnahemsvägen,"LINESTRING (17.964061518327288 59.38432276395054, 17.964307896650443 59.384077760294545, 17.964531518889554 59.383835825525885)",true
1570,204,1840582,Vallstigen,"LINESTRING (17.964629335599067 59.38449420894246, 17.964441415704496 59.38444784615512, 17.964241963594226 59.38438721508859, 17.964061518327288 59.38432276395054)",true
1571,205,1840710,Stjärnvägen,"LINESTRING (17.965459667402072 59.38406062680025, 17.965078611739692 59.383972739606136, 17.964812790970356 59.38390824517577, 17.964638936997343 59.38386519316526, 17.964531518889554 59.383835825525885)",true
1572,206,1840714,Egnahemsvägen,"LINESTRING (17.964531518889554 59.383835825525885, 17.964780480930486 59.383723897249666, 17.964983081731386 59.383612959879, 17.96521158454828 59.38348038810223, 17.965612561204146 59.383241687232285, 17.96604382665186 59.383001172751946)",true
1573,207,1840976,Ursviksvägen,"LINESTRING (17.964390555873965 59.382063829692264, 17.965033486378903 59.381946357049785, 17.965551742642862 59.381850138194686)",true
1574,208,1840930,Fylkesvägen,"LINESTRING (17.964914019088962 59.38291763763203, 17.965111089299295 59.38283074622366, 17.965196503173388 59.38277743126642, 17.965263964946995 59.38270914965957, 17.96532199741198 59.3826355561417, 17.965383348216278 59.38254531710836, 17.965444968231257 59.382450704766555, 17.965486823120848 59.38236512349782, 17.965517208414564 59.38228353224726, 17.965541807273905 59.38214076175864, 17.96555506787789 59.3820496395666, 17.965564507560003 59.38196618838867, 17.965562235687873 59.38190088555861, 17.965551742642862 59.381850138194686)",true
1575,209,1840769,Föreningsvägen,"LINESTRING (17.96604382665186 59.383001172751946, 17.9657495664366 59.3829703325263, 17.965464286004575 59.382946709757945, 17.965150432027045 59.38292705200872, 17.964914019088962 59.38291763763203)",true
1576,210,1840711,Stjärnvägen,"LINESTRING (17.96550824507547 59.38407188922043, 17.96547573238701 59.384064332025126, 17.965459667402072 59.38406062680025)",true
1577,211,1840712,Stjärnvägen,"LINESTRING (17.96758428133529 59.385081457150676, 17.967477957983846 59.384962764938614, 17.96737491822613 59.38487234847018, 17.967219803982967 59.38478546235373, 17.966781471525874 59.38456654794102, 17.96655491064937 59.38443584503829, 17.96635303574329 59.38432517583433, 17.966159310857442 59.38424405529348, 17.965900011470346 59.38416394092963, 17.965662405337817 59.3841077203829, 17.96550824507547 59.38407188922043)",true
1578,212,1840990,Ursviksvägen,"LINESTRING (17.965551742642862 59.381850138194686, 17.965739527049962 59.381813472492404)",true
1579,213,1840994,Ursviksvägen,"LINESTRING (17.966323440236675 59.38170861315233, 17.965739527049962 59.381813472492404)",true
1580,214,1840770,Egnahemsvägen,"LINESTRING (17.96604382665186 59.383001172751946, 17.966249472387886 59.38287902148023, 17.96633113139887 59.38282548566108, 17.96641058633779 59.38276164816588, 17.96645589253735 59.382707312916686)",true
1581,215,1840968,Egnahemsvägen,"LINESTRING (17.966443787187373 59.38212654139298, 17.96636518572239 59.38197122011437, 17.966346857399678 59.38191406439489, 17.96634691464596 59.381861522472086, 17.96635343937832 59.381809426469076, 17.966323440236675 59.38170861315233)",true
1582,216,1840935,Egnahemsvägen,"LINESTRING (17.966443787187373 59.38212654139298, 17.96646806081038 59.38219367996392, 17.966513061146305 59.38225070504867, 17.966543830424712 59.38230168291651, 17.966568322701953 59.38235439410962, 17.966585344987276 59.382407481946, 17.966593679937457 59.38246696772997, 17.966579649402455 59.38252708821616, 17.966550570838027 59.38258552027959, 17.966507919624963 59.38264906861768, 17.96645589253735 59.382707312916686)",true
1583,217,1840936,Egnahemsvägen,"LINESTRING (17.96645589253735 59.382707312916686, 17.96654738130174 59.38270236476335, 17.966609047599285 59.3826804467962, 17.967024549621275 59.38243525541366, 17.967058447596276 59.38241322331671, 17.967078857390238 59.382388407015696, 17.96707905890476 59.382364724548545, 17.96705932051001 59.382347058145335, 17.966711994167596 59.38219508461266, 17.96661791834616 59.38215651908371, 17.966564016554155 59.3821383000513, 17.96650524544418 59.38212804547706, 17.966443787187373 59.38212654139298)",true
1584,218,1840993,,"LINESTRING (17.97657918423807 59.381651083199785, 17.976545422781694 59.38161294483325, 17.976509316221208 59.3815623245971, 17.976470313937774 59.38146302167853, 17.97641786482574 59.381299955910535)",true
1585,219,1851317,,"LINESTRING (17.97734543233035 59.38017093390675, 17.977138341475335 59.38022157241832)",true
1586,220,1961929,,"LINESTRING (17.97792704198171 59.38105998401544, 17.97797283290146 59.381105341554424, 17.97803248523958 59.381175192680814, 17.97807269301525 59.38122275347642, 17.978098203666768 59.3812746307642, 17.97811121634838 59.381331601025074, 17.978101815007044 59.38138864297301, 17.978074795172937 59.381445413424636)",true
1587,221,1844637,,"LINESTRING (17.98145129984709 59.39638007461677, 17.980843422879097 59.39656248398472, 17.980631654594973 59.396624331108, 17.98039591548078 59.39668630335867, 17.98013703929017 59.39675327889469, 17.979410846451305 59.39690881226483, 17.97852857172177 59.397097317348056, 17.977658132109955 59.39728807113581, 17.97670843746126 59.39748879619481, 17.976088302658464 59.39762900394004, 17.975590888099777 59.397730815425454, 17.97530307981234 59.39780341941748)",true
1588,222,1603263,Oxenstiernas Allé,"LINESTRING (17.947068554114654 59.385875505049334, 17.94710379913885 59.38592209700423, 17.947466677493058 59.38628798370887, 17.947576715209287 59.38638734166569)",true
1589,223,1603262,Oxenstiernas Allé,"LINESTRING (17.947576715209287 59.38638734166569, 17.947794441690043 59.386583935858134, 17.948101358614 59.38686106602585, 17.948194111302495 59.386912479514415)",true
1590,224,1603260,Marieborgsgatan,"LINESTRING (17.948320672339445 59.38693516456872, 17.948479514910325 59.386894119838, 17.948733691486414 59.386794326190156, 17.949039154376173 59.38667439399383)",true
1591,225,1603259,Naturstigen,"LINESTRING (17.94953651082417 59.38667585922638, 17.9498862120316 59.38689605376571, 17.950175185367613 59.387078002872414)",true
1592,226,1603217,Gåsörtsvägen,"LINESTRING (17.950175185367613 59.387078002872414, 17.950660268415447 59.38694615803658, 17.951270216962712 59.386792210523, 17.951877067789027 59.38661688996308)",true
1593,227,1603147,Kronogårdsvägen,"LINESTRING (17.95119149285623 59.386067926939305, 17.951496695877484 59.38631232585604, 17.951877067789027 59.38661688996308)",true
1594,228,1603134,Grönlingens väg,"LINESTRING (17.951376528582365 59.38760801048605, 17.952111383355106 59.387321314478804, 17.95246129166695 59.387145212733735, 17.95273761543665 59.38696704723748, 17.95330881391717 59.3864647233189, 17.95365403896498 59.38623539314948)",true
1595,229,1603216,Gåsörtsvägen,"LINESTRING (17.951877067789027 59.38661688996308, 17.952539026099593 59.386432429054025, 17.953284424724973 59.38612924967584)",true
1596,230,1603137,Igelbäcksvägen,"LINESTRING (17.95365403896498 59.38623539314948, 17.954222096516965 59.38640399324189, 17.954750907641003 59.386504549772475, 17.95542779202803 59.38658347077447, 17.9560775832476 59.38663422980225)",true
1597,231,1848252,,"LINESTRING (17.954954592485944 59.38818466595412, 17.955559929837204 59.38782606903535, 17.95609102706555 59.38752088384328, 17.956182830213006 59.38747591301126, 17.956289469090716 59.387438064016926, 17.9563979068604 59.387412979004175, 17.956534652188804 59.38739699272415, 17.95667536057466 59.38739373926715, 17.956801734405953 59.38740104561915, 17.957194355189745 59.387461431814806)",true
1598,232,1603146,Gräsvägen,"LINESTRING (17.9554736609841 59.385614357003874, 17.9557389177467 59.38595817287169, 17.955960422222663 59.38633066561008, 17.9560775832476 59.38663422980225)",true
1599,233,1603136,Igelbäcksvägen,"LINESTRING (17.9560775832476 59.38663422980225, 17.956657393711065 59.38666680358791, 17.957376710561984 59.38667507594661)",true
1600,234,1848261,,"LINESTRING (17.957194355189745 59.387461431814806, 17.95794983800902 59.38754833411235, 17.958345527178516 59.3876064906776, 17.95849343656582 59.38763470216712, 17.958620162616416 59.38766623368702, 17.958763292719546 59.38771275870373, 17.95889643054129 59.387771147026974, 17.959012858290876 59.387844759094875, 17.95912872192479 59.387935528919854, 17.959191443020586 59.38800371010568, 17.95921995315443 59.38805227872405)",true
1601,235,1848494,Milstensvägen,"LINESTRING (17.957376710561984 59.38667507594661, 17.957383252766018 59.386595528406225, 17.957388825782875 59.386518402074415, 17.957388111556742 59.386434013987056, 17.957386202534494 59.386356733865085, 17.957384814271332 59.386279163368975, 17.957370900357454 59.386206423822514, 17.957347896571477 59.38613327041936, 17.957309876850083 59.38604102115014, 17.957270808429577 59.38594906523326, 17.957194871968017 59.385820105982376)",true
1602,236,1848496,Milstensvägen,"LINESTRING (17.95732925810162 59.38697322599337, 17.957330683686948 59.3869642787781)",true
1603,237,1848495,Milstensvägen,"LINESTRING (17.957330683686948 59.3869642787781, 17.957376710561984 59.38667507594661)",true
1604,238,1848260,,"LINESTRING (17.959516895307694 59.38876777026706, 17.95948097291211 59.38858455482174, 17.959420246427946 59.38828903072563, 17.95939296073492 59.388171297016584, 17.959372842730886 59.388128873008306, 17.959331628988796 59.38809057604563, 17.959269678020576 59.38806293969126, 17.95921995315443 59.38805227872405)",true
1605,239,1848497,Milstensvägen,"LINESTRING (17.957194355189745 59.387461431814806, 17.957260014002873 59.387308512817114, 17.95728883355854 59.387227480579696, 17.95730594911612 59.38711968428835, 17.95732925810162 59.38697322599337)",true
1606,240,1848498,,"LINESTRING (17.95921995315443 59.38805227872405, 17.959216158128623 59.388132375096106, 17.959134184502528 59.38837021352813, 17.958924495831067 59.38876763678768, 17.9588803752021 59.388824682872574, 17.958832704901813 59.38887577097958, 17.958760315421575 59.38892398736426, 17.958652547278877 59.38897900901529, 17.958480244430717 59.389061428021236, 17.958361009531846 59.389102736550186, 17.958242794008164 59.38914321311079, 17.958116377289976 59.389180550838255, 17.957994772414914 59.38920882935592, 17.95786021206527 59.38923459804547, 17.9577255287187 59.38924946053726, 17.957531166578494 59.389265793307764, 17.957366024099457 59.38928004332057, 17.95720798925596 59.38928792269548, 17.957059422848342 59.389293475477785, 17.956914828118318 59.38929406768676, 17.9567629092328 59.38928823917353, 17.9566269527535 59.38928162621296, 17.956448901258376 59.38926721530348, 17.956262132644124 59.38924939845208, 17.956086227952106 59.38923495635229, 17.95584127651951 59.38922647329352)",true
1607,241,1854047,Örsvängen,"LINESTRING (17.97257876438045 59.37734354084559, 17.972635370741465 59.37733498046417)",true
1608,242,1854046,Örsvängen,"LINESTRING (17.972635370741465 59.37733498046417, 17.972804308820027 59.37731231157842)",true
1609,243,1854045,Örsvängen,"LINESTRING (17.972804308820027 59.37731231157842, 17.97294919214782 59.37729286885069, 17.973441324339554 59.37722533894184, 17.974157876779216 59.377121635508956)",true
1610,244,1854044,Örsvängen,"LINESTRING (17.974157876779216 59.377121635508956, 17.97417479149723 59.37711918733528)",true
1611,245,1854043,Örsvängen,"LINESTRING (17.97417479149723 59.37711918733528, 17.974221000522242 59.37711249980338)",true
1612,246,1841069,,"LINESTRING (17.975426423512904 59.38039574901609, 17.975773758991696 59.38012736369745, 17.975808050259666 59.38010287604498, 17.975859006261924 59.38008084755303, 17.97592012901462 59.38006791438471, 17.975996263245555 59.38006509816475, 17.976078178378717 59.380078800901835, 17.976252662116583 59.380123458662965, 17.976474797232154 59.380179896170695, 17.97653963434833 59.380193853738554, 17.97660559765567 59.38019936572425, 17.97667763110949 59.38019035257065, 17.976758185776898 59.38016323580731, 17.976839376013416 59.38012931109883, 17.976900402014518 59.38011447465345, 17.976969207463295 59.38008753617686)",true
1613,247,1851424,,"LINESTRING (17.97548466522585 59.37891358931355, 17.97555230962755 59.37892042928932, 17.975641942948734 59.37893863777678, 17.975752641616705 59.378978569656844, 17.975848229291334 59.37901547664662, 17.975900719049296 59.3790549488943, 17.975936833339052 59.37909686169724, 17.975999818186846 59.37913290432226, 17.976091766089425 59.37915380039071, 17.97621292173127 59.37916334531218, 17.976405697045 59.379175047086726, 17.97652998954519 59.37919244571007, 17.976628166263282 59.37921949834652, 17.976694629687845 59.37925141754594, 17.97676677554436 59.379297925957076, 17.976852980099483 59.3793475010194)",true
1614,248,1851589,,"LINESTRING (17.975805503338346 59.37869326321084, 17.976276436082642 59.37867260120081, 17.976379217777403 59.37867808142721, 17.97647305283153 59.37870384045858, 17.9765679295245 59.37875573375387, 17.97665494247604 59.378819164781596, 17.976727586571972 59.37886514064072, 17.976783905504938 59.378888224590376, 17.976874659473424 59.3789069547932)",true
1615,249,1841093,,"LINESTRING (17.976390242693476 59.38078055155887, 17.976385477740806 59.38084691376054, 17.976384198370337 59.38092370096318, 17.976397371801106 59.38117994911861)",true
1616,250,1841094,,"LINESTRING (17.977138341475335 59.38022157241832, 17.97687099090501 59.38030141606151, 17.97679780874021 59.38032705260377, 17.976706076778118 59.38037231562409, 17.976622688642426 59.38042315705301, 17.97655473144218 59.380482470322725, 17.976493609030936 59.38054903193416, 17.976444103847747 59.38061351312566, 17.97641129348806 59.38068942967821, 17.97639100701376 59.38076978691178, 17.976390242693476 59.38078055155887)",true
1617,251,1851406,,"LINESTRING (17.976852980099483 59.3793475010194, 17.97682617766663 59.379586672140796, 17.976829200990238 59.379646242885, 17.976861044964053 59.37970591036256, 17.97691345995368 59.37978867826798, 17.976942730001486 59.37987642270841, 17.97694532482375 59.37995560160237, 17.976936239425644 59.380008835178614, 17.976969207463295 59.38008753617686)",true
1618,252,1851423,,"LINESTRING (17.976874659473424 59.3789069547932, 17.976852980099483 59.3793475010194)",true
1619,253,1841061,,"LINESTRING (17.976969207463295 59.38008753617686, 17.977138341475335 59.38022157241832)",true
1620,254,1851590,,"LINESTRING (17.977569087812956 59.37862045878505, 17.977323559044056 59.37865114441019, 17.97720899596633 59.378671166547136, 17.97711001801477 59.37869339367279, 17.97701770232796 59.378729136223484, 17.97695466070177 59.3787633296094, 17.976910327387213 59.378807025245344, 17.976883140242517 59.37886108552941, 17.976874659473424 59.3789069547932)",true
1621,255,1851625,,"LINESTRING (17.97732997632876 59.37813324495799, 17.977439751580008 59.37809560273986, 17.977519769243756 59.378077483639636, 17.977601718918148 59.37807376079696, 17.977685145544676 59.37808607106229, 17.977752631796772 59.37811741820203, 17.977867382204728 59.37819811489738, 17.977927860287927 59.37825516013266, 17.977968775137928 59.378323669015636, 17.978004125346196 59.3784064309319, 17.97801773142082 59.378473191329256, 17.97801524653221 59.37852114325932)",true
1622,256,1851591,,"LINESTRING (17.97801524653221 59.37852114325932, 17.9779603759944 59.37855792715964, 17.977884254708368 59.37857871620339, 17.977726583559843 59.37860077484212, 17.977569087812956 59.37862045878505)",true
1623,257,1851624,,"LINESTRING (17.981199163278706 59.37810729235538, 17.980857988234064 59.37814773094803, 17.979896484234214 59.378271065258524, 17.978962874096087 59.37838823759565, 17.97801524653221 59.37852114325932)",true
1624,258,1961930,,"LINESTRING (17.977707747847152 59.38084277374545, 17.97770775359226 59.38084277900581, 17.97792704198171 59.38105998401544)",true
1625,259,1961931,,"LINESTRING (17.977496502107254 59.38061852214732, 17.977624024901708 59.3807598549278, 17.977707747847152 59.38084277374545)",true
1626,260,1961932,,"LINESTRING (17.977489149342837 59.38061037357073, 17.977496502107254 59.38061852214732)",true
1627,261,1961933,,"LINESTRING (17.977138341475335 59.38022157241832, 17.977489149342837 59.38061037357073)",true
1628,262,785044,Bällstabro,"LINESTRING (17.961779008585967 59.360512039186226, 17.961374493753855 59.360406221045054, 17.96105500253933 59.360331178610544, 17.960974237507877 59.36031348725959, 17.960672249102203 59.36024293008199)",true
1629,268,662517,Landsvägen,"LINESTRING (17.97285111196732 59.35965632385362, 17.972737071968602 59.3597244598729)",true
1630,269,662518,Landsvägen,"LINESTRING (17.97305643533463 59.359544253153096, 17.97295438071677 59.35959463376166, 17.97285111196732 59.35965632385362)",true
1631,270,662519,Landsvägen,"LINESTRING (17.97376540837081 59.359166867363015, 17.973430806284973 59.35935943876194, 17.97305643533463 59.359544253153096)",true
1632,271,662520,Landsvägen,"LINESTRING (17.9737770741284 59.35916015283227, 17.97376540837081 59.359166867363015)",true
1633,272,662521,Landsvägen,"LINESTRING (17.974724352573862 59.35842260498659, 17.974622108721018 59.35858978642011, 17.974450836244856 59.3587529630423, 17.974168153999408 59.358935072497495, 17.9737770741284 59.35916015283227)",true
1634,274,1873359,Humblegatan,"LINESTRING (17.974534761484087 59.35823506425969, 17.974079746800953 59.35814423149606)",true
1635,276,1876194,Järnvägsgatan,"LINESTRING (17.970244685242 59.36147526864554, 17.970313601558562 59.361454475209456)",true
1636,277,1876253,Sturegatan,"LINESTRING (17.973923545400954 59.36132623019926, 17.97447180935685 59.36114155587716)",true
1637,278,1877474,Järnvägsgatan,"LINESTRING (17.973678551834595 59.36047223255972, 17.97272039724072 59.36074987742951, 17.97187330951899 59.36099088959934)",true
1638,279,1877553,Högklintavägen,"LINESTRING (17.96904320540988 59.35998085696352, 17.969166832551128 59.359873704567114, 17.969535480043074 59.35959701156753, 17.969820824402706 59.35936549215471, 17.970033204398632 59.35918282018393, 17.970096502767174 59.35912431679371, 17.970153187962175 59.359062648278034, 17.970193285105882 59.35900913963889, 17.970234424598512 59.358964332584634, 17.970280705190174 59.358934441830705, 17.970337499756383 59.358910664481385, 17.970413907854656 59.358893404156824, 17.970534326600934 59.358870818351534)",true
1639,280,1877580,Gjuteribacken,"LINESTRING (17.9719298278963 59.359224408772896, 17.97107501471762 59.3596503975408)",true
1640,281,1877581,Albygatan,"LINESTRING (17.970534326600934 59.358870818351534, 17.97056622955464 59.358922667933804, 17.970601087425187 59.35897912284664, 17.97063493132865 59.35903666120727, 17.970733351064958 59.359201457519525, 17.97089360182419 59.359463438078926, 17.9709823196202 59.3595637655402, 17.97107501471762 59.3596503975408)",true
1641,286,1873653,Tritonvägen,"LINESTRING (17.971112837117527 59.35626990903926, 17.971045178666074 59.356398818568)",true
1642,288,1873721,Hamngatan,"LINESTRING (17.969136980307862 59.356340562627224, 17.968497825074337 59.35642727496114)",true
1643,289,1873720,Hamngatan,"LINESTRING (17.968497825074337 59.35642727496114, 17.968480833872782 59.356429580517144)",true
1644,292,1877746,,"LINESTRING (17.962035771753545 59.36057920519287, 17.962101673741234 59.360506574818416)",true
1645,293,1877747,Landsvägen,"LINESTRING (17.96212174684928 59.360608791652446, 17.962035771753545 59.36057920519287)",true
1646,294,1877745,Landsvägen,"LINESTRING (17.963344933046212 59.36101572286309, 17.963098050765378 59.36090794299007, 17.9627936416764 59.36081219070653, 17.96266178906822 59.36076758978718, 17.962494664598744 59.3607229997787, 17.96212174684928 59.360608791652446)",true
1647,295,1877341,Landsvägen,"LINESTRING (17.963344933046212 59.36101572286309, 17.96342405721467 59.361073482373165)",true
1648,296,1877436,Esplanaden,"LINESTRING (17.963616068658677 59.36120093058811, 17.96342405721467 59.361073482373165)",true
1649,297,1877340,Landsvägen,"LINESTRING (17.96382264606123 59.36100632431798, 17.964072138942196 59.36103466184139, 17.964435004186043 59.3611069671911, 17.96454488153735 59.361133298247786)",true
1650,298,1877491,Franstorpsvägen,"LINESTRING (17.965796301115823 59.35912766563711, 17.965366081852597 59.359474554009005, 17.96486927982797 59.35986934996937, 17.96450657294777 59.360165564205545, 17.964469487771417 59.360198038256236, 17.964448342604815 59.36022862209976, 17.96444638639082 59.360258643645096, 17.96446145617768 59.36028812513708, 17.96450580911492 59.36031552972187, 17.964555314257396 59.36033985173543, 17.96588511117999 59.36075641128909)",true
1651,299,1877339,Landsvägen,"LINESTRING (17.96454488153735 59.361133298247786, 17.96456079886045 59.36113711192759)",true
1652,300,1877338,Landsvägen,"LINESTRING (17.96456079886045 59.36113711192759, 17.965331462364592 59.36132178835371)",true
1653,301,1873719,Hamngatan,"LINESTRING (17.968480833872782 59.356429580517144, 17.968377967997625 59.35644353537484, 17.967990401797486 59.35651488734784, 17.967589662867685 59.35662544725041, 17.967268213473936 59.356734676711575, 17.96695345321443 59.356857043253775, 17.966580096713955 59.35703920545805, 17.966222905457194 59.35727936222621, 17.96585752679953 59.357573359281865, 17.965411639337795 59.357800211244644, 17.96525157490383 59.357898277666756, 17.965251085826658 59.35789850176191)",true
1654,302,1877342,Landsvägen,"LINESTRING (17.969763496161523 59.36104806912218, 17.96934082861143 59.36119222857794, 17.969180498656687 59.36124401917979, 17.96907458975805 59.361273021466765, 17.96883881036311 59.36131928784839, 17.96859414625028 59.36134526822986, 17.967966432416567 59.36140005572072, 17.967531238191054 59.36143642952924, 17.967488064794175 59.361440099387096)",true
1655,303,1877552,Högklintavägen,"LINESTRING (17.96904320540988 59.35998085696352, 17.969107322403957 59.36009518907225, 17.969125553594164 59.360150522505585, 17.96912425551311 59.36020071161795, 17.969096951202793 59.360244753770374, 17.969052141243754 59.36029069539143, 17.96881391239875 59.36049694943903, 17.968755977064 59.36053792418661, 17.96869186365994 59.36057326167961, 17.968599240864 59.36061449634284, 17.96850704326595 59.360645090883466, 17.968394895732086 59.36067217696269, 17.967836071794988 59.360794487748485, 17.967767608742896 59.360801815804756, 17.96770696331058 59.360805748837095, 17.96764506025547 59.360797705266606, 17.967594875445215 59.36077994162504, 17.967561063273294 59.36074992573906, 17.967552317404227 59.36071952777361, 17.967573183628076 59.36068376485716, 17.96760226124346 59.36066710506547)",true
1656,304,1877551,Högklintavägen,"LINESTRING (17.96760226124346 59.36066710506547, 17.967619145988085 59.36065743181572, 17.967675632183184 59.36064737706185)",true
1657,305,1877550,Högklintavägen,"LINESTRING (17.967675632183184 59.36064737706185, 17.967696307296357 59.360643696475165, 17.968149961340153 59.360593898876225, 17.96826798506993 59.36056698469069, 17.968358379930798 59.36054214643817, 17.968438183165357 59.360510109014726, 17.96850429094939 59.36047201246596, 17.968585955686642 59.3603990465122, 17.96887217039791 59.36013726288487, 17.96904320540988 59.35998085696352)",true
1658,306,1228744,Rissneleden,"LINESTRING (17.929393277695127 59.375978351008364, 17.928945753275674 59.37632071827376, 17.92879065170681 59.37648094167789, 17.928664538952752 59.376685721050684, 17.9286048062233 59.3768745060739, 17.928595093928386 59.37706748697013, 17.928613415371697 59.37720820587752, 17.928675955192645 59.37735015092082, 17.92871118851569 59.37741521610995)",true
1659,307,1230521,Rissneleden,"LINESTRING (17.92936359262721 59.37591003427397, 17.928521498537894 59.375634310540015)",true
1660,308,1228763,Ryttmästarvägen,"LINESTRING (17.92871118851569 59.37741521610995, 17.928832273798292 59.37740971028769, 17.928878388168652 59.37741107347898)",true
1661,309,1228743,Rissneleden,"LINESTRING (17.92871118851569 59.37741521610995, 17.928760575821613 59.37750635452179, 17.928977641081378 59.377762963802084, 17.92920407906712 59.37798754355798, 17.92937950896491 59.37812301602631, 17.929542192542687 59.378231170410416, 17.92961987007105 59.37827904522461)",true
1662,310,1228762,Ryttmästarvägen,"LINESTRING (17.928878388168652 59.37741107347898, 17.929580977962686 59.37743182316707, 17.929649091980963 59.377421001226196, 17.92966615712501 59.37739061423929, 17.929666288952678 59.37732766593899, 17.929696186411665 59.37726906279168, 17.929772913396572 59.377197465141194, 17.930356823133515 59.37667677096285, 17.930769005868566 59.37630901768441)",true
1663,314,1228742,Rissneleden,"LINESTRING (17.92961987007105 59.37827904522461, 17.929808316822076 59.37839519188416, 17.930080353240307 59.37852893270499, 17.93035355894378 59.378647838149476, 17.930582649784494 59.378726328252284, 17.93084312956653 59.378803663035114, 17.931112993205886 59.37886198809397, 17.931367744847954 59.37890783867825, 17.931637651396166 59.37893707474472, 17.932029758425664 59.37896162112331, 17.93238597124503 59.37897551681522)",true
1664,316,1228749,Idrottsgränd,"LINESTRING (17.929536636376618 59.37595880238949, 17.929650831720107 59.37599125370952)",true
1665,317,1228748,Idrottsgränd,"LINESTRING (17.929650831720107 59.37599125370952, 17.92967382789653 59.37599778895438)",true
1666,318,1228747,Idrottsgränd,"LINESTRING (17.92967382789653 59.37599778895438, 17.930769005868566 59.37630901768441)",true
1667,319,1228746,Rissneleden,"LINESTRING (17.929761866806242 59.37580284271595, 17.929823393627913 59.37576633456925, 17.930210687613215 59.37550932589354, 17.93057851748172 59.37519886581999, 17.93066764356038 59.37509392112779)",true
1668,320,1228745,Rissneleden,"LINESTRING (17.93066764356038 59.37509392112779, 17.93075208433469 59.374994473166666, 17.931033488282996 59.37461556001497, 17.931251856274926 59.37434563237708, 17.93144765777096 59.37417900913545, 17.931653182075777 59.37404017560008, 17.931908912806787 59.37392487850708, 17.932199552023242 59.37381032326528, 17.932518059345867 59.37372854958952, 17.932847673118452 59.37366957378353, 17.933258268240515 59.37361064398954, 17.933871530125234 59.37354766394977, 17.934145402098988 59.37351527028406)",true
1669,321,4171859,Rissneleden,"LINESTRING (17.92957497110353 59.3759015453129, 17.929620673081963 59.37588664514146, 17.929761866806242 59.37580284271595)",true
1670,322,4171860,Rissneleden,"LINESTRING (17.92956494312738 59.37590481414543, 17.92957497110353 59.3759015453129)",true
1671,323,4171861,Rissneleden,"LINESTRING (17.929533581609725 59.37591503843215, 17.92956494312738 59.37590481414543)",true
1672,327,1279697,Mjölnerbacken,"LINESTRING (17.935081877563153 59.378905056584195, 17.934948448138314 59.378212658999274)",true
1673,328,1279698,Mjölnerbacken,"LINESTRING (17.936299458952856 59.37808955775965, 17.936324498484574 59.37836618767601, 17.936340228860786 59.378565533740264, 17.93636626782158 59.37870062381354, 17.93644476904005 59.378830219062024, 17.936492127985225 59.378886652469575, 17.936520821031845 59.37891948726277)",true
1674,329,1302425,Kasernvägen,"LINESTRING (17.93783708892095 59.37714500513679, 17.937540328833304 59.377160049146696, 17.93730093439522 59.37717237123688, 17.937070358204263 59.37715615299792)",true
1675,330,1279699,Mjölnerbacken,"LINESTRING (17.93773290085553 59.378101645343776, 17.937694703295552 59.37865529469461)",true
1676,331,3465203,Ridvägen,"LINESTRING (17.937532145217656 59.3758054977852, 17.93764251962579 59.375672186283566, 17.937674123111528 59.375637948075386, 17.937729468228053 59.37560824283612, 17.93831722380703 59.37543293735571, 17.93841419365889 59.375403416823865, 17.93850695870599 59.37538431569294, 17.938618769709898 59.37537144364673, 17.93873439391515 59.3753688551674, 17.93887821791521 59.375374293173785, 17.939007222214787 59.375381844323165)",true
1677,335,1095070,Ekovägen,"LINESTRING (17.945809836896018 59.37407244422233, 17.945592040938728 59.37390724586938, 17.944935062507774 59.373442371610544, 17.944886968879672 59.3733732787252, 17.944871611314916 59.3732745837856)",true
1678,336,3465204,Ridvägen,"LINESTRING (17.937525297721706 59.375813767162946, 17.937532145217656 59.3758054977852)",true
1679,337,3465205,Ridvägen,"LINESTRING (17.937670968974782 59.37631511753916, 17.93747497937512 59.37602942719215, 17.937452736513933 59.37597811623947, 17.937449112793097 59.37592443582489, 17.937477065949285 59.37587202076916, 17.937525297721706 59.375813767162946)",true
1680,355,3465209,Ekbacksgränd,"LINESTRING (17.947290985152687 59.367904455427, 17.947383278188514 59.36801096877488, 17.94740549420259 59.368043606231055, 17.947407321276604 59.368065670109445, 17.947385581179773 59.368086586549104, 17.947326992491725 59.36810647614168, 17.947279699130025 59.368118373483625, 17.947228790461157 59.36812350533685, 17.94718079831921 59.36812370089387, 17.947136628195185 59.36811620798614, 17.9471045470353 59.36810580887445, 17.94708675573326 59.36809149231911, 17.9469841121931 59.36798979288005, 17.946979815129467 59.36797131628361, 17.94698351233408 59.36795245226638, 17.946994503795455 59.36793020639489, 17.947015377809944 59.36791269726941, 17.94703508682313 59.36790286143893, 17.947229166451766 59.36783311009369)",true
1681,356,3465210,Ekbacksgränd,"LINESTRING (17.94728387909859 59.36789625297681, 17.947290985152687 59.367904455427)",true
1682,357,3465211,Ekbacksgränd,"LINESTRING (17.947229166451766 59.36783311009369, 17.94728387909859 59.36789625297681)",true
1683,358,3640285,Ekbacksgränd,"LINESTRING (17.9450072990564 59.36835926581181, 17.944978611545647 59.36832486021114, 17.94495274668015 59.36827489025469, 17.944937247972653 59.36821087484695, 17.94493618721888 59.36812678235287, 17.94493515380328 59.36807284572414, 17.944955735166005 59.36801337967808, 17.945005066716096 59.36795291359258, 17.945267402443005 59.36771689454429, 17.945319654618988 59.36767874606304, 17.945384628948762 59.367648037898164, 17.94544791492865 59.36762526640888, 17.94610857453634 59.36745951680434, 17.94621810853011 59.36744203459836, 17.946332192060602 59.36742910412667, 17.946453547738084 59.36742207460971, 17.946571555397128 59.36742109625539, 17.946744138460602 59.367431284442645, 17.946988017446525 59.36745482187937, 17.947037999843477 59.367459942337796)",true
1684,359,4059147,Sundbybergskopplet,"LINESTRING (17.943228136368166 59.36978790465315, 17.943227146196712 59.36978732765599, 17.943166578550418 59.36975479170186, 17.943065353265023 59.369706447492064)",true
1685,360,3934867,Sundbybergskopplet,"LINESTRING (17.943907265201904 59.37050741459452, 17.943835563609635 59.37037755320349, 17.943783950042 59.370291744953704, 17.943724597707217 59.370207243670066, 17.943658667943502 59.37012404108792, 17.943620771602284 59.37008353510056, 17.943580584191622 59.3700436110055, 17.943537885838037 59.37000437261002, 17.943492459000623 59.36996595062595, 17.94344403264608 59.36992846798672, 17.943393676783426 59.36989167588124, 17.94334074546323 59.36985584049667, 17.943285073856888 59.36982109135349, 17.943228136368166 59.36978790465315)",true
1686,361,1228755,Forskningsringen,"LINESTRING (17.948989772733484 59.38207052820077, 17.948769075438168 59.38218732175895)",true
1687,362,1279700,Forskningsringen,"LINESTRING (17.95153664224571 59.38146964746887, 17.95146361979075 59.381470222271936, 17.951122865704175 59.38148647238768, 17.950769387665492 59.381527954305916, 17.950421273837442 59.381582325369784, 17.950045751152672 59.38166441698758, 17.94986942771965 59.381714980191454, 17.949504617340597 59.38184781351923, 17.949071749523167 59.38202989106196, 17.948989772733484 59.38207052820077)",true
1688,363,1228758,Forskargränd,"LINESTRING (17.95312582134835 59.38167800445877, 17.952800686381188 59.38188492652601, 17.952577078556324 59.38199219576923, 17.952346057295742 59.38208046565014, 17.952053607759787 59.38215826466448, 17.95031206398841 59.38252241606376, 17.950068034115816 59.38259547554306, 17.949863072416356 59.382677094753085, 17.949680425716625 59.38278628055706, 17.949564839985115 59.382887883550254, 17.949492038699375 59.38299236449843, 17.94946396248117 59.383095905523724, 17.949478646196944 59.38323081029486, 17.94952692862636 59.38333057514949, 17.94961993257483 59.38339996252346, 17.949744588644517 59.38346936159712, 17.94991025330601 59.38351693166213, 17.950094713909756 59.38354446912091)",true
1689,364,1206730,Kronogårdsvägen,"LINESTRING (17.95100925764013 59.3859322676816, 17.951059270937577 59.385969199788654)",true
1690,365,1206729,Kronogårdsvägen,"LINESTRING (17.951059270937577 59.385969199788654, 17.95119149285623 59.386067926939305)",true
1691,366,1228756,Forskningsringen,"LINESTRING (17.95312582134835 59.38167800445877, 17.953018353582806 59.381635922691096, 17.95278801951842 59.38157314354456, 17.952568834225232 59.38152817309592, 17.952309112953053 59.3814988660016, 17.951972595246648 59.381475942926606, 17.951634649752982 59.381467985802374, 17.95153664224571 59.38146964746887)",true
1692,367,1228757,Forskningsringen,"LINESTRING (17.95452262488136 59.382282287982086, 17.9542394367884 59.38228617103826, 17.95409281468793 59.38226474620164, 17.95397558080664 59.38221126774085, 17.95387233706555 59.38213356982413, 17.953781718060124 59.38203093759347, 17.953605924248333 59.381895495571314, 17.953396608293275 59.38178283704764, 17.95312582134835 59.38167800445877)",true
1693,372,1161612,Boplatsvägen,"LINESTRING (17.972399508416053 59.38199770662857, 17.97220037261004 59.382233903873335, 17.972213397296393 59.38227241719477, 17.972286581015304 59.382301211111084, 17.97277000008875 59.38241667541065, 17.973000872911005 59.38248790827259, 17.973243776839738 59.38257141073973, 17.97349667546481 59.38268253224611, 17.9736954524599 59.38278321498308, 17.97389870140212 59.38289994316209, 17.97398278762149 59.38295161728953)",true
1694,373,1160904,Fornbyvägen,"LINESTRING (17.972389258409393 59.38422398960701, 17.972568738244014 59.384105920198444, 17.97272784965921 59.384015731014266, 17.97296255644334 59.38388270725606, 17.97306387275116 59.38377518965625, 17.973119582608724 59.38371606784025, 17.973169365139047 59.3836544303122, 17.97323705510305 59.3835706204577, 17.973353749354057 59.383426152195284, 17.973447795060725 59.38331086547925, 17.973539282291817 59.383224077527935, 17.973648346973828 59.383142918167835, 17.973698213745966 59.38310437234731, 17.973770478521146 59.38305832457733, 17.973829247207277 59.38302629714283, 17.973882955517965 59.38299782672017, 17.97398278762149 59.38295161728953)",true
1695,374,1161613,Boplatsvägen,"LINESTRING (17.97241256356916 59.38197885303313, 17.972399508416053 59.38199770662857)",true
1696,375,1161614,Boplatsvägen,"LINESTRING (17.9749961904597 59.382207060680955, 17.974970190001503 59.38211157625404, 17.97490696929435 59.38199091782301, 17.974840924019453 59.38189589781284, 17.974734827203854 59.38185169955533, 17.974521635128436 59.38183408987297, 17.974258177099042 59.38182310799826, 17.973930468867056 59.38180689666386, 17.97360276203338 59.38179210425649, 17.972820741476838 59.381755366644526, 17.972720197288808 59.38175059627016, 17.972641049754838 59.381760074897414, 17.972585156817633 59.38179093996481, 17.97241256356916 59.38197885303313)",true
1697,376,1160903,Fornbyvägen,"LINESTRING (17.97398278762149 59.38295161728953, 17.97439181788734 59.38284615489408, 17.974609973527834 59.38279955490922, 17.974892629048586 59.382747753673605, 17.975176161329557 59.38270355188538)",true
1698,377,1279702,,"LINESTRING (17.979176184431562 59.381452914217355, 17.979071018816747 59.38145468829532, 17.978928414213186 59.38146153215556, 17.978766141126634 59.381469229610616, 17.978559646254457 59.381478161820375, 17.978413484839756 59.38147879620277, 17.97825738249494 59.38146489358237, 17.97814372351205 59.38145277095087, 17.978074795172937 59.381445413424636)",true
1699,378,3444368,,"LINESTRING (17.976756571583792 59.381725732124615, 17.9767053122738 59.381711994787324, 17.976658258583956 59.381694800663986, 17.97657918423807 59.381651083199785)",true
1700,402,4017224,Vinthundsgatan,"LINESTRING (17.978064536018184 59.38469075488332, 17.978009973988886 59.38470286514213, 17.977953536010855 59.3847124662137, 17.977895639262147 59.38471949465179, 17.97783677202424 59.38472389437294, 17.977777371417538 59.384725628434836, 17.977692935896496 59.38472348617657, 17.97760970136087 59.384715960808805, 17.977528965259957 59.38470318445181, 17.97745199460193 59.38468534383978, 17.97739120982015 59.38466668426859, 17.97733460498703 59.38464487399579, 17.977213232908348 59.38457246007361, 17.977082922973104 59.38448007667054, 17.976956580481698 59.384380908026976, 17.97690912514166 59.38433970366976, 17.976867843718153 59.38429679477886, 17.976812472262427 59.38422056418011, 17.9766517460079 59.383928784702576, 17.976498456779744 59.38359505061311, 17.976477963446037 59.38353570798808, 17.976465135571004 59.38347580396815, 17.97642286038184 59.38261003833586, 17.97643220334465 59.382450279505456, 17.97641866203223 59.382172779019996, 17.97640618810853 59.38212834970554, 17.976389254630067 59.38208267430621, 17.97636763247452 59.38204197632857)",true
1701,403,4017225,Spetsgränd,"LINESTRING (17.978681507457587 59.385247682727126, 17.978064536018184 59.38469075488332)",true
1702,404,4017483,,"LINESTRING (17.974170045746106 59.38430382183771, 17.97414823014735 59.38434318006857, 17.97409556906418 59.38443547177376, 17.9740788375049 59.384461635884875)",true
1703,405,4017484,,"LINESTRING (17.97425323249966 59.384153751467004, 17.97423266750613 59.384193228556185, 17.97418917250419 59.38426931624132, 17.974170045746106 59.38430382183771)",true
1704,407,4249494,,"LINESTRING (17.977878633043726 59.38197862957453, 17.977888530500813 59.381978761149526, 17.9781225791724 59.38198674124032, 17.978360296341176 59.38200039710644, 17.978550860096405 59.38202182435305)",true
1705,408,4249495,,"LINESTRING (17.97786104397462 59.38197839511576, 17.977878633043726 59.38197862957453)",true
1706,409,4249496,,"LINESTRING (17.97673664171317 59.38200111235515, 17.976957655613212 59.38198980276968, 17.9772055691172 59.38198016097319, 17.977428743461598 59.38197561260253, 17.977653163521147 59.38197562722083, 17.97786104397462 59.38197839511576)",true
1707,413,3668561,Oxenstiernas Allé,"LINESTRING (17.945170135309226 59.38199709954296, 17.945186197436406 59.38209410714021)",true
1708,414,3668562,Oxenstiernas Allé,"LINESTRING (17.94510252974432 59.381589043672065, 17.945170135309226 59.38199709954296)",true
1709,415,3668563,Oxenstiernas Allé,"LINESTRING (17.945066046123625 59.38133584742225, 17.94510252974432 59.381589043672065)",true
1710,416,3668813,Gamla Enköpingsvägen,"LINESTRING (17.945186197436406 59.38209410714021, 17.944399378777828 59.382324051918964)",true
1711,417,3668918,,"LINESTRING (17.941694399713317 59.383175943839454, 17.94139232690507 59.38326074678842, 17.94112050589613 59.38335056360939, 17.94078143735138 59.3834818475428)",true
1712,418,3668919,Gamla Enköpingsvägen,"LINESTRING (17.943467424696717 59.38259606024929, 17.942397462228914 59.38294325153417, 17.941694399713317 59.383175943839454)",true
1713,419,3668920,Gamla Enköpingsvägen,"LINESTRING (17.944399378777828 59.382324051918964, 17.943467424696717 59.38259606024929)",true
1714,420,3923768,,"LINESTRING (17.94219655422327 59.38380463680048, 17.941694399713317 59.383175943839454)",true
1715,421,3923769,,"LINESTRING (17.94224075170276 59.38385996252786, 17.94219655422327 59.38380463680048)",true
1716,423,4191257,Kvarngatan,"LINESTRING (17.93995747497076 59.38355576406669, 17.939047736960845 59.3823647364276, 17.938921655806777 59.38219966080932, 17.938716947443456 59.38198222687601)",true
1717,424,4201429,Axgränd,"LINESTRING (17.942478836647734 59.38416246795539, 17.941517768608858 59.3843594632108)",true
1718,425,4201579,,"LINESTRING (17.942478836647734 59.38416246795539, 17.94224075170276 59.38385996252786)",true
1719,426,4249487,,"LINESTRING (17.978681507457587 59.385247682727126, 17.97851918341154 59.385294739249225)",true
1720,427,4017482,,"LINESTRING (17.9740788375049 59.384461635884875, 17.974023831313104 59.38454765314961, 17.973949244525695 59.384621502550246, 17.973852263832697 59.38468643643116, 17.973752710597697 59.38473508348885, 17.973639708213042 59.38477276883689, 17.973509554800305 59.384800664164565, 17.973391293236265 59.384813110920454, 17.973187054475087 59.38481546803716, 17.97217513316261 59.384839608757396, 17.971972231062527 59.38484657023625, 17.971836288644745 59.38485765734654, 17.971678392305964 59.384876711993186, 17.97153158113408 59.3849026755919, 17.971383054791513 59.3849444573984, 17.971269732332992 59.384985966954396, 17.971158080884834 59.38503751155244, 17.971052803156024 59.385097681075685, 17.970953111619316 59.38516210835174, 17.97087523078022 59.38522538260621, 17.970822224240774 59.38530297972559, 17.970753213066015 59.38544342959702, 17.970714780349923 59.3855327806719, 17.970677049432712 59.385598159268625, 17.970625198727173 59.385659393545644, 17.97055324061631 59.38571468792703, 17.97046499241914 59.38577404660341, 17.970367755611747 59.38584361132005, 17.97029046014298 59.385907968127796, 17.970238925876075 59.38596538499208, 17.97019460437101 59.38603658367716, 17.97016907367748 59.386100695727755, 17.970152066043024 59.38617363548511, 17.970138242156057 59.38625497643833, 17.97011076734864 59.386340348517145, 17.970059044880063 59.38643969788639, 17.969999049017463 59.386534284440955, 17.969940041543612 59.38661903582397, 17.969891959793877 59.3866897539157, 17.969836239548922 59.38674887441298, 17.96974879004687 59.38681257251802, 17.96966249809006 59.386869172277386, 17.96957195509966 59.386926111411206, 17.969437371821105 59.38700496367654, 17.96914305268469 59.38716170393016, 17.96887676984226 59.3872877921564, 17.968774060457616 59.38733757636484, 17.968691351533863 59.38738241216517, 17.96862135887024 59.387434677295914, 17.968558343872395 59.387496632088414, 17.968520302166763 59.38755711970509, 17.96849321215278 59.38762177904974, 17.96848625761267 59.387684236714804, 17.968501648421174 59.38774579028172, 17.9685345184726 59.387795920192815, 17.968595915992736 59.38784996546253, 17.968725476132086 59.38793752184364, 17.96884320635814 59.38803260807607, 17.968929666026956 59.38810450369127, 17.96894535581326 59.38811774482895)",true
1721,428,4249488,,"LINESTRING (17.98003366131582 59.38483106265661, 17.98001617763809 59.38484899387459, 17.979991419619726 59.384864521365685, 17.979960573132374 59.38487690813105, 17.978681507457587 59.385247682727126)",true
1722,429,3923770,,"LINESTRING (17.943519141996553 59.3854530212762, 17.942875492279224 59.38466643779017)",true
1723,430,3923771,,"LINESTRING (17.943731122070776 59.38568879675014, 17.943519141996553 59.3854530212762)",true
1724,431,3923772,,"LINESTRING (17.94419456043284 59.38620424427764, 17.943731122070776 59.38568879675014)",true
1725,432,3923773,,"LINESTRING (17.944867034629812 59.387033814229476, 17.94419456043284 59.38620424427764)",true
1726,433,3925053,Ursviks allé,"LINESTRING (17.94156097887619 59.38496339251372, 17.942875492279224 59.38466643779017)",true
1727,434,3925054,Ursviks allé,"LINESTRING (17.941446293489705 59.38498929889156, 17.94156097887619 59.38496339251372)",true
1728,435,3925055,Kvarngatan,"LINESTRING (17.942373064198396 59.38598027335299, 17.941444534842667 59.38498969620107, 17.941446293489705 59.38498929889156)",true
1729,436,3925056,Kvarngatan,"LINESTRING (17.942969060320372 59.38644866357945, 17.942916246614853 59.3864557934322, 17.94284363953176 59.386444361402084, 17.942805958726446 59.38642653212802, 17.942373064198396 59.38598027335299)",true
1730,437,3925057,Mönstringsgatan,"LINESTRING (17.94419456043284 59.38620424427764, 17.942969060320372 59.38644866357945)",true
1731,438,3925058,Spannmålsgränd,"LINESTRING (17.942442198612074 59.385964143633956, 17.943731122070776 59.38568879675014)",true
1732,439,3925059,Spannmålsgränd,"LINESTRING (17.942373064198396 59.38598027335299, 17.942442198612074 59.385964143633956)",true
1733,440,4201580,,"LINESTRING (17.942875492279224 59.38466643779017, 17.942478836647734 59.38416246795539)",true
1734,441,3923774,,"LINESTRING (17.94492863127008 59.38706755582577, 17.944881729101557 59.387051940131535, 17.944867034629812 59.387033814229476)",true
1735,442,3923775,,"LINESTRING (17.946196618631674 59.38676008413924, 17.945035560640303 59.38707366199586, 17.944952598452115 59.387075535770485, 17.94492863127008 59.38706755582577)",true
1736,443,3673185,Stugvägen,"LINESTRING (17.946196618631674 59.38676008413924, 17.946747994081587 59.38741439996462, 17.94678711708932 59.387439143393216, 17.946836958196545 59.38744065434017)",true
1737,444,3923776,,"LINESTRING (17.947503004797724 59.38640725008326, 17.946196618631674 59.38676008413924)",true
1738,445,3923777,,"LINESTRING (17.947576715209287 59.38638734166569, 17.947503004797724 59.38640725008326)",true
1739,446,4249490,,"LINESTRING (17.97958422731495 59.38356271289366, 17.979599632391306 59.383608575635336, 17.97966212595559 59.38371550914332, 17.97974479633143 59.38387369570802, 17.979798816521022 59.383980202782226, 17.97983862604952 59.384073106381685, 17.979871885785943 59.38416402999494, 17.979905901927612 59.38428809630888)",true
1740,447,4249489,,"LINESTRING (17.979905901927612 59.38428809630888, 17.98004270716703 59.384787049340915, 17.98004301459414 59.384811609933266, 17.98003366131582 59.38483106265661)",true
1741,448,4251598,,"LINESTRING (17.980127018412023 59.384272699584955, 17.979905901927612 59.38428809630888)",true
1742,449,3465206,Skogsbacken,"LINESTRING (17.979076271861523 59.368022047678345, 17.978920132400216 59.368162265137585, 17.978782127182168 59.36827167829083, 17.97869590059969 59.368319297606455)",true
1743,450,3465207,Skogsbacken,"LINESTRING (17.979084958786682 59.36801424699388, 17.979076271861523 59.368022047678345)",true
1744,451,3465208,Skogsbacken,"LINESTRING (17.979212567107833 59.367894691430976, 17.979207772130827 59.367900237545925, 17.979193468746107 59.36791680213785, 17.979084958786682 59.36801424699388)",true
1745,452,4249491,,"LINESTRING (17.979559358925744 59.383478076331386, 17.979568100453193 59.383514647113174, 17.97958422731495 59.38356271289366)",true
1746,453,4249492,,"LINESTRING (17.979355937880666 59.38236638108187, 17.97938026447156 59.382434630675704, 17.979438245936134 59.38260676167839, 17.979480137651613 59.382756112519836, 17.979501241602794 59.3828590676373, 17.979512670082006 59.38300287838219, 17.979518583296546 59.38316652137782, 17.979534489381617 59.38334066524271, 17.979547340869107 59.38342785886511, 17.979559358925744 59.383478076331386)",true
1747,454,4249493,,"LINESTRING (17.978550860096405 59.38202182435305, 17.978717273139857 59.38204721776732, 17.978933771496166 59.38208238453195)",true
1748,455,3465272,Järnvägsgatan,"LINESTRING (17.952014645350673 59.3664860009381, 17.952110542643116 59.366456390587004, 17.952341158941994 59.3663996959523, 17.953108192339432 59.3662093861825, 17.954174070391392 59.36595095201512, 17.954581636791488 59.36584247355412, 17.954702717722917 59.36581253745873, 17.954818009082164 59.3657840444399, 17.954955072443173 59.3657625878789, 17.955111127347433 59.36574575064504, 17.955281354408896 59.365724880709685, 17.95549008357782 59.365705051479715, 17.955705783446607 59.36568865818795)",true
1749,456,3465273,Järnvägsgatan,"LINESTRING (17.95199960136346 59.366490645897514, 17.952014645350673 59.3664860009381)",true
1750,457,3465274,Järnvägsgatan,"LINESTRING (17.951721267426095 59.366576586764104, 17.95199960136346 59.366490645897514)",true
1751,458,3640284,Ekbacksgränd,"LINESTRING (17.947037999843477 59.367459942337796, 17.947316876159768 59.367488514292205, 17.94739364206684 59.36749470393994, 17.947483989060643 59.36749631814751, 17.947567065950274 59.367492058207475, 17.94766305315779 59.36747995813281, 17.9477601958356 59.36747001541694, 17.947848754346403 59.36746785981677, 17.947937365579392 59.36747604568138, 17.948050314453077 59.367489593714325, 17.94818586776071 59.36750577541352)",true
1752,459,1314165,Tulegatan,"LINESTRING (17.962813141151507 59.36872919164981, 17.96268107408264 59.3686019787548)",true
1753,460,1266909,Fredsgränd,"LINESTRING (17.964113168275233 59.36897805406652, 17.96489258402808 59.36887355025499, 17.965039953698547 59.36884161378405, 17.96521846020132 59.368791248572066, 17.96549647421061 59.36869130833325)",true
1754,461,1314164,Tulegatan,"LINESTRING (17.961486713243218 59.36898685878769, 17.961604133636644 59.36910483564805)",true
1755,462,1095074,Fredsgränd,"LINESTRING (17.963046624645525 59.36953014502199, 17.963069713988624 59.36943985090007, 17.963133186282956 59.36929765269257, 17.96325035331048 59.369159059194, 17.96336230520859 59.36906118249061, 17.96344877332156 59.36901949888504, 17.963563288024766 59.36898448308847, 17.96373444290776 59.3689616042818, 17.963908250094207 59.36896165090477, 17.964113168275233 59.36897805406652)",true
1756,463,1095073,Fredsgränd,"LINESTRING (17.963776387665302 59.370453498264034, 17.963655030412728 59.370345829692, 17.96362986098925 59.37017688272643, 17.963643393261528 59.3699972791431, 17.963696975064334 59.36981540807435, 17.964092878358393 59.36902777625839, 17.964113168275233 59.36897805406652)",true
1757,464,1279707,Tulegatan,"LINESTRING (17.96259382547162 59.37050990005935, 17.962683257414454 59.37044240504738, 17.96270890004876 59.370376512630465, 17.96268107897105 59.37030868134642, 17.962496467535267 59.3701392785205, 17.962316345408745 59.36998720609077, 17.962276605407393 59.36995770991048)",true
1758,465,1279706,,"LINESTRING (17.960213237443348 59.37159632997158, 17.959540132616443 59.3715580761981, 17.95946866641686 59.37155424433966)",true
1759,466,1279705,Sveavägen,"LINESTRING (17.95996887665412 59.3721489673825, 17.959397952318323 59.37208605348685, 17.959329557887234 59.37207747913292)",true
1760,467,1279704,Gökvägen,"LINESTRING (17.957564154821636 59.37307095783165, 17.95701363735054 59.373085990130484, 17.956117660863658 59.3732786338944)",true
1761,468,3944149,Hallonbergsvägen,"LINESTRING (17.965050591323653 59.37615288756332, 17.96520194097248 59.37642203809521)",true
1762,469,3944148,Hallonbergsvägen,"LINESTRING (17.96520194097248 59.37642203809521, 17.965275877094033 59.376553521264206)",true
1763,470,3944147,Hallonbergsvägen,"LINESTRING (17.965275877094033 59.376553521264206, 17.96539418944798 59.37676391387841, 17.965645181461685 59.377226100777065)",true
1764,475,4138655,Rissneleden,"LINESTRING (17.96673551651891 59.37706913823339, 17.967051126422934 59.37702221788866)",true
1765,476,4138656,Rissneleden,"LINESTRING (17.966718647012048 59.37707164550913, 17.96673551651891 59.37706913823339)",true
1766,477,4138657,Rissneleden,"LINESTRING (17.965645181461685 59.377226100777065, 17.96630915861175 59.37713252035567, 17.966718647012048 59.37707164550913)",true
1767,478,4138658,Rissneleden,"LINESTRING (17.96853932869321 59.37679337064267, 17.967795373852688 59.37691487849683, 17.967051126422934 59.37702221788866)",true
1768,479,4138659,Rissneleden,"LINESTRING (17.96944061617363 59.37666234407682, 17.96853932869321 59.37679337064267)",true
1769,480,4138660,Rissneleden,"LINESTRING (17.970358521890237 59.37657077614196, 17.97013020441284 59.3765865816385, 17.969956480446 59.37659880663735, 17.969774023164852 59.37661688250513, 17.96944061617363 59.37666234407682)",true
1770,481,4138661,Rissneleden,"LINESTRING (17.970490499303512 59.376561640514666, 17.970358521890237 59.37657077614196)",true
1771,482,4138679,Rissneleden,"LINESTRING (17.963957846177316 59.37746720401307, 17.96440625227797 59.37740397534153, 17.965645181461685 59.377226100777065)",true
1772,483,4138680,Rissneleden,"LINESTRING (17.963383576680048 59.377548176473006, 17.963957846177316 59.37746720401307)",true
1773,484,4138681,Rissneleden,"LINESTRING (17.9566968653678 59.37749280692595, 17.956696874858512 59.37749281479801, 17.956986018718116 59.377708765023186, 17.957120868337594 59.37779679613381, 17.957226437686455 59.37785860555719, 17.95731315892829 59.37789973463116, 17.95744476807223 59.37796005459604, 17.95757312588539 59.378010339080326, 17.957693681171012 59.378046054632215, 17.957813542171458 59.378079054120455, 17.95795244120003 59.37810903360845, 17.958125002963907 59.378140127175456, 17.958303342177572 59.378160522017986, 17.958479107314822 59.378173606609344, 17.958666695431337 59.378178883488644, 17.958867009463006 59.37818287383416, 17.959018501241697 59.37817345981996, 17.959172463396605 59.37816046708654, 17.959441743311565 59.37812228386647, 17.960608153773403 59.37795293347849, 17.96210751670638 59.37773079070105, 17.96336975213182 59.37755012615725, 17.963383576680048 59.377548176473006)",true
1774,485,3465291,Fågelsången,"LINESTRING (17.972820792468486 59.36348568008908, 17.971792748696416 59.3638222429859)",true
1775,486,3988166,Vintergatan,"LINESTRING (17.97337192377032 59.36388377480814, 17.973331706938282 59.363896553775184)",true
1776,487,3988167,Vintergatan,"LINESTRING (17.973386853005607 59.363879030192855, 17.97337192377032 59.36388377480814)",true
1777,488,3988168,Vintergatan,"LINESTRING (17.974860306495238 59.36341160071522, 17.97408027313911 59.36365867998012, 17.973386853005607 59.363879030192855)",true
1778,489,3988172,Prästgårdsgatan,"LINESTRING (17.972339080239532 59.363012866044414, 17.972276951659524 59.36303332150664)",true
1779,490,3988173,Prästgårdsgatan,"LINESTRING (17.972353854515575 59.36300800286864, 17.972339080239532 59.363012866044414)",true
1780,491,3988174,Prästgårdsgatan,"LINESTRING (17.973772486640975 59.36254092172083, 17.972353854515575 59.36300800286864)",true
1781,492,1702816,Järnvägsgatan,"LINESTRING (17.955900633135723 59.3656588362329, 17.95612783487299 59.365588931014095, 17.956268973463455 59.36554292102951)",true
1782,499,1279703,Kanalstigen,"LINESTRING (17.95722811670564 59.36796393171359, 17.957213436478018 59.367626763758985)",true
1783,500,1525676,,"LINESTRING (17.96291402118521 59.36497387818129, 17.96267899289664 59.365049113358594)",true
1784,502,1230518,Kyrkogatan,"LINESTRING (17.971940659814724 59.364906213380635, 17.971890670766232 59.36500685467501, 17.97230333276564 59.36533647536022)",true
1785,503,1158465,,"LINESTRING (17.97303901381193 59.36486772935656, 17.97290079474145 59.364869992603715)",true
1786,506,3465286,Starrbäcksgatan,"LINESTRING (17.960685305459904 59.365303878824875, 17.959952330419185 59.36472187714848)",true
1787,507,3465287,Starrbäcksgatan,"LINESTRING (17.960694811207578 59.36531142761334, 17.960685305459904 59.365303878824875)",true
1788,508,3465288,Starrbäcksgatan,"LINESTRING (17.960781631140566 59.365380362264716, 17.960694811207578 59.36531142761334)",true
1789,509,3601997,Järnvägsgatan,"LINESTRING (17.959952330419185 59.36472187714848, 17.961631036069534 59.36418842956957)",true
1790,510,3713603,Stenbrottsgatan,"LINESTRING (17.972515679549314 59.36602221461596, 17.97265522190396 59.36616903364826, 17.97266981696644 59.36629638754548, 17.972733788468783 59.36640539459091, 17.97272750732741 59.36647101578437, 17.97264748450688 59.366533841151565, 17.97250677626861 59.36657542116712, 17.972342422720633 59.36661076215653, 17.97219262262666 59.3666346194969, 17.972120877273365 59.36664604573703, 17.971985360952882 59.36666762716619)",true
1791,511,3713840,Stenbrottsgatan,"LINESTRING (17.969256171797394 59.36718858823514, 17.969209639385273 59.367217527151695, 17.969172228609064 59.36726338635068, 17.969170673194647 59.36735434238944)",true
1792,512,3713841,Stenbrottsgatan,"LINESTRING (17.969309314337902 59.367155537711454, 17.969256171797394 59.36718858823514)",true
1793,513,3713842,Stenbrottsgatan,"LINESTRING (17.970935067616878 59.366577057762115, 17.970291986524963 59.366788629911504, 17.96971610438169 59.3669780880789, 17.969484257964385 59.36706250417562, 17.969396140759724 59.36710153826104, 17.969309314337902 59.367155537711454)",true
1794,514,3715678,Rensgatan,"LINESTRING (17.969170673194647 59.36735434238944, 17.96974008612887 59.36734203291571, 17.970425303530707 59.36731346093159, 17.970952727137195 59.36729031530782, 17.971648907204774 59.36725747924116)",true
1795,515,3715679,Rensgatan,"LINESTRING (17.967962944513665 59.36711138880016, 17.968184852607383 59.36729105035488, 17.968221260190347 59.36731965916596, 17.968273624478748 59.36734693409953, 17.968346907566694 59.3673668044567, 17.968421956820972 59.367380092790626, 17.968514131474397 59.36738547880768, 17.969170673194647 59.36735434238944)",true
1796,516,3988163,Götgatan,"LINESTRING (17.973644420362884 59.36440579636719, 17.97382386412675 59.36442276604465, 17.973908803865545 59.36442280482919, 17.973998009504022 59.36441406578024, 17.974074541758636 59.364398705665145, 17.97415747114008 59.36437397992818, 17.974314767527837 59.36432465180613, 17.974482072760747 59.36426398841373, 17.97496790256966 59.36409915883784, 17.97551943432138 59.363907136505986)",true
1797,517,3988164,Götgatan,"LINESTRING (17.97362714217282 59.36440416245408, 17.973644420362884 59.36440579636719)",true
1798,518,3988165,Götgatan,"LINESTRING (17.97356121208537 59.364397927981116, 17.97362714217282 59.36440416245408)",true
1799,519,3988169,Ursviksvägen,"LINESTRING (17.959844657755518 59.36766936711414, 17.95981282654506 59.367601162705526)",true
1800,520,3988170,Ursviksvägen,"LINESTRING (17.959848729786554 59.36767809250805, 17.959844657755518 59.36766936711414)",true
1801,521,3988171,Ursviksvägen,"LINESTRING (17.96022960108752 59.36836649814697, 17.960088088944882 59.36812939305405, 17.95992969924423 59.36788000997109, 17.959904549410062 59.367797695156156, 17.959848729786554 59.36767809250805)",true
1802,522,3465198,Gjuteribacken,"LINESTRING (17.970816950674436 59.35979318436265, 17.970828845374076 59.35978660327286)",true
1803,523,3465199,Gjuteribacken,"LINESTRING (17.970628878840028 59.36062039314356, 17.97014735885553 59.360415292140345, 17.970079349318443 59.36037626157864, 17.970046296562884 59.36034106208289, 17.97003743980527 59.360299757838824, 17.970041798613277 59.36026506260446, 17.97006044593928 59.36022851412059, 17.970095412167346 59.36019662584849, 17.97015634078322 59.36016132427181, 17.970430752961867 59.36000686459408, 17.970816950674436 59.35979318436265)",true
1804,524,3661540,Ågatan,"LINESTRING (17.961378489864988 59.36108702880395, 17.961638943650673 59.36085378996388, 17.961727734076135 59.360774275828874, 17.961787396096213 59.36072084746292)",true
1805,525,4104701,,"LINESTRING (17.972922547725158 59.35988335814773, 17.973167495765072 59.359986453451405, 17.97327982980301 59.36003123851039, 17.97328106072583 59.36003172801809)",true
1806,526,4104702,,"LINESTRING (17.97277944365652 59.359824082142815, 17.972922547725158 59.35988335814773)",true
1807,527,4150300,Ekensbergsvägen,"LINESTRING (17.973976901317613 59.360383514748726, 17.973996447396324 59.36037770318189, 17.97400634388669 59.360374759984154)",true
1808,528,3465290,Fågelsången,"LINESTRING (17.971792748696416 59.3638222429859, 17.97177794774439 59.36382708782891)",true
1809,529,3465289,Fågelsången,"LINESTRING (17.97177794774439 59.36382708782891, 17.971577023719586 59.36389286523128, 17.970768845285065 59.364152633971656)",true
1810,530,3715682,Furuvägen,"LINESTRING (17.970935067616878 59.366577057762115, 17.970702534519585 59.36640374076327, 17.970596181292088 59.36631432843324)",true
1811,531,3715683,Furuvägen,"LINESTRING (17.971168951308886 59.36675071291198, 17.971069639386027 59.366676976354775, 17.970935067616878 59.366577057762115)",true
1812,532,3715681,Stenbrottsgatan,"LINESTRING (17.971985360952882 59.36666762716619, 17.971619327773688 59.36670965684137, 17.971168951308886 59.36675071291198)",true
1813,533,3715680,Furuvägen,"LINESTRING (17.971648907204774 59.36725747924116, 17.971634464832874 59.36718518409844, 17.971619994594597 59.367139326244285, 17.971591628942168 59.36709340778144, 17.971541142483066 59.36704376125881, 17.971395172080527 59.36692414339411, 17.971168951308886 59.36675071291198)",true
1814,534,1279708,Furuvägen,"LINESTRING (17.972149148447976 59.36824547224463, 17.971621142883574 59.36804566750636)",true
1815,535,1266908,Grytbacken,"LINESTRING (17.971956011354802 59.36865031689556, 17.97162500436402 59.36849294475666, 17.971487851474546 59.36844257825677, 17.971275682931257 59.36838678685787, 17.97110059730656 59.36833990856938)",true
1816,544,1225962,,"LINESTRING (17.972213075112684 59.37651033665652, 17.97213880142963 59.37652124063668)",true
1817,545,3465292,Humblegatan,"LINESTRING (17.96568837363534 59.36093996817036, 17.965595632572413 59.361035964469295, 17.965331462364592 59.36132178835371)",true
1818,546,3465293,Humblegatan,"LINESTRING (17.965696139782423 59.36093192875277, 17.96568837363534 59.36093996817036)",true
1819,547,3465294,Humblegatan,"LINESTRING (17.96588511117999 59.36075641128909, 17.96571943027991 59.36090782056214, 17.965696139782423 59.36093192875277)",true
1820,548,3464655,Landsvägen,"LINESTRING (17.96992210775733 59.36099393835424, 17.969921850892405 59.36099404035752, 17.969763496161523 59.36104806912218)",true
1821,549,3464656,Landsvägen,"LINESTRING (17.969935985095475 59.36098842553234, 17.96992210775733 59.36099393835424)",true
1822,550,3464657,Landsvägen,"LINESTRING (17.970685244334664 59.36066694950577, 17.97055864042678 59.36074104900661, 17.969935985095475 59.36098842553234)",true
1823,551,3417444,Järnvägsgatan,"LINESTRING (17.970313601558562 59.361454475209456, 17.97063404517207 59.361364743269085, 17.97113281720014 59.361216413858926)",true
1824,552,3417443,Järnvägsgatan,"LINESTRING (17.97113281720014 59.361216413858926, 17.9711436319604 59.36121319744629, 17.971147985056678 59.36121187162147)",true
1825,553,3417442,Järnvägsgatan,"LINESTRING (17.971147985056678 59.36121187162147, 17.97187330951899 59.36099088959934)",true
1826,554,3654765,Löfströms Allé,"LINESTRING (17.96315637686064 59.36112552643081, 17.963200467821014 59.3610981960908, 17.96342405721467 59.361073482373165)",true
1827,555,3654786,Ågatan,"LINESTRING (17.96087629984243 59.36156569931311, 17.961165332072333 59.36127791206317, 17.961378489864988 59.36108702880395)",true
1828,556,3661491,Löfströms Allé,"LINESTRING (17.963266306140476 59.36119418734411, 17.963183535216054 59.361231723661, 17.96312532401288 59.36125804512151, 17.96295797415397 59.3613592734925, 17.962671383837534 59.361560675424315)",true
1829,557,3661492,Löfströms Allé,"LINESTRING (17.96342405721467 59.361073482373165, 17.963303325728663 59.361177560935324, 17.963266306140476 59.36119418734411)",true
1830,562,3661470,Löfströms Allé,"LINESTRING (17.960696021279063 59.36268920645289, 17.960679650992887 59.36266218749332, 17.960680921506935 59.36263409474092, 17.96069292777123 59.36261347430215, 17.960724119686827 59.36258878501163)",true
1831,563,3661468,Max Sievertsgatan,"LINESTRING (17.96082064983999 59.36273581115966, 17.96077584664075 59.36272890791821, 17.960730831463966 59.36271270726486, 17.960696021279063 59.36268920645289)",true
1832,564,3661465,Löfströms Allé,"LINESTRING (17.960994018325497 59.3627004028839, 17.96095693450861 59.36271941311469, 17.9609133048033 59.362732210025776, 17.960864869417033 59.36273723096447, 17.96082064983999 59.36273581115966)",true
1833,565,3661469,Löfströms Allé,"LINESTRING (17.96102428261617 59.362635152430066, 17.961026050320932 59.36265361156034, 17.96101999091248 59.36267442041471, 17.960994018325497 59.3627004028839)",true
1834,566,3661457,Max Sievertsgatan,"LINESTRING (17.96116250829872 59.362773326124696, 17.960994018325497 59.3627004028839)",true
1835,567,3661458,Max Sievertsgatan,"LINESTRING (17.96177477375248 59.363008505744425, 17.961678061087643 59.36298768612353, 17.961510318580114 59.36291793024274, 17.961392437625957 59.36286890840138, 17.96116250829872 59.362773326124696)",true
1836,568,3655059,Tråddragargränd,"LINESTRING (17.96226610585019 59.362300340384245, 17.962999922857588 59.36260550768021)",true
1837,569,3655058,Vasagatan,"LINESTRING (17.962999922857588 59.36260550768021, 17.96362542700114 59.36240475385778, 17.963696264720888 59.36234192731744)",true
1838,570,3661471,Max Sievertsgatan,"LINESTRING (17.96087704063534 59.36256086747831, 17.960928092372953 59.362568718712346, 17.960974171827043 59.362584064818606, 17.960994581331498 59.36259653813985, 17.96101086094022 59.36261096537119, 17.96102428261617 59.362635152430066)",true
1839,571,3661472,Löfströms Allé,"LINESTRING (17.960724119686827 59.36258878501163, 17.960755425746925 59.36257429032893, 17.960778809250634 59.36256763341359, 17.960831676542043 59.36256045045071, 17.96087704063534 59.36256086747831)",true
1840,572,3661473,Max Sievertsgatan,"LINESTRING (17.95988438510342 59.36223184371363, 17.960724119686827 59.36258878501163)",true
1841,573,3661474,Ågatan,"LINESTRING (17.958620623003384 59.363025629150854, 17.95893485049989 59.36282625828472, 17.95919890275753 59.36265953943556, 17.95963567109642 59.36238505049258, 17.95988438510342 59.36223184371363)",true
1842,574,3661475,Ågatan,"LINESTRING (17.96087629984243 59.36156569931311, 17.96056133637239 59.36180345998263, 17.9602964897295 59.361977252889325, 17.95988438510342 59.36223184371363)",true
1843,575,3661490,Löfströms Allé,"LINESTRING (17.962671383837534 59.361560675424315, 17.962351849143726 59.36177098831701, 17.962063958429457 59.36195939507139, 17.96183681300941 59.36210072996994, 17.961692447560555 59.362190556790615, 17.961330908698404 59.362414349680726, 17.961264367168443 59.36245691107018, 17.96112679625585 59.362540008740815, 17.96102428261617 59.362635152430066)",true
1844,576,3661493,Löfströms Allé,"LINESTRING (17.96087704063534 59.36256086747831, 17.96098886758796 59.36249804669742, 17.96115634134773 59.36240396561663, 17.961313808910116 59.36230691448089, 17.96165317621216 59.3620956288487, 17.962130176632336 59.361798648854545, 17.962260435586565 59.361717548463254, 17.96249850691464 59.36158528818074, 17.962568643857136 59.36153833652898, 17.96264452472857 59.361488446162426, 17.962711324637738 59.361444064777814, 17.962774125835715 59.36139839851781, 17.962832499332443 59.36135250220331, 17.96288675953776 59.3613053793429, 17.962946448556043 59.36125608424349, 17.962988343326984 59.3612294014749, 17.96305818049941 59.36118639398192, 17.96315637686064 59.36112552643081)",true
1845,582,1225963,Örsvängen,"LINESTRING (17.97249801472148 59.37735532053089, 17.97257876438045 59.37734354084559)",true
1846,603,3926718,,"LINESTRING (17.976451740785546 59.376698140774714, 17.976412923410592 59.37668803722901, 17.976057726064834 59.376528864030995)",true
1847,604,3926719,,"LINESTRING (17.97671778965202 59.37667728054414, 17.976643835954306 59.376704052594995, 17.976574489574414 59.376713301025546, 17.976490954260882 59.37670834309667, 17.976451740785546 59.376698140774714)",true
1848,605,3926720,,"LINESTRING (17.976788075365285 59.376645189849675, 17.97671778965202 59.37667728054414)",true
1849,606,3926721,,"LINESTRING (17.975614492980778 59.37676628159296, 17.975529991889257 59.376804405774585, 17.975388448115485 59.37686431981678, 17.975236306039818 59.37691623546293, 17.975093644973423 59.376957385047525, 17.974953709768652 59.376990861165865, 17.974814721230963 59.37702188033518, 17.97465122344471 59.37705354846978, 17.974221000522242 59.37711249980338)",true
1850,607,3926722,,"LINESTRING (17.976057726064834 59.376528864030995, 17.975756834200656 59.37669906148157, 17.975659344556576 59.37674604585121, 17.975614492980778 59.37676628159296)",true
1851,608,1225852,Gesällvägen,"LINESTRING (17.970926839628916 59.37828100407632, 17.970914709534288 59.378254888825, 17.970896158739567 59.37817131108045)",true
1852,609,1225853,Gesällvägen,"LINESTRING (17.97130888375695 59.37873103801534, 17.97118204914234 59.37858596636035, 17.971061692789647 59.37846982543483, 17.970967746060918 59.37836909548705, 17.970926839628916 59.37828100407632)",true
1853,610,1095072,Gesällvägen,"LINESTRING (17.963966677854778 59.378593532030365, 17.96415065950054 59.37865547628861)",true
1854,611,1095071,Gesällvägen,"LINESTRING (17.96415065950054 59.37865547628861, 17.964275095194186 59.37869619266559, 17.964325137121108 59.37871223587055, 17.964367377274883 59.378724646432666, 17.96438142544099 59.37875624493839, 17.96449940728501 59.379249125913674, 17.964571457212028 59.37928525530295, 17.965486536541658 59.37938393807352, 17.968379035946924 59.37983158457513, 17.968706779745983 59.37990262286721, 17.96894484733006 59.379917285098394, 17.96918339349902 59.3799150694188, 17.969512280297707 59.37989789181994, 17.96982873621639 59.379859816731454, 17.970160495629294 59.379789339409385, 17.970452336248933 59.379725989028884, 17.97074879280075 59.37964295245279, 17.97097049392447 59.37954831062091, 17.971188931539483 59.37941197615638, 17.97134803637225 59.37922193679944, 17.971497778802647 59.37890908419429)",true
1855,612,1225854,Gesällvägen,"LINESTRING (17.971462042453517 59.378823948273826, 17.97134344590262 59.37877057914956, 17.97130888375695 59.37873103801534)",true
1856,615,1225855,Gesällvägen,"LINESTRING (17.971497778802647 59.37890908419429, 17.971462042453517 59.378823948273826)",true
1857,627,1151558,Milstensvägen,"LINESTRING (17.95437841203524 59.38037357062794, 17.95423629476916 59.37996676602742)",true
1858,631,1151559,Milstensvägen,"LINESTRING (17.95443306358443 59.380529998162025, 17.95437841203524 59.38037357062794)",true
1859,632,1151560,Milstensvägen,"LINESTRING (17.95444746797904 59.3805712493398, 17.95443306358443 59.380529998162025)",true
1860,635,4025558,,"LINESTRING (17.963880792539186 59.39906128068481, 17.96390863321747 59.39920017449336)",true
1861,637,3715672,Trädgårdsgatan,"LINESTRING (17.967879924387987 59.356911748917, 17.9680586065279 59.35692470408707, 17.96815282057451 59.356930069555034, 17.96877876175835 59.356953738847494, 17.969487709949068 59.35697796862931, 17.969628257629804 59.356983745514434, 17.969776043028425 59.35699325540988, 17.969898837388037 59.357003089381045, 17.970062823310514 59.35701920193491, 17.97033490473193 59.357065012945256, 17.97058495394943 59.35710279257746, 17.970741644953385 59.357120909106555, 17.97086500282734 59.35713351497698)",true
1862,638,3715684,,"LINESTRING (17.970450787433297 59.356514602212386, 17.970213322340268 59.356508180483964, 17.97005508178515 59.356504894948294, 17.96989790263382 59.35650187258116, 17.969772272026933 59.35649917341802, 17.969647259131143 59.356498104485944, 17.96946743126915 59.356500333328185, 17.969166958278343 59.3565117987324, 17.96901281011482 59.35652372175428, 17.96884653704218 59.35653827514674, 17.9687050512338 59.35655654094788, 17.96856533989034 59.35657779443364, 17.968434168549795 59.35659889816133, 17.96832337626066 59.35662160431953, 17.96821969282118 59.356646916129115, 17.968125241750062 59.35667536932608, 17.968044901830712 59.356707409938316, 17.967984874635466 59.356739688764804, 17.967937246701638 59.35678295353581, 17.96790474455336 59.35682026656796, 17.96788542589365 59.35686364138457, 17.967879924387987 59.356911748917)",true
1863,639,3657964,Stamgårdsparken,"LINESTRING (17.972386343648107 59.356527346362896, 17.972219106871737 59.35721878984832)",true
1864,640,3657965,Tritonvägen,"LINESTRING (17.973302160548393 59.356577167724666, 17.972386343648107 59.356527346362896)",true
1865,641,3657966,Stamgårdsparken,"LINESTRING (17.9732802155363 59.35669859883983, 17.973302160548393 59.356577167724666)",true
1866,642,3657967,Stamgårdsparken,"LINESTRING (17.973278600798263 59.35670753717807, 17.9732802155363 59.35669859883983)",true
1867,643,3657968,Stamgårdsparken,"LINESTRING (17.97315585283304 59.35726843618233, 17.97323916494552 59.356925748106015, 17.973278600798263 59.35670753717807)",true
1868,647,3657973,Trädgårdsgatan,"LINESTRING (17.97315585283304 59.35726843618233, 17.972219106871737 59.35721878984832)",true
1869,648,3715685,Albygatan,"LINESTRING (17.97086500282734 59.35713351497698, 17.970976880361224 59.3566880520709, 17.971045178666074 59.356398818568)",true
1870,649,3657963,Tritonvägen,"LINESTRING (17.971639431708386 59.356488190101324, 17.972386343648107 59.356527346362896)",true
1871,650,3657969,Tritonvägen,"LINESTRING (17.973302160548393 59.356577167724666, 17.97539689033658 59.356711742348445)",true
1872,651,3715668,Trädgårdsgatan,"LINESTRING (17.97503841124976 59.357391586869106, 17.974967982708588 59.35738743111573)",true
1873,652,3713346,Landsvägen,"LINESTRING (17.975249978858425 59.35711052702054, 17.97521694302895 59.357137338792064, 17.975150568007873 59.35720620943919, 17.97511044885134 59.35725776761373, 17.975054413001498 59.35735135439817, 17.97503841124976 59.357391586869106)",true
1874,653,3713347,Landsvägen,"LINESTRING (17.975259341632512 59.35710292858305, 17.975249978858425 59.35711052702054)",true
1875,654,3713348,Landsvägen,"LINESTRING (17.97574944032798 59.35680531633027, 17.975593190491434 59.356888700380004, 17.975487497945362 59.356945318028096, 17.97538878578896 59.35700427520309, 17.975308346754478 59.35705979400406, 17.975265097589862 59.357098256554174, 17.975259341632512 59.35710292858305)",true
1876,655,3465265,Tritonvägen,"LINESTRING (17.97539689033658 59.356711742348445, 17.97543771634518 59.356717697916984)",true
1877,656,3465264,Tritonvägen,"LINESTRING (17.97543771634518 59.356717697916984, 17.975454600389412 59.356720160054955)",true
1878,657,3465263,Tritonvägen,"LINESTRING (17.975454600389412 59.356720160054955, 17.975507365244827 59.35672785675513, 17.975615570496874 59.35675181373434, 17.975700450035365 59.35677830714538)",true
1879,658,3715676,Tritonvägen,"LINESTRING (17.975700450035365 59.35677830714538, 17.97574944032798 59.35680531633027)",true
1880,659,3715675,Röntgenvägen,"LINESTRING (17.97574944032798 59.35680531633027, 17.975793643982996 59.356828652608485)",true
1881,662,3715669,Röntgenvägen,"LINESTRING (17.97591409210038 59.35688662473969, 17.975793643982996 59.356828652608485)",true
1882,663,3647530,Hamngatan,"LINESTRING (17.96412815541121 59.35843059674488, 17.96404247830311 59.35850906962199)",true
1883,664,3647531,Hamngatan,"LINESTRING (17.965251085826658 59.35789850176191, 17.965092999393026 59.357971068521884, 17.964668896065564 59.358140909620644, 17.96451934020449 59.35819446235074, 17.96440486470747 59.35824503333077, 17.964313254418638 59.35829442812134, 17.96422788516106 59.35834999798975, 17.964141159945864 59.35841867316216, 17.96412815541121 59.35843059674488)",true
1884,665,3715673,Trädgårdsgatan,"LINESTRING (17.966536576018072 59.358146648904494, 17.96645961426841 59.358111477635674, 17.966364208959018 59.35808208356602, 17.966320101076548 59.35806200387713, 17.966299347702787 59.35804127036524, 17.966271560211784 59.35799843251108, 17.96624725012787 59.35793065680941, 17.966230492163785 59.357854837525295, 17.96623760110245 59.357785484014066, 17.966265185408155 59.35771036273758, 17.966295989841704 59.35764390248396, 17.966352548536527 59.35757106005308, 17.96640907600481 59.357497661176275, 17.96649227866095 59.35742359213674, 17.966578517418544 59.35734700974722, 17.96672228399695 59.35725630368877, 17.96677621733801 59.35721806635478, 17.96684748624219 59.35717654534188, 17.96692389098515 59.357137205960164, 17.967031081461943 59.35708975489104, 17.967144799206856 59.35704409607123, 17.96726135176717 59.357001679424044, 17.967386043617825 59.356970040174666, 17.967506311324673 59.356942114796006, 17.967632656139504 59.35692325790465, 17.96776842309822 59.356912897280225, 17.967879924387987 59.356911748917)",true
1885,666,3465259,Humblegatan,"LINESTRING (17.967763743580235 59.35929533124843, 17.968052866513872 59.35907079184271, 17.968634072692666 59.358605165060396, 17.969040723536857 59.35826680864927, 17.969122909694594 59.35819383935142, 17.969184285310604 59.35814817618894, 17.969259355223862 59.35810857200676, 17.969359045429986 59.3580784081466, 17.969452092750274 59.35805379613011, 17.96955733085712 59.358036364586596, 17.96967771204925 59.35802223616747, 17.969823492726437 59.35801317197483, 17.969985787900836 59.35800356949581, 17.970118699042203 59.357998528342634)",true
1886,667,3465258,Humblegatan,"LINESTRING (17.970118699042203 59.357998528342634, 17.97013623215312 59.35799786364701)",true
1887,668,3465257,Humblegatan,"LINESTRING (17.97013623215312 59.35799786364701, 17.970167468946492 59.35799667903934, 17.97037718996171 59.35799425321788, 17.970688394555644 59.357992452079024)",true
1888,669,3465256,Albygatan,"LINESTRING (17.970534326600934 59.358870818351534, 17.97052787367991 59.35877086195234, 17.97052847458937 59.35871795694901, 17.970532919393634 59.358630916557836, 17.970579136531658 59.35840145814326, 17.970633588123512 59.35819761964167)",true
1889,670,3465255,Albygatan,"LINESTRING (17.970633588123512 59.35819761964167, 17.970635953805445 59.35818876667076)",true
1890,671,3465254,Albygatan,"LINESTRING (17.970635953805445 59.35818876667076, 17.970688394555644 59.357992452079024)",true
1891,672,3465197,Gjuteribacken,"LINESTRING (17.970828845374076 59.35978660327286, 17.97107501471762 59.3596503975408)",true
1892,673,3657974,Trädgårdsgatan,"LINESTRING (17.974885710897187 59.357382346063346, 17.97315585283304 59.35726843618233)",true
1893,674,1088835,Landsvägen,"LINESTRING (17.97480116036338 59.35833236685563, 17.974724352573862 59.35842260498659)",true
1894,675,1088836,Landsvägen,"LINESTRING (17.974860374882564 59.35827376551843, 17.97480116036338 59.35833236685563)",true
1895,678,3713775,Landsvägen,"LINESTRING (17.974948950763885 59.35810606827621, 17.97494496609567 59.358043908044415)",true
1896,680,3713774,Landsvägen,"LINESTRING (17.97494496609567 59.358043908044415, 17.97495682558941 59.35774884990002)",true
1897,681,3713344,Landsvägen,"LINESTRING (17.975010287059227 59.357508713159696, 17.97495682558941 59.35774884990002)",true
1898,682,3713345,Landsvägen,"LINESTRING (17.97503841124976 59.357391586869106, 17.975010287059227 59.357508713159696)",true
1899,683,3715674,Trädgårdsgatan,"LINESTRING (17.96747106300129 59.35848746842549, 17.96724558041373 59.35842832630167, 17.967150705688038 59.358393882289526, 17.96709646487564 59.35834658422069, 17.967002792627554 59.358301964010074, 17.966908636364515 59.35827005637699, 17.966729510227662 59.35822510802586, 17.96663411595118 59.358193307461256, 17.966587751031494 59.358172719415954, 17.966536576018072 59.358146648904494)",true
1900,684,3715702,Trädgårdsgatan,"LINESTRING (17.974967982708588 59.35738743111573, 17.974885710897187 59.357382346063346)",true
1901,685,3715703,Albygatan,"LINESTRING (17.97086500282734 59.35713351497698, 17.970688394555644 59.357992452079024)",true
1902,686,1088837,Cirkusgränd,"LINESTRING (17.975227672619713 59.35822231057316, 17.97513327162135 59.35820952212682)",true
1903,687,1088838,Cirkusgränd,"LINESTRING (17.97542907870093 59.358264187584375, 17.975341916090027 59.35823779100537, 17.975227672619713 59.35822231057316)",true
1904,688,1095075,Landsvägen,"LINESTRING (17.96342405721467 59.361073482373165, 17.963723181534945 59.36101239632862, 17.96382264606123 59.36100632431798)",true
1905,689,1062682,Bangatan,"LINESTRING (17.965437233055162 59.362681388578494, 17.965481319064153 59.36266778898168)",true
1906,690,1062681,Bangatan,"LINESTRING (17.965481319064153 59.36266778898168, 17.967863430426704 59.36193291317641, 17.96793949530651 59.36190982138512)",true
1907,691,1095078,Gjuteribacken,"LINESTRING (17.970685244334664 59.36066694950577, 17.970628878840028 59.36062039314356)",true
1908,709,3465251,Fabriksgränd,"LINESTRING (17.974366921064412 59.36105042297444, 17.974131137971415 59.36084556036777, 17.973678551834595 59.36047223255972)",true
1909,710,3465252,Fabriksgränd,"LINESTRING (17.974375827487766 59.361058161497404, 17.974366921064412 59.36105042297444)",true
1910,711,3465253,Fabriksgränd,"LINESTRING (17.97447180935685 59.36114155587716, 17.974375827487766 59.361058161497404)",true
1911,712,3830764,Järnvägsgatan,"LINESTRING (17.973678551834595 59.36047223255972, 17.973976901317613 59.360383514748726)",true
1912,713,3897574,,"LINESTRING (17.97527577923747 59.36089695150497, 17.975167872241016 59.360929297813875, 17.975088670355127 59.36096241480938, 17.97499191957662 59.360997180509095, 17.974853022173946 59.36103205454382, 17.97447180935685 59.36114155587716)",true
1913,714,3715663,Mariagatan,"LINESTRING (17.977324019994303 59.36261979173783, 17.97791522935539 59.36311502789385)",true
1914,715,3715664,Vintergatan,"LINESTRING (17.976074604359322 59.36302167139094, 17.976801372973867 59.3627865705413, 17.977324019994303 59.36261979173783)",true
1915,716,3715665,Mariagatan,"LINESTRING (17.97755075163915 59.36180103966907, 17.977510201226565 59.361814024403294, 17.976838309523316 59.362029179040796, 17.976780219185326 59.362047780533956, 17.976730345758533 59.36207180785687, 17.976713417026186 59.362109497983724, 17.976730300616172 59.36213811277802, 17.976748979203315 59.36215326602266, 17.976770365818496 59.36217061738278, 17.977324019994303 59.36261979173783)",true
1916,717,3715666,Vintergatan,"LINESTRING (17.977324019994303 59.36261979173783, 17.97784077549588 59.36245306989175, 17.97803795926857 59.36238945092752, 17.97831302248459 59.3623007045491, 17.978633926009508 59.362197166726354, 17.978938789850663 59.362098802213126, 17.979031427013854 59.362060694060276, 17.979098137624383 59.36201044356194, 17.97915489818427 59.36196768564459, 17.979184716817446 59.36189833852695, 17.97916984887591 59.36186603592601)",true
1917,718,3713751,Vintergatan,"LINESTRING (17.97916984887591 59.36186603592601, 17.97915311862902 59.36183800739358, 17.979050777306572 59.361818990735735, 17.978924054651507 59.36180757091957, 17.978845256691837 59.36180499586254, 17.977659431329332 59.36176623674573, 17.97755075163915 59.36180103966907)",true
1918,719,569482,Milstensvägen,"LINESTRING (17.95452262488136 59.382282287982086, 17.95452159675355 59.382033573571135, 17.95451807346521 59.38119458031249, 17.95450654129319 59.381006066591205, 17.954494991704046 59.38081755326142, 17.95444746797904 59.3805712493398)",true
1919,720,376108,Brännarvägen,"LINESTRING (17.948358321720765 59.38194792800246, 17.947807382602115 59.38163676976625)",true
1920,721,376109,Brännarvägen,"LINESTRING (17.948769075438168 59.38218732175895, 17.948358321720765 59.38194792800246)",true
1921,722,376110,Forskningsringen,"LINESTRING (17.948405774722428 59.38347352213542, 17.94825077503026 59.38327356979646, 17.948199407121887 59.38302186984673, 17.9482547281307 59.382681664061444, 17.948456111568923 59.38240677104694, 17.948769075438168 59.38218732175895)",true
1922,723,569483,Milstensvägen,"LINESTRING (17.954950700489405 59.38357529440981, 17.954845558527776 59.38331950442984, 17.954727354616104 59.38310140057769, 17.954667653103915 59.38299122100017, 17.954608630748613 59.382702719509794, 17.95456563592764 59.38249249907486, 17.95452262488136 59.382282287982086)",true
1923,724,376111,Forskningsringen,"LINESTRING (17.94917397650049 59.383948266622106, 17.948827564123054 59.38378233360698, 17.948628797688862 59.383662114440796, 17.948405774722428 59.38347352213542)",true
1924,725,738953,Forskningsringen,"LINESTRING (17.954652376407527 59.383610181010035, 17.954950700489405 59.38357529440981)",true
1925,726,569484,Milstensvägen,"LINESTRING (17.955260184803663 59.383955975085165, 17.954950700489405 59.38357529440981)",true
1926,727,738954,Forskningsringen,"LINESTRING (17.95323962516869 59.38376302136935, 17.953296910710172 59.3837446866136, 17.95339804618254 59.38372991438434, 17.95381111191142 59.383687417147435, 17.95417315049519 59.383650172316834, 17.954433380050247 59.3836234016417, 17.954588771563866 59.383617624938736, 17.954652376407527 59.383610181010035)",true
1927,728,738955,Backstugevägen,"LINESTRING (17.95401292401383 59.38483731228673, 17.953890726626202 59.384718618893906, 17.95380131689851 59.384631783305636, 17.953683580988713 59.384487837245935, 17.95359858608633 59.38438391824794, 17.9535249205931 59.384262229122605, 17.953370043233072 59.38400639657238, 17.95323962516869 59.38376302136935)",true
1928,729,738961,Forskningsringen,"LINESTRING (17.949912831259436 59.38412933053387, 17.949674622679012 59.38408976360088, 17.949452504325194 59.38403063849721, 17.94917397650049 59.383948266622106)",true
1929,730,738951,Ursviksvägen,"LINESTRING (17.955344740141488 59.38394315866099, 17.955611912063166 59.38390265064679, 17.95581301559859 59.38387852048617, 17.956049238053417 59.383869130358164, 17.95636318833466 59.38387895039274, 17.956672360320145 59.38390852114495, 17.956798155065975 59.38391195854746, 17.956921260394342 59.38389827583496, 17.95702135345013 59.383856189394855)",true
1930,731,738952,Ursviksvägen,"LINESTRING (17.955260184803663 59.383955975085165, 17.955344740141488 59.38394315866099)",true
1931,732,569485,Milstensvägen,"LINESTRING (17.955565229602264 59.384367101017624, 17.955260184803663 59.383955975085165)",true
1932,733,738962,Forskningsringen,"LINESTRING (17.951407869916828 59.384060389028114, 17.951201375751754 59.38409285639687, 17.950932626302563 59.38413170163276, 17.95072402532344 59.38414501315883, 17.950482725096087 59.38414343792756, 17.95034982610209 59.384142563389815, 17.950100313089436 59.38414093067436, 17.949912831259436 59.38412933053387)",true
1933,734,738934,Skattetorpsvägen,"LINESTRING (17.951569687980115 59.384742678805814, 17.951519724603166 59.38459371019947, 17.951476844943606 59.384465832760554, 17.951460007585037 59.38441562356825, 17.951449928618022 59.38438560535144, 17.951407869916828 59.384060389028114)",true
1934,735,738938,Gårdsstigen,"LINESTRING (17.949397417118224 59.38494389368153, 17.949912831259436 59.38412933053387)",true
1935,736,569486,Milstensvägen,"LINESTRING (17.9556116346471 59.384408480347034, 17.955565229602264 59.384367101017624)",true
1936,737,738963,Marieborgsgatan,"LINESTRING (17.955258872884766 59.38445989619134, 17.955565229602264 59.384367101017624)",true
1937,738,569487,Milstensvägen,"LINESTRING (17.95658411954106 59.38527557462615, 17.9556116346471 59.384408480347034)",true
1938,739,738964,Marieborgsgatan,"LINESTRING (17.95476199998938 59.384610408529134, 17.955258872884766 59.38445989619134)",true
1939,740,738965,Marieborgsgatan,"LINESTRING (17.954746869054524 59.38461499185424, 17.95476199998938 59.384610408529134)",true
1940,741,738935,Skattetorpsvägen,"LINESTRING (17.95127923553836 59.38485425322131, 17.951405033094687 59.384781343046726, 17.951569687980115 59.384742678805814)",true
1941,742,738937,Skattetorpsvägen,"LINESTRING (17.95127923553836 59.38485425322131, 17.95151042401944 59.38499001699951, 17.951740647512572 59.384991751321046, 17.951569687980115 59.384742678805814)",true
1942,743,738936,Skattetorpsvägen,"LINESTRING (17.950190518611695 59.385288951950244, 17.95127923553836 59.38485425322131)",true
1943,744,738957,Kronogårdsvägen,"LINESTRING (17.949397417118224 59.38494389368153, 17.949761094559086 59.38505741573881, 17.949949942049678 59.38515923009908, 17.950190518611695 59.385288951950244)",true
1944,745,738956,Kronogårdsvägen,"LINESTRING (17.950190518611695 59.385288951950244, 17.95056636526791 59.38558874265342, 17.95100925764013 59.3859322676816)",true
1945,746,569488,Milstensvägen,"LINESTRING (17.957194871968017 59.385820105982376, 17.95658411954106 59.38527557462615)",true
1946,747,586294,Marieborgsgatan,"LINESTRING (17.94932701987115 59.38654272820849, 17.94965481312539 59.38639279786869)",true
1947,748,590992,Naturstigen,"LINESTRING (17.94932701987115 59.38654272820849, 17.949409764354833 59.3865953107405)",true
1948,749,586295,Marieborgsgatan,"LINESTRING (17.949039154376173 59.38667439399383, 17.94932701987115 59.38654272820849)",true
1949,750,590991,Naturstigen,"LINESTRING (17.949409764354833 59.3865953107405, 17.94953651082417 59.38667585922638)",true
1950,751,586296,Solvändan,"LINESTRING (17.948889804595403 59.38699429790119, 17.949005286663017 59.387076773022784)",true
1951,752,738966,Marieborgsgatan,"LINESTRING (17.95401292401383 59.38483731228673, 17.954746869054524 59.38461499185424)",true
1952,753,738967,Marieborgsgatan,"LINESTRING (17.952331276770778 59.38545476392007, 17.952794025552016 59.385272268883526, 17.953409721947747 59.38504253762811, 17.95401292401383 59.38483731228673)",true
1953,754,738968,Marieborgsgatan,"LINESTRING (17.952195600266233 59.38550827355384, 17.952331276770778 59.38545476392007)",true
1954,755,738969,Marieborgsgatan,"LINESTRING (17.95100925764013 59.3859322676816, 17.951702148711913 59.38567928559335, 17.952195600266233 59.38550827355384)",true
1955,756,738970,Marieborgsgatan,"LINESTRING (17.949793549440788 59.38634562867916, 17.95100925764013 59.3859322676816)",true
1956,757,738971,Marieborgsgatan,"LINESTRING (17.94965481312539 59.38639279786869, 17.949793549440788 59.38634562867916)",true
1957,758,658594,Madenvägen,"LINESTRING (17.953562246176734 59.379049242711716, 17.95331614982929 59.3790237087881, 17.952999263298253 59.37899640818857, 17.952782144380517 59.37896447493433, 17.952575526171962 59.37891922908156, 17.952250681582097 59.378854069775564, 17.951952714667833 59.37880939089824, 17.951630499250275 59.37878557737281, 17.951347685474445 59.378776416605774, 17.951027467788247 59.37877921740387, 17.950332833956224 59.378886406161406)",true
1958,762,663736,Östra Madenvägen,"LINESTRING (17.953850325124826 59.37897579816533, 17.953920364347457 59.37890802135201, 17.954111148708794 59.37874440596565, 17.95427174498499 59.37866231122063, 17.954499920149065 59.37860721489826, 17.9547548582373 59.37859192104919, 17.95539392193015 59.378546532955305, 17.95770532836434 59.3783895003254, 17.95789153896437 59.37838764784111, 17.958089115914706 59.37840932281492, 17.9584230164426 59.378444536865175, 17.958722075623385 59.37845440086505, 17.959034675764258 59.378459194316164, 17.959385103942367 59.37847025412788, 17.959488860691334 59.37848454064957, 17.959750636798965 59.378654532513465, 17.95975877737709 59.37865660315609)",true
1959,764,658598,Madenvägen,"LINESTRING (17.954187753019855 59.37985319734731, 17.95416570339826 59.3798015969357, 17.954161311644768 59.379576115285396, 17.954038102903738 59.37929888056986, 17.953992280233162 59.379210464558895, 17.953904214905023 59.37915732268589)",true
1960,765,658601,,"LINESTRING (17.96015910807715 59.37883335101656, 17.959896799325254 59.379048264587695, 17.95983376685503 59.37907347231505, 17.959621558749923 59.37918054938431, 17.957112866944264 59.3793465294012, 17.954397045906276 59.379520183001404, 17.95427642766041 59.37911187584758, 17.95406089161064 59.37907771627579, 17.953979629745113 59.379076439470694)",true
1961,766,658599,Enköpingsvägen,"LINESTRING (17.95423629476916 59.37996676602742, 17.954187753019855 59.37985319734731)",true
1962,767,663735,Östra Madenvägen,"LINESTRING (17.95975877737709 59.37865660315609, 17.959879285156855 59.378687276746, 17.960203553494154 59.37869074217753)",true
1963,768,658602,,"LINESTRING (17.960203553494154 59.37869074217753, 17.96020121795443 59.37879885053583, 17.96015910807715 59.37883335101656)",true
1964,769,663734,Östra Madenvägen,"LINESTRING (17.960203553494154 59.37869074217753, 17.960289439713577 59.378691658480705)",true
1965,770,663733,Östra Madenvägen,"LINESTRING (17.960289439713577 59.378691658480705, 17.96066282740716 59.37869564283701, 17.96120649129669 59.37867853260496, 17.961582124931944 59.37865812052117, 17.961975956103252 59.37863253137472, 17.962261475774298 59.37864743946266, 17.96268747387874 59.378663935059464, 17.963184101549523 59.37864786749578, 17.963546003779825 59.378622684797755, 17.963966677854778 59.378593532030365)",true
1966,771,663732,Östra Madenvägen,"LINESTRING (17.963966677854778 59.378593532030365, 17.964203026453404 59.378577150608876, 17.964572773055043 59.37854259409415, 17.965429959756015 59.378487433722796, 17.966014221313532 59.378455119234296, 17.966550914278425 59.37842419906276)",true
1967,772,970787,,"LINESTRING (17.97099697264823 59.400670111099366, 17.971123550179993 59.400559252940354, 17.97131799602441 59.40039517049258, 17.971587687149263 59.40021179687997, 17.97167452150334 59.40008743922914, 17.97178902579515 59.39993839573149, 17.97177657363231 59.39980554416867, 17.97167056815402 59.39972518133803, 17.97156803553856 59.399681833149955)",true
1968,773,970788,,"LINESTRING (17.97018288813713 59.398992949491245, 17.970306795489652 59.399081613082195, 17.970455507374748 59.399160941366105, 17.970562518159248 59.399206362978354, 17.970652035606836 59.3992936798976, 17.97071369174147 59.39940350309678, 17.97072593185633 59.399534184943136, 17.97073817129531 59.399664857817264, 17.970782322094053 59.399724902409226, 17.970853327793808 59.39975154567715, 17.970971718975825 59.39978141373169, 17.971098272008234 59.39985254775617)",true
1969,774,713507,Granlidsvägen,"LINESTRING (17.955117740879963 59.36717252291844, 17.954805861255018 59.36709286186827, 17.954698966162645 59.366993115674674)",true
1970,775,713506,Örnstigen,"LINESTRING (17.957686648516354 59.369036471220575, 17.957732142429055 59.368812534901835, 17.95763530098171 59.36865252806283)",true
1971,778,970596,Tulegatan,"LINESTRING (17.96375098614075 59.3682505142017, 17.96391605170286 59.36837191662266)",true
1972,781,970593,Vattugatan,"LINESTRING (17.965500569740694 59.36580363392683, 17.96437449754724 59.366174363505934)",true
1973,783,1861385,Fredsgränd,"LINESTRING (17.96549647421061 59.36869130833325, 17.966035963523435 59.36849784987684, 17.966610812966405 59.368293475126336)",true
1974,784,1864588,Tulegatan,"LINESTRING (17.96375098614075 59.3682505142017, 17.964335858129925 59.36805779212509)",true
1975,785,1864589,Tulegatan,"LINESTRING (17.96268107408264 59.3686019787548, 17.963552181839894 59.36831601291919, 17.96375098614075 59.3682505142017)",true
1976,786,1864621,Starrbäcksgatan,"LINESTRING (17.963509781791412 59.367350478996535, 17.96403277114328 59.36781218058529, 17.96423320249365 59.36797571306185)",true
1977,788,1864650,Fredsgatan,"LINESTRING (17.965970487133934 59.36771860685732, 17.965899427092857 59.367709063329684, 17.965843583728663 59.367686485392305, 17.965804001901482 59.36765819977527, 17.965784211752187 59.367621690982595, 17.965780061301896 59.367587674858335)",true
1978,789,1864655,Fredsgatan,"LINESTRING (17.966063409922768 59.36751951187251, 17.96611802616774 59.36753993405978, 17.966153222679882 59.367557113932286, 17.9661814257827 59.36758230664471, 17.96619750749129 59.36761041706443, 17.96620291121385 59.36763842003453, 17.966203599118053 59.367659395499786)",true
1979,790,1864661,Tulegatan,"LINESTRING (17.965780061301896 59.367587674858335, 17.965849265799783 59.367556626323555, 17.965893817043508 59.36754203483661, 17.96595413309789 59.36753237730804, 17.966063409922768 59.36751951187251)",true
1980,791,1864681,Eliegatan,"LINESTRING (17.96494583074641 59.36688457277337, 17.963509781791412 59.367350478996535)",true
1981,792,1864705,Fredsgatan,"LINESTRING (17.96516506866961 59.3668163154872, 17.96494583074641 59.36688457277337)",true
1982,805,1864770,Fredsgatan,"LINESTRING (17.966203599118053 59.367659395499786, 17.966257596254756 59.367691872861414)",true
1983,806,1864826,Fredsgatan,"LINESTRING (17.96604007118958 59.367773733583014, 17.965970487133934 59.36771860685732)",true
1984,807,1864827,Fredsgatan,"LINESTRING (17.966610812966405 59.368293475126336, 17.96604007118958 59.367773733583014)",true
1985,809,1867142,Vattugatan,"LINESTRING (17.96249463247826 59.36675757206735, 17.963118806070106 59.36655467040802, 17.963558632995856 59.36640476886628, 17.963914230680363 59.36629432437248, 17.96416950669318 59.366230146532146)",true
1986,811,1867197,Fredsgatan,"LINESTRING (17.96437449754724 59.366174363505934, 17.96416950669318 59.366230146532146)",true
1987,814,1841425,Lötsjövägen,"LINESTRING (17.967391348064126 59.37474023632431, 17.967632796617423 59.37521236867427, 17.967951194053093 59.37575789803526, 17.968142483768172 59.37608597701211)",true
1988,815,1854008,Rissneleden,"LINESTRING (17.970737964432317 59.37579093903869, 17.971036518577993 59.37581435475655, 17.971129066033413 59.375809648547126, 17.971213259741212 59.37579037776577, 17.971271248950025 59.37576062454399, 17.97131073514185 59.375724886063715, 17.9713243303707 59.37568466065588, 17.971320891112786 59.37563571177736, 17.971294334961183 59.37559284311269, 17.971225840888742 59.37554462219225, 17.971133158060443 59.3754932503402)",true
1989,821,1962374,Ursviksvägen,"LINESTRING (17.966312542173785 59.37303542567381, 17.96618291203698 59.373032405205606, 17.966014686953557 59.373020309982856, 17.96582268830581 59.373003139246144, 17.965621227128935 59.372979030717346, 17.965442677726617 59.3729545624057, 17.965253338894822 59.37291965503493, 17.965093138376055 59.37288048125064, 17.964939129759106 59.37283821007188, 17.964719581582347 59.37277028289933, 17.96425524790277 59.37261356099968, 17.963811443380266 59.372469885548114, 17.963667265399774 59.372413317461856, 17.96349390703582 59.37233268340388, 17.963340239399205 59.37224222020356, 17.96318069648068 59.37214232938464, 17.963086268721913 59.37207133779405)",true
1990,822,1962375,Ursviksvägen,"LINESTRING (17.972010401357164 59.37444545958042, 17.97200924486635 59.374429634748125, 17.972008100510564 59.374294071980266, 17.972006800960504 59.374191733771895, 17.971994425759824 59.374100458163866, 17.97196813316578 59.373981346903584, 17.97191241526338 59.37386080378523, 17.971829685094516 59.373725959812184, 17.97170581882719 59.37358986101238, 17.97153493112891 59.3734436015815, 17.971368244212016 59.37333184205672, 17.971178269574324 59.37322317412843, 17.970999304940594 59.37313829238628, 17.970826255464928 59.37307210114004, 17.970644029916468 59.37301311883316, 17.970459816648184 59.372956365158494, 17.970264269035567 59.372906303429524, 17.970064881149238 59.372863661437634, 17.96985163643599 59.37282967379682, 17.9696270589692 59.372803204623466, 17.96944421696353 59.37278725937601, 17.969253444964064 59.37278150483606, 17.969083144783493 59.3727795071154, 17.96885206816444 59.37278663028343, 17.96853284905713 59.37281008390883, 17.968276815411716 59.372837471548586, 17.967720876724183 59.37291631098526, 17.96721436962933 59.37298376988155, 17.96691587673059 59.37301452952151, 17.96677457557712 59.373024619755846, 17.96658623333165 59.37303297679491, 17.96637254673356 59.37303682427548, 17.966312542173785 59.37303542567381)",true
1991,823,668612,Spinnerigatan,"LINESTRING (17.962726805882866 59.36158825131938, 17.962671383837534 59.361560675424315)",true
1992,824,668613,Spinnerigatan,"LINESTRING (17.963696264720888 59.36234192731744, 17.963010185384455 59.361774574785215, 17.962928373557347 59.36171184400389, 17.962822396414833 59.361635815252335, 17.962726805882866 59.36158825131938)",true
1993,826,717690,Esplanaden,"LINESTRING (17.964069013929116 59.36311024727745, 17.965213322177387 59.36275071367129, 17.96529734693585 59.36272469897286)",true
1994,827,1869034,Vegagatan,"LINESTRING (17.96438113192358 59.36511281914975, 17.964760781899436 59.36499225861762, 17.965305075836334 59.36482138246538, 17.966057644594116 59.36457749820912, 17.96696382604913 59.36429471700817, 17.967070845593696 59.36426198013913, 17.9671318033525 59.364235961951934, 17.967164948948394 59.364209552519995, 17.967171911733136 59.36419737082628)",true
1995,828,717689,Esplanaden,"LINESTRING (17.96529734693585 59.36272469897286, 17.965437233055162 59.362681388578494)",true
1996,829,545283,Landsvägen,"LINESTRING (17.965331462364592 59.36132178835371, 17.965443035912312 59.36135097893883, 17.96559719038566 59.36138644314925, 17.965781894367947 59.3614228294426, 17.96595977598114 59.361449818701, 17.96616426791488 59.361473739933984)",true
1997,830,1868937,Esplanaden,"LINESTRING (17.96593769371792 59.363114333813805, 17.965667847132263 59.3628901490182)",true
1998,831,1868938,Esplanaden,"LINESTRING (17.965946889300827 59.363121972856725, 17.96593769371792 59.363114333813805)",true
1999,832,1868939,Esplanaden,"LINESTRING (17.96663192167961 59.36368557687696, 17.96616435322889 59.363302635324146, 17.965946889300827 59.363121972856725)",true
2000,833,545282,Landsvägen,"LINESTRING (17.96616426791488 59.361473739933984, 17.966472717625376 59.36149162833283, 17.966593968773925 59.361493756691004, 17.966855086078112 59.361489259338825, 17.967276776798446 59.36145847899287, 17.967488064794175 59.361440099387096)",true
2001,834,1869033,Esplanaden,"LINESTRING (17.967171911733136 59.36419737082628, 17.967183823067995 59.36417654882201, 17.967183181494725 59.3641476466988, 17.96716317730975 59.364116336850984, 17.966978022533887 59.3639659670249, 17.96663192167961 59.36368557687696)",true
2002,835,1868936,Sturegatan,"LINESTRING (17.96818933189146 59.36318089852149, 17.96663192167961 59.36368557687696)",true
2003,837,1869035,Vegagatan,"LINESTRING (17.964366200627072 59.36511756005675, 17.96438113192358 59.36511281914975)",true
2004,838,1869036,Vegagatan,"LINESTRING (17.96350839805596 59.365389954431656, 17.964366200627072 59.36511756005675)",true
2005,839,1869037,Sturegatan,"LINESTRING (17.964649783793647 59.36436159950646, 17.964650807070687 59.36435134126497, 17.964676046190856 59.36432669386647, 17.964726046986392 59.36430520337151, 17.965135034747107 59.3641672208643, 17.965952053216615 59.36391225576447, 17.96663192167961 59.36368557687696)",true
2006,840,1869038,Skolgatan,"LINESTRING (17.96488958775912 59.364596041682645, 17.964691865419578 59.36443168497569, 17.964660461162886 59.364406277253714, 17.96464813265558 59.36437837783729, 17.964649783793647 59.36436159950646)",true
2007,845,1873412,Humblegatan,"LINESTRING (17.96588511117999 59.36075641128909, 17.966255083009678 59.36047452210191, 17.966617344983597 59.3601886647544, 17.967398846761924 59.35957871715929, 17.96746614488066 59.3595264501535)",true
2008,846,1873718,Hamngatan,"LINESTRING (17.96404247830311 59.35850906962199, 17.963934209148295 59.35861243508347, 17.963700071516403 59.35885268806367, 17.96344315064977 59.359122743779274, 17.96282633390893 59.35978273946437, 17.962101673741234 59.360506574818416)",true
2009,847,1875966,Brunnsgatan,"LINESTRING (17.968047002490543 59.363066919290894, 17.96818933189146 59.36318089852149)",true
2010,848,1875967,Brunnsgatan,"LINESTRING (17.96738536987749 59.36253705938887, 17.968047002490543 59.363066919290894)",true
2011,849,1876156,Esplanaden,"LINESTRING (17.965437233055162 59.362681388578494, 17.964756458393893 59.36213332374558)",true
2012,850,1876157,Järnvägsgatan,"LINESTRING (17.96576213660987 59.362857489881954, 17.966162939256503 59.36271866297443, 17.966928894815904 59.362485754503496, 17.96794042567732 59.36216098410106, 17.96881401217206 59.361878949027165)",true
2013,851,1876158,Järnvägsgatan,"LINESTRING (17.965725332227198 59.362870238246465, 17.96576213660987 59.362857489881954)",true
2014,852,1876159,Järnvägsgatan,"LINESTRING (17.965667847132263 59.3628901490182, 17.965725332227198 59.362870238246465)",true
2015,853,1877437,Esplanaden,"LINESTRING (17.964699297594095 59.362074786792355, 17.963922107234122 59.36145104008755, 17.963703873093774 59.361269401457044, 17.963616068658677 59.36120093058811)",true
2016,854,1877438,Esplanaden,"LINESTRING (17.964756458393893 59.36213332374558, 17.964699297594095 59.362074786792355)",true
2017,855,663731,Östra Madenvägen,"LINESTRING (17.966550914278425 59.37842419906276, 17.966887821037545 59.37840685438005)",true
2018,856,663730,Östra Madenvägen,"LINESTRING (17.966887821037545 59.37840685438005, 17.966969261071295 59.378400103626156, 17.967192436273017 59.3783801166589)",true
2019,857,1853960,Rissneleden,"LINESTRING (17.96944061617363 59.37666234407682, 17.969532877545586 59.37689448767206)",true
2020,858,1853971,Lötsjövägen,"LINESTRING (17.968142483768172 59.37608597701211, 17.96820856263764 59.37620146920438, 17.96853932869321 59.37679337064267)",true
2021,859,1854000,Skolgången,"LINESTRING (17.966461556287157 59.376330339422154, 17.968142483768172 59.37608597701211)",true
2022,860,484350,Hamngatan,"LINESTRING (17.964671715468846 59.3586511653261, 17.96457514355186 59.3585761551647, 17.964546212899027 59.35855885941607, 17.964501481149224 59.35853797828763, 17.964471614132258 59.358526086394455, 17.96443251922307 59.35851332609746, 17.96412815541121 59.35843059674488)",true
2023,861,970605,,"LINESTRING (17.967514522881395 59.39347954811712, 17.96747795463973 59.393530549459726, 17.967201367874146 59.39375801312757, 17.96702525298677 59.393919363382324)",true
2024,862,970606,,"LINESTRING (17.967616137251984 59.39333782931415, 17.967514522881395 59.39347954811712)",true
2025,863,656454,Odlingsgatan,"LINESTRING (17.970647762437533 59.37749621527916, 17.97068043414491 59.37749264919601, 17.970722359006942 59.37748997751585, 17.970805224537788 59.37748566296744)",true
2026,864,656455,Odlingsgatan,"LINESTRING (17.969268594910712 59.37769457585487, 17.970647762437533 59.37749621527916)",true
2027,865,487624,Odlingsgatan,"LINESTRING (17.966887821037545 59.37840685438005, 17.966859600923524 59.37833100848727, 17.966767606463886 59.37816542484312, 17.96675369955714 59.37811269745968, 17.96676770478617 59.37807850183759, 17.966865472998258 59.37805144879037, 17.967086122798296 59.37801730372259, 17.968340236004806 59.37782808627253, 17.969268594910712 59.37769457585487)",true
2028,866,662707,Östra Madenvägen,"LINESTRING (17.967192436273017 59.3783801166589, 17.967811270428726 59.37832390437325)",true
2029,867,1867222,Tornstigen,"LINESTRING (17.967494791704784 59.366119928324046, 17.96744402303238 59.36611813682702, 17.967381864351896 59.36612400004907, 17.96704854636568 59.3662136657772, 17.96595984741895 59.36658132980114)",true
2030,870,1867223,Lekplatsvägen,"LINESTRING (17.967627719521772 59.36615375306943, 17.967573510778397 59.3661311296859, 17.967494791704784 59.366119928324046)",true
2031,871,1867224,Lekplatsvägen,"LINESTRING (17.96829386025105 59.36673355172136, 17.968252727975397 59.36669619939032, 17.967670877262652 59.366187707709265, 17.967627719521772 59.36615375306943)",true
2032,872,1864771,Rensgatan,"LINESTRING (17.967910425148606 59.36706762809603, 17.967962944513665 59.36711138880016)",true
2033,874,1867225,Lekplatsvägen,"LINESTRING (17.968349240581514 59.3667838607634, 17.96829386025105 59.36673355172136)",true
2034,875,970594,Tulegatan,"LINESTRING (17.968466328147546 59.366889384782816, 17.968349240581514 59.3667838607634)",true
2035,879,970595,Tulegatan,"LINESTRING (17.970526269586678 59.366052040614804, 17.970696571017406 59.36616874149744)",true
2036,880,970875,Tulegatan,"LINESTRING (17.970526269586678 59.366052040614804, 17.972316465975815 59.36546078403521)",true
2037,881,1864756,Rensgatan,"LINESTRING (17.973286517952655 59.36720710278929, 17.973203712898922 59.367202369063364, 17.973025601505455 59.36719830860193, 17.972886616627346 59.36719635677786, 17.97270723083949 59.3671980490003, 17.972214789333293 59.36721655806243, 17.971857779387022 59.36724007369038)",true
2038,882,970874,Tulegatan,"LINESTRING (17.972316465975815 59.36546078403521, 17.973048090097695 59.36521914270296)",true
2039,886,1867601,Bergsgatan,"LINESTRING (17.97047335582109 59.36600721158975, 17.970526269586678 59.366052040614804)",true
2040,887,1867602,Bergsgatan,"LINESTRING (17.969807676346278 59.36544321945543, 17.97047335582109 59.36600721158975)",true
2041,889,1841360,Örsvängen,"LINESTRING (17.978159413658943 59.37535867677247, 17.978172760929784 59.37535473791825, 17.978410324188197 59.37530394919101, 17.978949054543474 59.375195372604175)",true
2042,890,1841361,Örsvängen,"LINESTRING (17.978144185055445 59.375363169907054, 17.978159413658943 59.37535867677247)",true
2043,891,1841362,Örsvängen,"LINESTRING (17.977881666197476 59.375449297602124, 17.97789271661667 59.375444588131984, 17.978021779680745 59.37539928893726, 17.978144185055445 59.375363169907054)",true
2044,892,1841363,Örsvängen,"LINESTRING (17.976057726064834 59.376528864030995, 17.976928669698022 59.37599779398457, 17.97749649100127 59.37565274973557, 17.97767427897373 59.37554761472879, 17.97777357866993 59.375495438449775, 17.977881666197476 59.375449297602124)",true
2045,893,1841503,Spelmanshöjden,"LINESTRING (17.97426872376609 59.3746752306541, 17.974242748555497 59.37463239421651)",true
2046,894,1841612,Örsvängen,"LINESTRING (17.974387402387176 59.37464483708761, 17.97426872376609 59.3746752306541)",true
2047,895,1853933,Mamsellstigen,"LINESTRING (17.974221000522242 59.37711249980338, 17.974127221739565 59.37681939706406, 17.97409625734967 59.376711795877306, 17.97408414646462 59.376651551825816, 17.974085323862994 59.37659082489628, 17.974095551742085 59.37653893135021, 17.974123486115015 59.37648814348084, 17.974152847686206 59.376452841773336, 17.97419586838929 59.37641405638743, 17.9750192276889 59.375924845395)",true
2048,896,1854030,Rissneleden,"LINESTRING (17.972067885388334 59.37652986646953, 17.97176847045028 59.37655764754981, 17.97162385754558 59.37656586838923, 17.97144046067643 59.37656817074861, 17.971185384101354 59.376566957632576, 17.970885607546343 59.37655580885843)",true
2049,897,1854031,,"LINESTRING (17.97213880142963 59.37652124063668, 17.972067885388334 59.37652986646953)",true
2050,898,1854032,Örsvängen,"LINESTRING (17.970668504450856 59.37646291749204, 17.97068504747841 59.37631772320959, 17.97070191087473 59.376108380025244, 17.970737964432317 59.37579093903869)",true
2051,899,1961934,Örsvängen,"LINESTRING (17.97293139008292 59.37494804269018, 17.9726077390414 59.37500130564769, 17.97177036882119 59.375147962181295, 17.97161176801338 59.37518118634917, 17.971504088180694 59.37520953840498, 17.971403437957235 59.37523914092857, 17.97127579814986 59.37528167826726, 17.9711410621947 59.375339311837116, 17.97102940636118 59.37539930372785, 17.970958458797888 59.375453218821455, 17.97089466645043 59.37551082577205, 17.970841058262796 59.37556910817555, 17.970804315160706 59.37562412172794, 17.9707801217129 59.37569255282443, 17.970737964432317 59.37579093903869)",true
2052,900,1961935,Örsvängen,"LINESTRING (17.97426872376609 59.3746752306541, 17.974119249960538 59.37471811627229, 17.973897423920263 59.37477329169298, 17.973673049441373 59.3748216955395, 17.973342062130055 59.374880456374285, 17.97293139008292 59.37494804269018)",true
2053,901,1841502,Spelmanshöjden,"LINESTRING (17.974242748555497 59.37463239421651, 17.9742101674645 59.374578673748026, 17.974197298232497 59.37454212497886, 17.97419006714328 59.37449214836594, 17.974180188307635 59.374049366461236)",true
2054,902,1841613,Örsvängen,"LINESTRING (17.976214659120245 59.373421271312715, 17.975968676037613 59.37370632361011, 17.975726135511763 59.37400438033817, 17.975674688707585 59.37406289412372, 17.97559996681359 59.3741427416678, 17.975518498590613 59.37420770066745, 17.975416605897998 59.3742702682729, 17.975310450964123 59.37432418974301, 17.975194819793742 59.37437989095837, 17.975074165762713 59.3744321302906, 17.974925210345983 59.374483721407984, 17.974756625523586 59.37453697339726, 17.97460710601947 59.37458856802294, 17.974387402387176 59.37464483708761)",true
2055,903,1841632,Örsvängen,"LINESTRING (17.976417178561004 59.37324825040885, 17.976287329072775 59.37333411970124, 17.976214659120245 59.373421271312715)",true
2056,904,1841662,Örsvängen,"LINESTRING (17.97712401624536 59.3730611151156, 17.976946926042075 59.37332930187039, 17.976910456804408 59.37336199894614, 17.976870184469007 59.37338385593298, 17.976810272800883 59.37339921525114, 17.976743169049524 59.373410066078996, 17.97665164698963 59.37341393524857, 17.976214659120245 59.373421271312715)",true
2057,905,1841691,Örsvängen,"LINESTRING (17.976417178561004 59.37324825040885, 17.976404623214616 59.37315424742107, 17.97645783825065 59.37307339426865)",true
2058,906,1841750,Örsvängen,"LINESTRING (17.97712401624536 59.3730611151156, 17.976852190698196 59.373100732832036, 17.976766023904965 59.373114058831376, 17.976680929268575 59.37313579810614, 17.97660080424541 59.373161000255436, 17.976523718022996 59.37319214457188, 17.976417178561004 59.37324825040885)",true
2059,907,1841690,Örsvängen,"LINESTRING (17.97645783825065 59.37307339426865, 17.97646343804368 59.37306488430112)",true
2060,908,1841689,Örsvängen,"LINESTRING (17.97646343804368 59.37306488430112, 17.97646526853871 59.37306210448208, 17.976504788653298 59.37301821324922, 17.976553987140957 59.37298449775714, 17.976626087923293 59.37295915537069, 17.976715286215196 59.372943055457824, 17.97680189332395 59.3729373664831, 17.976882783181814 59.372943184242835, 17.976953634903538 59.37295922358968, 17.97701988702412 59.3729878674181, 17.97712401624536 59.3730611151156)",true
2061,909,1841745,Örsvängen,"LINESTRING (17.97769988227034 59.373119130526725, 17.97742904713119 59.37308631793425, 17.977325692532826 59.37307050003748, 17.977218491926216 59.37306182388207, 17.97712401624536 59.3730611151156)",true
2062,910,1841819,Ringleken,"LINESTRING (17.977492910229927 59.373824727461404, 17.977840237080336 59.37341504907348, 17.97802600001643 59.37315788634462)",true
2063,911,1861075,Dimslöjan,"LINESTRING (17.975564356306872 59.37038204204274, 17.975229339264484 59.37041719542743, 17.97503914697195 59.37043922088598, 17.9749335501528 59.37045718567849, 17.97483533827607 59.370474236007105, 17.974729106236826 59.370490579684066, 17.97462518818158 59.37050118235645, 17.97452822653804 59.37050296373925, 17.97445684650839 59.370495894214, 17.974361088634595 59.37047343085755, 17.974285260992858 59.37044493238423, 17.974219615920717 59.37040866231084, 17.97415979420333 59.37036249160211, 17.974125699596335 59.3703183757236, 17.974096303357694 59.37027282271428, 17.974071988415513 59.37021412412923, 17.974018051523153 59.37001623505138)",true
2064,912,1861155,Friluftsvägen,"LINESTRING (17.97340981881755 59.369960074793276, 17.973630622290365 59.369995294760564, 17.97372856598231 59.3700095674881, 17.97384949704944 59.37001612692476, 17.974018051523153 59.37001623505138)",true
2065,913,1861160,Vackra vägen,"LINESTRING (17.973284382171254 59.369573530002604, 17.973274147102064 59.36983121993634, 17.973275461424773 59.36986251497801, 17.973286470103442 59.36989473908552, 17.973315918775217 59.36992341544791, 17.973362116714394 59.36994692920622, 17.97340981881755 59.369960074793276)",true
2066,914,1861187,Dalgången,"LINESTRING (17.973142288079263 59.36957900872458, 17.973284382171254 59.369573530002604)",true
2067,915,1861204,Vackra vägen,"LINESTRING (17.97300512299972 59.37042779603556, 17.973104516255027 59.37037697791358, 17.973184104146643 59.37032538039445, 17.973248217649054 59.37027320126106, 17.973297535426177 59.3702147189783, 17.973332309427047 59.37015401642364, 17.97337296069312 59.37005728990339, 17.97340981881755 59.369960074793276)",true
2068,916,1861205,Vackra vägen,"LINESTRING (17.97287178053544 59.370481589930506, 17.97300512299972 59.37042779603556)",true
2069,917,1861258,Friluftsvägen,"LINESTRING (17.974018051523153 59.37001623505138, 17.97453806066903 59.36995261018767, 17.975425148329204 59.36986396235036, 17.975565426406057 59.36984598719446, 17.9756295937807 59.369830836727765, 17.9756885046453 59.369808141207535, 17.975729946044634 59.36977836816341, 17.97574351631935 59.369746580540586, 17.97574308691597 59.36971255152737, 17.97547524987911 59.36891579739768)",true
2070,918,1861283,Vackra vägen,"LINESTRING (17.973299882271302 59.36906392462546, 17.973284382171254 59.369573530002604)",true
2071,919,1861312,Ateljevägen,"LINESTRING (17.97674942645193 59.36946823086883, 17.977031790578664 59.369453757574334, 17.97716970171703 59.36944997862313, 17.977301147080027 59.36944494540516, 17.97742118672414 59.36943653327628, 17.977536648141406 59.369422492572326, 17.977642851054128 59.36940586863485, 17.97775192882732 59.369383481828244, 17.977862438154013 59.36935834846002, 17.97799312193405 59.36932255499177, 17.978127426690047 59.369294325715494, 17.978250238081664 59.36926954893184, 17.978378964310647 59.36924576910673, 17.978516966863758 59.36922538055052, 17.97864146313475 59.36921118630699, 17.978760514215484 59.36920416138532, 17.97887853460628 59.369197429488786, 17.978975885514156 59.369184475333974, 17.979050695988608 59.36915962664891, 17.979116755279346 59.36912292774518, 17.979199554858926 59.369071549495594)",true
2072,920,1861322,Bergdalen,"LINESTRING (17.97547524987911 59.36891579739768, 17.97484262306729 59.36897789002899, 17.973299882271302 59.36906392462546)",true
2073,921,1861328,Bergdalen,"LINESTRING (17.97547524987911 59.36891579739768, 17.975944206928887 59.368837175275715, 17.976482576154023 59.368742229383244, 17.97715749235832 59.36862038554045, 17.977952614624833 59.3684931229684, 17.97832247555764 59.36843455736238, 17.978442863163576 59.36841389738963, 17.97852862120553 59.36839404662623, 17.978603449954424 59.36837002446665, 17.978653654314876 59.368344462281776, 17.97869590059969 59.368319297606455)",true
2074,922,569530,,"LINESTRING (17.976756571583792 59.381725732124615, 17.976827074740736 59.38173497738834, 17.9768989325717 59.38174099268369, 17.97697152513509 59.38174373824815, 17.977044339524802 59.381743189848294, 17.97710480753664 59.38173882574246, 17.977187439728162 59.38172973208023, 17.977326058673576 59.38170855871032, 17.977771662262573 59.381618748310366, 17.978005301157857 59.381550833556915, 17.978074795172937 59.381445413424636)",true
2075,923,569531,,"LINESTRING (17.97673664171317 59.38200111235515, 17.9767125305661 59.381913366900434, 17.976714101228875 59.381835090359964, 17.9767291030327 59.381781631879655, 17.976756571583792 59.381725732124615)",true
2076,924,569532,Brogatan,"LINESTRING (17.97636763247452 59.38204197632857, 17.976613901844274 59.38201358357675, 17.97673664171317 59.38200111235515)",true
2077,925,569533,Brogatan,"LINESTRING (17.9749961904597 59.382207060680955, 17.975068455975578 59.38219099821252, 17.97538518347735 59.38215483564556, 17.97566063938449 59.38212524846351, 17.976147879900125 59.38206908036872, 17.97636763247452 59.38204197632857)",true
2078,926,794334,Vinthundsgatan,"LINESTRING (17.978550860096405 59.38202182435305, 17.978416420194264 59.38222708872643, 17.978289125916167 59.38243732966713, 17.978247983682614 59.38250999541066, 17.97821190493549 59.38258336319457, 17.978169946772855 59.3826870760528, 17.978138075602228 59.38279173564187, 17.97811612044946 59.38289860390973, 17.978105624382295 59.38299977391853, 17.9781054167249 59.383081101561274, 17.978112529352508 59.38316235185268, 17.97812216171715 59.38324140592996, 17.97814007022576 59.383319030899536, 17.9781661096258 59.383388553511736, 17.97819719059532 59.38346474535393, 17.978240104100344 59.383549724745, 17.97828143239751 59.383628279433196)",true
2079,927,569534,Boplatsvägen,"LINESTRING (17.975008776918255 59.382275497978476, 17.9749961904597 59.382207060680955)",true
2080,928,569535,Boplatsvägen,"LINESTRING (17.975176161329557 59.38270355188538, 17.975045631566456 59.38240056805511, 17.975008776918255 59.382275497978476)",true
2081,929,569536,Brukshundsvägen,"LINESTRING (17.975196709081477 59.382751292583215, 17.975176161329557 59.38270355188538)",true
2082,930,569537,Brukshundsvägen,"LINESTRING (17.974976686275575 59.38384002701505, 17.975048655346978 59.38373274608334, 17.975143344370395 59.38363128174847, 17.97522118319884 59.38352808116968, 17.975270299893474 59.38344121645399, 17.975312750059892 59.38332251388637, 17.975340701138595 59.38317323951574, 17.975326787053792 59.38309710462721, 17.975312873036597 59.383020969735924, 17.975273576545916 59.38292974259498, 17.975196709081477 59.382751292583215)",true
2083,932,794333,Vinthundsgatan,"LINESTRING (17.97828143239751 59.383628279433196, 17.978329458693633 59.383719531021946)",true
2084,934,794332,Vinthundsgatan,"LINESTRING (17.978329458693633 59.383719531021946, 17.978346539438146 59.383751993492254, 17.97837644710664 59.3838398938447, 17.97839095316952 59.383902823600835, 17.978412009016132 59.384019708173525, 17.9784405716203 59.38426325802537, 17.978446165706433 59.38432699342132, 17.978446107038796 59.38435983842983, 17.978440141193627 59.384392207337115, 17.97842722185001 59.38442923705296, 17.978412317660844 59.38446030949008, 17.978397150548016 59.384488386622, 17.97837611294374 59.38451660684029, 17.9783505492032 59.38454342979194, 17.978320590764273 59.38457035312622, 17.978287367639656 59.38459359489821, 17.978246797377302 59.38461701347375, 17.978207523691136 59.384638146944646, 17.978163754802058 59.38465863724728, 17.97811679049201 59.38467623515754, 17.978064536018184 59.38469075488332)",true
2085,935,738939,Brukshundsvägen,"LINESTRING (17.974524786734467 59.384163452625394, 17.97453338013349 59.38409892622612, 17.974867844367456 59.38388232719754, 17.974976686275575 59.38384002701505)",true
2086,936,569538,Stövarvägen,"LINESTRING (17.9751903419726 59.38426035756439, 17.975185859431488 59.38418451964714, 17.975044912427748 59.383886742720755, 17.974976686275575 59.38384002701505)",true
2087,937,569489,,"LINESTRING (17.974524786734467 59.384163452625394, 17.97435411149358 59.38416687903813, 17.97425323249966 59.384153751467004)",true
2088,938,569490,Stövarvägen,"LINESTRING (17.9751903419726 59.38426035756439, 17.97461243317551 59.384184160498016, 17.974524786734467 59.384163452625394)",true
2089,939,569539,Stövarvägen,"LINESTRING (17.977338834194192 59.385616536090154, 17.977282054622197 59.385612225408494, 17.977120568394326 59.385483163352205, 17.977012841369998 59.38539705757006, 17.976854507250252 59.38531092998993, 17.97661019640716 59.38521011411077, 17.976476627442622 59.38514705375678, 17.976256095995325 59.38499962344471, 17.976035565685624 59.384852183773525, 17.9757799928759 59.3846813264293, 17.975264756050876 59.38433685515774, 17.9751903419726 59.38426035756439)",true
2090,940,569541,Fågelhundsvägen,"LINESTRING (17.97851918341154 59.385294739249225, 17.978115902154734 59.3854151254951)",true
2091,941,569540,Fågelhundsvägen,"LINESTRING (17.978115902154734 59.3854151254951, 17.977420457050307 59.385622732601384, 17.977338834194192 59.385616536090154)",true
2092,943,888624,Brogatan,"LINESTRING (17.978933771496166 59.38208238453195, 17.97939186946555 59.38216979181061)",true
2093,944,916412,Fridensborgsvägen,"LINESTRING (17.979466820613993 59.382047523314206, 17.97939186946555 59.38216979181061)",true
2094,945,1868933,Tallgatan,"LINESTRING (17.976691990360422 59.363542937895836, 17.976074604359322 59.36302167139094)",true
2095,946,1868932,Götgatan,"LINESTRING (17.97791522935539 59.36311502789385, 17.976691990360422 59.363542937895836)",true
2096,947,1868966,Mariagatan,"LINESTRING (17.977741778691374 59.363656181542474, 17.97807027307907 59.363404895229905, 17.97808818713306 59.36336508238182, 17.978086441847815 59.36331767631104, 17.97806655081124 59.363279536066, 17.97791522935539 59.36311502789385)",true
2097,948,1876286,Prästgårdsgatan,"LINESTRING (17.977130284611434 59.361409271665124, 17.977096710429578 59.36145698135862, 17.97705790912663 59.361487027205996, 17.97699791191202 59.361519848643994, 17.97689573548913 59.36156205338215, 17.9766548811105 59.36163367358458, 17.975753988045664 59.3619134563844, 17.975003423296563 59.36212574026665)",true
2098,949,1876168,Götgatan,"LINESTRING (17.979990300310106 59.361602414590465, 17.980159712176714 59.36160413898153, 17.980225208268628 59.36160994685426, 17.98028606403727 59.36162726402682, 17.98032315668625 59.36164959063639, 17.98034048839887 59.3616804116009, 17.98033175319381 59.361713257450525, 17.980234518818502 59.361793290673766, 17.97961553298347 59.362223575911706, 17.978879986908858 59.362750812103656, 17.978790672864186 59.36281163979293, 17.97871698058653 59.36284767749552, 17.978631831362875 59.36287952894334, 17.97791522935539 59.36311502789385)",true
2099,950,1841640,Örsvängen,"LINESTRING (17.980785112525133 59.37367185738819, 17.980792297169987 59.37364539114709, 17.98079908308542 59.373580492018085, 17.980784503187092 59.373515110972825, 17.980738250258995 59.37342871710627, 17.980659871458304 59.37335806439799, 17.98056360697978 59.37330049083354, 17.980443731677255 59.37324954954146, 17.980339423700425 59.373217679897486, 17.98022096931406 59.37319094109415, 17.980091854848055 59.37317254225564, 17.979918289373476 59.37316026349654, 17.97967765297182 59.37315939324884, 17.97906934840037 59.37319227511544, 17.978819879003794 59.373204320293084, 17.978681905657478 59.373207563029304, 17.97855115286162 59.373206605931635, 17.978422346997668 59.373202351297735, 17.978281253982217 59.37318930144507, 17.97802600001643 59.37315788634462)",true
2100,951,1841558,Kavaljersbacken,"LINESTRING (17.978949054543474 59.375195372604175, 17.978881754475346 59.37507799922855, 17.978747126512772 59.37487863976124, 17.97869015031633 59.37477335015467, 17.978674971162146 59.37472457970802, 17.97867018088711 59.37468001992704, 17.978679810068023 59.37463603824227, 17.978701312335634 59.3745943192951, 17.979442147691774 59.37361906208338)",true
2101,952,1841641,Örsvängen,"LINESTRING (17.978949054543474 59.375195372604175, 17.97922038058121 59.375138059793635, 17.97932448674657 59.37510377132449, 17.979445256655307 59.37505369995472, 17.979548471963206 59.375004452049154, 17.979649683633873 59.37494842950395, 17.97975448879796 59.37488119111621, 17.97983515924012 59.37482085741601, 17.97992226852064 59.374743006589206, 17.98026651596713 59.3743799122572, 17.98048284951203 59.37414378400344, 17.980630061073587 59.373965344292294, 17.980727714166033 59.373814096944365, 17.980776555652422 59.373703351209464, 17.980785112525133 59.37367185738819)",true
2102,953,1841776,Logdansvägen,"LINESTRING (17.977729979984552 59.373077440036546, 17.97769988227034 59.373119130526725)",true
2103,954,1841777,Logdansvägen,"LINESTRING (17.978257766147046 59.37236778387592, 17.97790187103221 59.37283939298336, 17.977729979984552 59.373077440036546)",true
2104,955,1841824,Örsvängen,"LINESTRING (17.97802600001643 59.37315788634462, 17.97769988227034 59.373119130526725)",true
2105,956,888623,Fridensborgsvägen,"LINESTRING (17.97939186946555 59.38216979181061, 17.97947017596023 59.38217902807683)",true
2106,957,888625,Brotorpsvägen,"LINESTRING (17.97939186946555 59.38216979181061, 17.979366201851402 59.38222870624918, 17.979358965273473 59.38225922619789, 17.979355203825616 59.38230104295942, 17.979355937880666 59.38236638108187)",true
2107,958,610511,Dammtorps allé,"LINESTRING (17.979762191592528 59.383450769249, 17.97973504627777 59.38345514577371, 17.979559358925744 59.383478076331386)",true
2108,959,610528,Dammtorps allé,"LINESTRING (17.97958422731495 59.38356271289366, 17.979748947750373 59.38354827307928, 17.979793265193187 59.38354609204533)",true
2109,960,749468,Gunnarbovägen,"LINESTRING (17.980210272990465 59.384886971238735, 17.98003366131582 59.38483106265661)",true
2110,961,1861308,Ateljevägen,"LINESTRING (17.979199554858926 59.369071549495594, 17.97925605464079 59.36911532275146, 17.979326646940546 59.36915396636866, 17.97942073008267 59.36919306144945, 17.97953514492342 59.36922449393591, 17.97967325301111 59.36925065807204, 17.979802602583252 59.36926388479745, 17.97997001600168 59.36927189195605, 17.9801482205073 59.36927266108508, 17.980307887616153 59.36926662910351, 17.980424073949834 59.369265077721245)",true
2111,962,1861309,Ravinstigen,"LINESTRING (17.980123994029523 59.368760124639685, 17.980424073949834 59.369265077721245)",true
2112,963,1861313,Skogsbacken,"LINESTRING (17.97869590059969 59.368319297606455, 17.978804242431554 59.36841861472416, 17.978853427961425 59.368483187087826, 17.978901219357795 59.36855976061431, 17.979007364561618 59.368729344183215, 17.97914231223905 59.36899703420638, 17.979199554858926 59.369071549495594)",true
2113,964,1861411,Ateljevägen,"LINESTRING (17.980424073949834 59.369265077721245, 17.980500428244284 59.369257625689464, 17.980872723948888 59.369212907529814, 17.981043186127053 59.36919146841304, 17.981169519425702 59.36917234134777, 17.981306969175108 59.36915169287071, 17.981448014941176 59.369137512772966, 17.981577922696726 59.36914325761962)",true
2114,965,1864680,Rensgatan,"LINESTRING (17.971857779387022 59.36724007369038, 17.971648907204774 59.36725747924116)",true
2115,966,1864614,Furuvägen,"LINESTRING (17.971857779387022 59.36724007369038, 17.971912447075063 59.36746823843808, 17.971922269930218 59.367579871534986, 17.971915496308306 59.36768150428306, 17.971885033861078 59.36778704688918, 17.971846359211984 59.36786332978064, 17.971750079813436 59.36795710973892, 17.971683691521363 59.36800660831548, 17.971621142883574 59.36804566750636)",true
2116,967,1864572,Friluftsvägen,"LINESTRING (17.975598100746833 59.367163677867765, 17.975505918032436 59.3672572594344, 17.975440476765666 59.36732452162845, 17.975369816903857 59.3674210354002, 17.975281862927385 59.367567717138286, 17.975261836852916 59.36762588211197, 17.97522389565944 59.36773355531026, 17.975202373793888 59.367828902372494, 17.975186252081045 59.36793424435364, 17.975176688988643 59.36802422339281, 17.975174955936968 59.36814730769407, 17.975192230211906 59.36828478496331, 17.975211258918794 59.3683890370356, 17.975242546252225 59.36848410419961, 17.975297871736075 59.368598131162706, 17.97547524987911 59.36891579739768)",true
2117,968,1864758,Rensgatan,"LINESTRING (17.97345131441985 59.3672165257444, 17.973356414003263 59.36721109936301)",true
2118,969,1864569,Vackra vägen,"LINESTRING (17.97345131441985 59.3672165257444, 17.973402003676952 59.367456389478555, 17.973351459207652 59.36765764172476, 17.97331574332623 59.36791646114697, 17.973296375824685 59.368119311526556, 17.97329637237981 59.36819989762247, 17.97328412562818 59.3685134272675, 17.973287079034858 59.368741782782436, 17.973299882271302 59.36906392462546)",true
2119,970,1864769,Fredsgatan,"LINESTRING (17.966257596254756 59.367691872861414, 17.966282272080598 59.36770671316828, 17.966365010646708 59.3677735635258, 17.966905375964124 59.36818818587679)",true
2120,971,1864576,Bergaliden,"LINESTRING (17.966905375964124 59.36818818587679, 17.967199569093744 59.36810386852333, 17.967286125910885 59.36807939728038, 17.967371068448028 59.368063652122174, 17.96745081992319 59.36805941924939, 17.96753468061507 59.36807037783743, 17.967604324918366 59.36809352147803, 17.96766333879766 59.36812636930482, 17.967719127153565 59.368167431800345, 17.96789695790707 59.36835959048822, 17.968025854344685 59.36853591578378, 17.968128060325537 59.36867616818612, 17.968189421532305 59.36878439025023, 17.968215064309387 59.36886565915647)",true
2121,972,1861342,Furuvägen,"LINESTRING (17.970865428350976 59.36846249956088, 17.970521669783842 59.36860122354723, 17.970333217907093 59.36867002831405, 17.970040496954713 59.368761687705216, 17.969831381270705 59.36882372888788, 17.969581739765452 59.368877149955196, 17.96944731006768 59.36890400732627, 17.969326488736158 59.36892602563522, 17.9692009402716 59.36894049549632, 17.969064809786985 59.368947505334674, 17.968940041861835 59.36894835245753, 17.96883992678618 59.36894200632503, 17.968694306937408 59.36892384665321, 17.968215064309387 59.36886565915647)",true
2122,973,1861289,Bergaliden,"LINESTRING (17.97016501852562 59.36959008552425, 17.97049174062604 59.36941568135636, 17.970587713398135 59.369352120175165, 17.9706843400659 59.36929100616225, 17.970778125386502 59.36923565391819, 17.97085905640215 59.36917967801757, 17.970966755782765 59.36909823681019, 17.97116399824218 59.36890815417328, 17.97120477777703 59.36885851180329, 17.971230912272848 59.36881373217536, 17.971239411301426 59.36876841102854, 17.9712258100172 59.36872805968352, 17.971199246947453 59.368693898584425, 17.971044444627143 59.368575425112134, 17.970865428350976 59.36846249956088)",true
2123,974,1861263,Bergaliden,"LINESTRING (17.968215064309387 59.36886565915647, 17.968234881264955 59.36906436307381, 17.968237847214873 59.36925760088283, 17.968261069463903 59.369737738486386, 17.968261674663992 59.369792997163856, 17.968268753635048 59.36983127777084, 17.968289753776045 59.36986144157184, 17.968318521646736 59.36987895600672)",true
2124,975,1861166,Bergaliden,"LINESTRING (17.968318521646736 59.36987895600672, 17.96839304168896 59.36991210640858, 17.968461127533583 59.36992683836652, 17.968548696306204 59.36993746031973, 17.96865085196979 59.36994214277548, 17.968754864573764 59.369941885524824, 17.969009600879915 59.36992025019813, 17.969180098084106 59.369899095549094, 17.969338940964782 59.36987050521917, 17.969493594367606 59.36983407555399, 17.96967793573884 59.369776759948884, 17.969924548584945 59.36968119187351, 17.97016501852562 59.36959008552425)",true
2125,976,1861188,Dalgången,"LINESTRING (17.97016501852562 59.36959008552425, 17.970428525905884 59.36973355284144, 17.970543992698165 59.369800634347044, 17.97063686955545 59.369837309974365, 17.970725373304717 59.36985499008356, 17.970822512383247 59.36986491614293, 17.97221470831195 59.369936965599884, 17.97243552404307 59.369945795567, 17.972508465971693 59.36994357503251, 17.972567228768348 59.36993585492267, 17.972615798392074 59.36991849169177, 17.97265259861421 59.369891781890644, 17.972738579024693 59.369768214163194, 17.972791534526703 59.36969879408061, 17.972838359309264 59.369661306085554, 17.972897685461078 59.36962745081588, 17.97296308779927 59.3696062888645, 17.97304808527393 59.369591356493494, 17.973142288079263 59.36957900872458)",true
2126,977,1861165,Bergaliden,"LINESTRING (17.968905328556954 59.37040018265833, 17.968585540249784 59.37035967887174, 17.968469129872958 59.37033071749949, 17.968367432866454 59.37028900240603, 17.968321208389433 59.37026494837035, 17.968270724441812 59.3702322480063, 17.968226156271378 59.37019128963058, 17.968189863730675 59.370146108110085, 17.968169027445807 59.37010070042432, 17.968160648915596 59.37005863038642, 17.968167796299976 59.37001713235284, 17.9681923601996 59.36997265875548, 17.968241913311022 59.36992724767671, 17.968318521646736 59.36987895600672)",true
2127,978,1864825,Bergaliden,"LINESTRING (17.966610812966405 59.368293475126336, 17.966905375964124 59.36818818587679)",true
2128,979,1864828,Furuvägen,"LINESTRING (17.97110059730656 59.36833990856938, 17.970865428350976 59.36846249956088)",true
2129,980,1864829,Furuvägen,"LINESTRING (17.971621142883574 59.36804566750636, 17.97133103370205 59.36821978831581, 17.97110059730656 59.36833990856938)",true
2130,981,1864757,Rensgatan,"LINESTRING (17.973356414003263 59.36721109936301, 17.973286517952655 59.36720710278929)",true
2131,983,1867178,Vackra vägen,"LINESTRING (17.97372666998677 59.36584444139047, 17.97371791348568 59.366038962474256, 17.973699746119976 59.366137674345225, 17.973635693140075 59.366381037653554, 17.97353711164835 59.366817146611425, 17.97345131441985 59.3672165257444)",true
2132,985,1867200,Kolonivägen,"LINESTRING (17.975330238527917 59.36598157014044, 17.97522667683958 59.36594665147378, 17.975137635394294 59.36593138605653, 17.97502690013456 59.36591947329843, 17.97465278800761 59.36588845602134, 17.974149064857652 59.36586053914025, 17.97372666998677 59.36584444139047)",true
2133,986,1867180,Ängsstigen,"LINESTRING (17.975598100746833 59.367163677867765, 17.975054486067478 59.36701342348132, 17.975002567141466 59.36699350053486, 17.9749481287074 59.366958080379845, 17.974922835495317 59.36691894873605, 17.9749170208994 59.36688412606933, 17.9749734662367 59.36671940107223, 17.975189952591826 59.36619177315371, 17.975267255666846 59.3660722474998, 17.97530141235074 59.36602307028388)",true
2134,987,1867179,Ängsstigen,"LINESTRING (17.97530141235074 59.36602307028388, 17.975330238527917 59.36598157014044)",true
2135,988,1867469,Ängsstigen,"LINESTRING (17.975330238527917 59.36598157014044, 17.975351551854548 59.365953981930964, 17.97540319357552 59.36589701816723, 17.975465156049925 59.36585216547758, 17.975880865607042 59.36556736246068, 17.976440147074758 59.365172912427354, 17.976760991145035 59.36491902786754)",true
2136,989,1867269,Friluftsvägen,"LINESTRING (17.977630706976427 59.36556860683816, 17.97743163988271 59.365652123302475, 17.97731917782971 59.36570103304496, 17.977243212034033 59.365734920158566, 17.977179024366666 59.36577845869424, 17.977116761555063 59.36583612410165, 17.976831089102397 59.36615191020134, 17.976724613725658 59.366283605163495, 17.976668097596452 59.366348004359445, 17.97661173839125 59.36641540125629, 17.976547534313053 59.36647665116101, 17.97648154211954 59.3665343744366, 17.976406109232432 59.36659526066201, 17.97628532705531 59.36667483084643, 17.9759016735984 59.36692396563465, 17.975598100746833 59.367163677867765)",true
2137,994,1867623,Tulegatan,"LINESTRING (17.973170603352685 59.365039477448725, 17.973265125868025 59.36507837799104, 17.973387515716762 59.365130552973426)",true
2138,995,1873344,Otterstavägen,"LINESTRING (17.9719298278963 59.359224408772896, 17.97182644294369 59.35917392901417, 17.971799812607586 59.35914817150445, 17.971788348852154 59.359116721488384, 17.971791112477092 59.359082323131425, 17.971852602690486 59.358840636435964, 17.97199021339394 59.3582975949703)",true
2139,996,1873361,Cirkusgränd,"LINESTRING (17.97606984202193 59.35866388108372, 17.975830912952954 59.35851155264177, 17.97542907870093 59.358264187584375)",true
2140,997,1873410,Humblegatan,"LINESTRING (17.96775408830522 59.35930283063707, 17.967763743580235 59.35929533124843)",true
2141,998,1873411,Humblegatan,"LINESTRING (17.96746614488066 59.3595264501535, 17.96775408830522 59.35930283063707)",true
2142,999,1876052,Sturegatan,"LINESTRING (17.97123124716962 59.36219606012242, 17.97051247967344 59.36243154921749, 17.96973467695053 59.362680474502596)",true
2143,1000,1876035,Rosengatan,"LINESTRING (17.972276951659524 59.36303332150664, 17.971635320317336 59.3625167125684, 17.97123124716962 59.36219606012242)",true
2144,1001,1876033,Tallgatan,"LINESTRING (17.975003423296563 59.36212574026665, 17.975382879386853 59.362438069901934)",true
2145,1002,1876054,Stationsgatan,"LINESTRING (17.969272780638086 59.36227835621589, 17.96928167226677 59.362286096309326)",true
2146,1003,1876053,Stationsgatan,"LINESTRING (17.96928167226677 59.362286096309326, 17.96973467695053 59.362680474502596)",true
2147,1004,1876032,Tallgatan,"LINESTRING (17.975382879386853 59.362438069901934, 17.9754706187227 59.36251028635508, 17.976074604359322 59.36302167139094)",true
2148,1005,1875963,Råstensgatan,"LINESTRING (17.974860306495238 59.36341160071522, 17.97433260683635 59.362970392904835, 17.973772486640975 59.36254092172083)",true
2149,1006,1875925,Stationsgatan,"LINESTRING (17.970324082794672 59.36311850546791, 17.96973467695053 59.362680474502596)",true
2150,1007,1875920,Sturegatan,"LINESTRING (17.96973467695053 59.362680474502596, 17.96818933189146 59.36318089852149)",true
2151,1008,1868946,Rosengatan,"LINESTRING (17.972276951659524 59.36303332150664, 17.972820792468486 59.36348568008908)",true
2152,1009,1868930,Prästgårdsgatan,"LINESTRING (17.97021271903933 59.363681380068165, 17.97087289882238 59.36347488735331, 17.97145131547428 59.36328600773161, 17.972276951659524 59.36303332150664)",true
2153,1010,1868971,Brunnsgatan,"LINESTRING (17.968791233456997 59.36371307589435, 17.96818933189146 59.36318089852149)",true
2154,1011,1868947,Vintergatan,"LINESTRING (17.976074604359322 59.36302167139094, 17.974860306495238 59.36341160071522)",true
2155,1012,1876055,Stationsgatan,"LINESTRING (17.96881401217206 59.361878949027165, 17.969272780638086 59.36227835621589)",true
2156,1013,1876084,Prästgårdsgatan,"LINESTRING (17.974932731826573 59.36214883939181, 17.975003423296563 59.36212574026665)",true
2157,1014,1876085,Prästgårdsgatan,"LINESTRING (17.974856323395276 59.36217381135257, 17.974932731826573 59.36214883939181)",true
2158,1015,1876086,Prästgårdsgatan,"LINESTRING (17.973772486640975 59.36254092172083, 17.974393090908737 59.36232520430509, 17.974856323395276 59.36217381135257)",true
2159,1017,1876182,Sturegatan,"LINESTRING (17.97123124716962 59.36219606012242, 17.972744779095596 59.36169173247891)",true
2160,1019,1876195,Järnvägsgatan,"LINESTRING (17.96881401217206 59.361878949027165, 17.9695460102137 59.36168607570646, 17.970244685242 59.36147526864554)",true
2161,1020,1876200,Lysgränd,"LINESTRING (17.97187330951899 59.36099088959934, 17.972744779095596 59.36169173247891)",true
2162,1021,1876254,Sturegatan,"LINESTRING (17.972744779095596 59.36169173247891, 17.973262190294992 59.36153732201371, 17.973923545400954 59.36132623019926)",true
2163,1026,964519,Gränsgatan,"LINESTRING (17.97776795133088 59.363870366303296, 17.97781013958948 59.36389900218201, 17.97783364583898 59.36391995056833)",true
2164,1028,964518,Gränsgatan,"LINESTRING (17.97783364583898 59.36391995056833, 17.97785406101239 59.36394680147454)",true
2165,1031,713183,Gränsgatan,"LINESTRING (17.97785406101239 59.36394680147454, 17.97830486430845 59.364756991954536)",true
2166,1034,1867615,Lövgatan,"LINESTRING (17.97837770437878 59.3646941239411, 17.97830486430845 59.364756991954536)",true
2167,1035,1867614,Friluftsvägen,"LINESTRING (17.97830486430845 59.364756991954536, 17.97816636742749 59.36487652513013, 17.977695171601884 59.36527888204683, 17.97763098661612 59.3653308675811, 17.97759628155181 59.36536711909967, 17.977583346343597 59.36539185645856)",true
2168,1037,1867296,Skogsbacken,"LINESTRING (17.977583346343597 59.36539185645856, 17.977580940354375 59.36544151398841, 17.97758686709053 59.365487225014306, 17.97760494995062 59.365530834170556, 17.977630706976427 59.36556860683816)",true
2169,1038,1867266,Skogsbacken,"LINESTRING (17.977630706976427 59.36556860683816, 17.97797979403521 59.36593316256834, 17.9783372142457 59.36640147677958, 17.978518686040683 59.366641586561286, 17.978822175157937 59.36709218064007, 17.97912573956802 59.36755907025122)",true
2170,1039,1868910,Råstensgatan,"LINESTRING (17.97551943432138 59.363907136505986, 17.974860306495238 59.36341160071522)",true
2171,1040,1868913,Rosengatan,"LINESTRING (17.973331706938282 59.363896553775184, 17.973060988067168 59.36367253639281, 17.972820792468486 59.36348568008908)",true
2172,1041,1868895,Kyrkogatan,"LINESTRING (17.97021271903933 59.363681380068165, 17.970768845285065 59.364152633971656)",true
2173,1042,1868862,Prästgårdsgatan,"LINESTRING (17.969040015201433 59.36472105856466, 17.968681091322395 59.36442314652005, 17.968529337892136 59.36429572286671, 17.96851015795712 59.364260566423646, 17.968514602723527 59.36422723519121, 17.96854218643585 59.364196818542396, 17.968587948475605 59.364166940346124, 17.968688957307062 59.36413211949864, 17.969035318251635 59.36401936371631, 17.969473624917786 59.36389017953087, 17.96999120364573 59.36372868908635, 17.97010182017274 59.36370271497613, 17.97021271903933 59.363681380068165)",true
2174,1043,1868909,Götgatan,"LINESTRING (17.97551943432138 59.363907136505986, 17.97602302794525 59.36375369585182, 17.976691990360422 59.363542937895836)",true
2175,1044,1868885,Rosengatan,"LINESTRING (17.97356121208537 59.364397927981116, 17.973607131480016 59.364334508779045, 17.97362378771514 59.36426418206341, 17.973613570804478 59.36421826329448, 17.97358810463411 59.36416686056111, 17.973545886386557 59.364112712915855, 17.973439670501605 59.3640055704533, 17.973331706938282 59.363896553775184)",true
2176,1045,1868861,Fågelsången,"LINESTRING (17.970768845285065 59.364152633971656, 17.969040015201433 59.36472105856466)",true
2177,1046,1869097,Kyrkogatan,"LINESTRING (17.970768845285065 59.364152633971656, 17.971170938148195 59.36449348868533, 17.97152202696098 59.364766978296316, 17.971588272524556 59.36480302917989, 17.97164776601206 59.36483373458138, 17.971710080616266 59.364857851834174, 17.971775091625965 59.364882204112966, 17.971866836349836 59.364898236834264, 17.971940659814724 59.364906213380635)",true
2178,1048,1868867,Rosengatan,"LINESTRING (17.973342114173978 59.36457579840647, 17.973455457471474 59.36451461517138, 17.973503866360524 59.36446615474864, 17.97356121208537 59.364397927981116)",true
2179,1049,1869104,Skogsbacken,"LINESTRING (17.9760966299837 59.36446545601918, 17.976139200356172 59.364495045200144)",true
2180,1050,1869103,Skogsbacken,"LINESTRING (17.976139200356172 59.364495045200144, 17.97648739424413 59.3647370473798, 17.976606876294888 59.364824088457425, 17.976760991145035 59.36491902786754)",true
2181,1051,1867506,Rosengatan,"LINESTRING (17.97290079474145 59.364869992603715, 17.97291211407276 59.36483601012403, 17.972921870244043 59.364811318831485, 17.972942032995288 59.36478183428144, 17.972975958909643 59.36475050816913, 17.97302928314255 59.36471314130185, 17.973238338510885 59.36459104273198, 17.973342114173978 59.36457579840647)",true
2182,1052,1868647,Tulegatan,"LINESTRING (17.973342114173978 59.36457579840647, 17.97332467156128 59.36464177583819, 17.973196458560206 59.36471328155927, 17.97311702455026 59.36476085908182, 17.973071147323168 59.36479783145997, 17.97304520992643 59.36483776363365, 17.97303901381193 59.36486772935656)",true
2183,1053,1867603,Bergsgatan,"LINESTRING (17.969040015201433 59.36472105856466, 17.9690377170584 59.36479061715363, 17.969049514740774 59.36481824075123, 17.969078856572512 59.364844781750165, 17.969746284925 59.36539120587448, 17.969807676346278 59.36544321945543)",true
2184,1054,1867620,Tulegatan,"LINESTRING (17.972969562187732 59.36501607220671, 17.97294236934412 59.36498576283346, 17.972913188649986 59.36493495690798, 17.97290079474145 59.364869992603715)",true
2185,1055,1867624,Tulegatan,"LINESTRING (17.97303901381193 59.36486772935656, 17.973041437629394 59.36489099261803, 17.97306418848369 59.36494134313132, 17.973106629190713 59.36499058851167, 17.973167073744445 59.36503736539332, 17.973170603352685 59.365039477448725)",true
2186,1056,1869096,Kyrkogatan,"LINESTRING (17.971940659814724 59.364906213380635, 17.9719705882396 59.36490945779003, 17.972084499669077 59.36491205411119, 17.97239828601321 59.36488974791181, 17.97274116247694 59.36487136926448, 17.97290079474145 59.364869992603715)",true
2187,1057,1867621,Tulegatan,"LINESTRING (17.973031300193558 59.36509109844228, 17.973028254920788 59.365082855900305, 17.97298869767128 59.36503739070971, 17.972969562187732 59.36501607220671)",true
2188,1058,1867622,Tulegatan,"LINESTRING (17.973048090097695 59.36521914270296, 17.973048443701753 59.36514415583643, 17.97304098563983 59.365117278240774, 17.973031300193558 59.36509109844228)",true
2189,1060,1867265,Ravinstigen,"LINESTRING (17.97912573956802 59.36755907025122, 17.979127335216226 59.36756152559093, 17.979217506438378 59.36765862478392, 17.97927151494008 59.36772339227337, 17.97928422771708 59.3677667555581, 17.97928636147675 59.36780211152991)",true
2190,1061,1864865,Skogsbacken,"LINESTRING (17.97928636147675 59.36780211152991, 17.979236363649477 59.36786713566319, 17.979212567107833 59.367894691430976)",true
2191,1062,1864866,Ravinstigen,"LINESTRING (17.98016010523211 59.368306396688695, 17.97994875223128 59.367963956851554, 17.97991050640887 59.36793699269436, 17.979829042529055 59.36792450453629, 17.97968396346234 59.3679428278284, 17.97951937971214 59.36796358272734, 17.979436641207904 59.36796887076562, 17.979212567107833 59.367894691430976)",true
2192,1063,785045,Bällstabro,"LINESTRING (17.961821598286193 59.360523180684886, 17.961779008585967 59.360512039186226)",true
2193,1064,785046,Bällstabro,"LINESTRING (17.962035771753545 59.36057920519287, 17.961821598286193 59.360523180684886)",true
2194,1065,784980,Järnvägsgatan,"LINESTRING (17.94160710317669 59.37077887551558, 17.941623844476137 59.37081583382045, 17.94164011046997 59.370852182827896)",true
2195,1067,815268,Järnvägsgatan,"LINESTRING (17.939663828637986 59.371286472821204, 17.93966979775351 59.371293778463844, 17.939733581125935 59.37132604581898, 17.939807836596454 59.37134789603719, 17.939890181871522 59.371363740950954, 17.939978202150577 59.37137110999326, 17.940064420140427 59.37137250811399, 17.940151791461126 59.37136709587017, 17.940236766929086 59.37135312919323, 17.940339259313156 59.3713232847644, 17.940437080848653 59.37128199883648, 17.940491814977005 59.371246159750676, 17.9408203460105 59.37098565360436, 17.940924943262946 59.37092097708175, 17.941052077080617 59.37085976372018, 17.94126440909084 59.370788603476115, 17.941487855087615 59.370745955700734, 17.94160710317669 59.37077887551558)",true
2196,1068,1843098,Duvkullavägen,"LINESTRING (17.940085357653885 59.3720795073581, 17.940306119052593 59.371969151262306, 17.940492149710302 59.3718576822195, 17.940726193158557 59.37170982445178, 17.94077866750977 59.371675536865126, 17.941015206578708 59.37151728854057, 17.941184123248743 59.37143249707973, 17.94129174083326 59.371403084386245, 17.941406619646095 59.37138798391351, 17.941555794448135 59.37137591041299, 17.94189709249626 59.371365242810214, 17.943213372093734 59.37133476533802)",true
2197,1069,1861037,Rissneleden,"LINESTRING (17.941314780516592 59.37118896338637, 17.941256761465542 59.37121026510523, 17.941121569001147 59.37125854117571, 17.940781597594714 59.37138290139215, 17.940537803245785 59.37147160994848, 17.940325626073196 59.371566784521974, 17.940091261445538 59.371692642535166, 17.939771198108346 59.371917281978796, 17.939578041237667 59.372037986328756, 17.93937859529564 59.372126941524634, 17.93919117788142 59.37218990778104, 17.938876413491627 59.37226739051245, 17.938563366371593 59.37233441919305, 17.93830125713017 59.37239495237274, 17.93808725100446 59.372437795038074)",true
2198,1070,1861038,Rissneleden,"LINESTRING (17.941329056138464 59.37118372152424, 17.941314780516592 59.37118896338637)",true
2199,1071,1861039,Rissneleden,"LINESTRING (17.941673173192008 59.37088711042034, 17.94168636981408 59.370901037168494, 17.941729691758212 59.37095317471079, 17.94171351681777 59.37099936745497, 17.94169786784135 59.371019929737216, 17.941657804998446 59.3710537758876, 17.941611931176677 59.37107887516453, 17.941548144233863 59.371103282388596, 17.941329056138464 59.37118372152424)",true
2200,1072,1864741,Karlavägen,"LINESTRING (17.94908573108465 59.36800377654759, 17.949261315745847 59.36805577662637, 17.94931299562245 59.368074933269476, 17.949320234205416 59.3680819392958)",true
2201,1073,1864648,Järnvägsgatan,"LINESTRING (17.94908573108465 59.36800377654759, 17.94919016855127 59.367871864426355, 17.949283096205036 59.36778074785176, 17.94940103889038 59.36766935018508, 17.949539464911048 59.36756171223083, 17.949718540192368 59.36744557013265, 17.949875424109635 59.36735182854955)",true
2202,1074,1864740,Karlavägen,"LINESTRING (17.949320234205416 59.3680819392958, 17.949328439313806 59.36808987774989)",true
2203,1075,1864739,Karlavägen,"LINESTRING (17.949328439313806 59.36808987774989, 17.94933865515416 59.368099764667654)",true
2204,1076,1864738,Karlavägen,"LINESTRING (17.94933865515416 59.368099764667654, 17.949376026568622 59.368131133342466, 17.949436794384667 59.36819390833187, 17.949509875364395 59.36828453040303, 17.94959694110794 59.36841332240685, 17.949760509119137 59.3686275099868)",true
2205,1077,1864690,Ekbacksgränd,"LINESTRING (17.949875424109635 59.36735182854955, 17.949769661309155 59.36732454182983, 17.949709872063952 59.367316190187836, 17.94962529040606 59.367312847576365, 17.949533830423913 59.367319697768245, 17.949403169805375 59.36734160564804, 17.94928618403369 59.36736873925722)",true
2206,1078,1861288,Alvängsvägen,"LINESTRING (17.949760509119137 59.3686275099868, 17.949681849346014 59.368643614434795)",true
2207,1079,1861355,Karlavägen,"LINESTRING (17.949760509119137 59.3686275099868, 17.949848075550378 59.368701854175086)",true
2208,1080,1861324,Karlavägen,"LINESTRING (17.9507297610475 59.36942580124313, 17.95059535295209 59.3693355795943, 17.95049771593322 59.369262488211355, 17.950393252362478 59.36919167194444, 17.95030058784611 59.369121496106615, 17.95020284541313 59.369046771478615, 17.950112030288192 59.36897193492603, 17.950027456083532 59.368894557843326, 17.949848075550378 59.368701854175086)",true
2209,1081,1861348,Älvängsvägen,"LINESTRING (17.949848075550378 59.368701854175086, 17.949975409029992 59.36868110851475, 17.95006466373205 59.36868409358063, 17.95026159730925 59.36871346803013, 17.950492279268776 59.36874505257927, 17.950694693717107 59.368767796553946, 17.95091114787139 59.368793061902494, 17.951111317669554 59.36881367249031, 17.951285129276364 59.368830602311576, 17.951534726419933 59.36884826897289, 17.951740905555962 59.36886225473152, 17.95207892284462 59.36887774726315, 17.9524300140765 59.36889821749124, 17.95264104722247 59.368912945544885)",true
2210,1082,1861315,Lönnvägen,"LINESTRING (17.952292921601757 59.369474768494456, 17.951393673539318 59.36939599736866, 17.951318296508905 59.36939308535641, 17.9512507937498 59.36939711181912, 17.95118722642363 59.36941360239632, 17.951085141519638 59.36945546046469, 17.95092427793774 59.36953143857421)",true
2211,1083,1864639,Kanalstigen,"LINESTRING (17.951830353302576 59.3672426020857, 17.951855894154317 59.36734989901657, 17.951868944075077 59.367453848538354, 17.951883276140055 59.36763411296378, 17.951894224225896 59.367747904680265, 17.951914411066348 59.367828032772266, 17.95194721134402 59.3679044066522, 17.952023936372136 59.368010346655836, 17.95202553068464 59.36801248512778)",true
2212,1084,1864693,Granlidsvägen,"LINESTRING (17.954698966162645 59.366993115674674, 17.954409219298835 59.366870772259006, 17.954316248072143 59.36684302851775, 17.9542289902186 59.36682146330188, 17.95414207792581 59.366805892763836, 17.95404180529464 59.36679924242881, 17.95393812173537 59.36679810577663, 17.953714370175234 59.366817347294095, 17.953453260085595 59.36684588168538, 17.953193513187376 59.3668795695097, 17.952915587588503 59.36694026684386, 17.952602489032927 59.3670113123334, 17.95229067387288 59.367104424237645, 17.951830353302576 59.3672426020857)",true
2213,1085,1864638,Dalsänkan,"LINESTRING (17.95202553068464 59.36801248512778, 17.95207555487714 59.3680796088215)",true
2214,1086,1864636,Kanalstigen,"LINESTRING (17.95207555487714 59.3680796088215, 17.95219891974798 59.36804585840334, 17.95226925133738 59.36803552215478, 17.952350084089648 59.36803156160975, 17.952440202925292 59.36804024945267, 17.952653514351297 59.36808488469817)",true
2215,1087,1864609,Dalsänkan,"LINESTRING (17.952725788149266 59.3684240635929, 17.95267214670319 59.3684099129046, 17.952581272860712 59.36837919098291, 17.95248019976855 59.368338276419806, 17.952381313695934 59.368289710197786, 17.952268820016126 59.36822718255634, 17.952173008988375 59.36816740405684, 17.95207555487714 59.3680796088215)",true
2216,1088,1861318,Björkhagsvägen,"LINESTRING (17.95264104722247 59.368912945544885, 17.952544371927175 59.36913684382242, 17.95236144071764 59.36948077006453)",true
2217,1089,1864583,Björkhagsvägen,"LINESTRING (17.95264104722247 59.368912945544885, 17.95266737055007 59.368843939818326, 17.952679329813943 59.368784676665626, 17.952682873534368 59.36871792122845, 17.952687366264122 59.368649526835775, 17.952687141653843 59.36858256022746, 17.952692683683317 59.368522588782135, 17.952706699578663 59.36847118659987, 17.952725788149266 59.3684240635929)",true
2218,1090,1864628,Kanalstigen,"LINESTRING (17.952653514351297 59.36808488469817, 17.95286248191604 59.36812794663874, 17.953042348337537 59.368148331257764, 17.953268570754073 59.36816771923454, 17.953416975218325 59.36817876998727, 17.953574879319106 59.368188320330376, 17.9537496709941 59.36819488188459, 17.953967311883037 59.36819535016842, 17.95417203429577 59.36819383745501, 17.954456278279935 59.36818401616654)",true
2219,1091,1864637,Björkhagsvägen,"LINESTRING (17.952653514351297 59.36808488469817, 17.952790772271175 59.367997721473415, 17.9529770990271 59.367878013835934, 17.953272734205992 59.367718636722465, 17.953729735093415 59.36747853034281, 17.95412291035838 59.3672794786112, 17.954461842365287 59.3671118028085, 17.954698966162645 59.366993115674674)",true
2220,1092,1864607,Dalsänkan,"LINESTRING (17.952725788149266 59.3684240635929, 17.952900339992357 59.368444254316884, 17.953019352877487 59.36844568256994, 17.953256994801315 59.36844149353672, 17.95356757534439 59.3684350762127, 17.954188020138403 59.36841927226153)",true
2221,1093,1864568,Oskarsvägen,"LINESTRING (17.954188020138403 59.36841927226153, 17.95411690774744 59.36857908932513, 17.95404073386592 59.36879750112944, 17.953955080565866 59.36909010841089, 17.953803538581425 59.36960425483677)",true
2222,1094,1864606,Dalsänkan,"LINESTRING (17.95557594378263 59.36838458209477, 17.95495093188172 59.36840453985959, 17.954188020138403 59.36841927226153)",true
2223,1095,1864629,Hästhagsgatan,"LINESTRING (17.954456278279935 59.36818401616654, 17.954597124309377 59.36796797504219, 17.95462699616971 59.367922000086104, 17.954706100643715 59.36782291678318, 17.954771008726844 59.367755120591866, 17.954960423906684 59.36759735666071, 17.955179955159938 59.36743367983246, 17.95528197607883 59.36735196744458, 17.955433425096288 59.36726594422055)",true
2224,1096,1864627,Kanalstigen,"LINESTRING (17.954456278279935 59.36818401616654, 17.955099459494416 59.36815561541193, 17.955778095600675 59.36811385418053)",true
2225,1097,1867111,Järnvägsgatan,"LINESTRING (17.951721267426095 59.366576586764104, 17.951501380493152 59.36664292175882, 17.951319078034942 59.36670378659995, 17.951149294888435 59.36676853715615, 17.950902560196404 59.366878647087546, 17.95060180343947 59.367014376096684, 17.95032477542621 59.36713612441216, 17.950084452588413 59.36725484879103, 17.949875424109635 59.36735182854955)",true
2226,1098,1867112,Kanalstigen,"LINESTRING (17.951800937081575 59.36663887870791, 17.951773577193002 59.366612316071894, 17.951721267426095 59.366576586764104)",true
2227,1099,1867113,Kanalstigen,"LINESTRING (17.951830353302576 59.3672426020857, 17.951807020630092 59.367127086987495, 17.95180306354151 59.367068804397704, 17.951800061962203 59.367017868580994, 17.951802616817346 59.366961388448665, 17.951811678532994 59.366906450298124, 17.95182764842666 59.36685058291067, 17.951838744708677 59.36680325464005, 17.9518474414531 59.36676032088612, 17.951848044792914 59.36672513652831, 17.951839227899896 59.36669337346961, 17.95181889621453 59.36665632690745, 17.951800937081575 59.36663887870791)",true
2228,1100,1867182,Björkhagsvägen,"LINESTRING (17.9556868864951 59.36620858771473, 17.95555921172168 59.36636240986864, 17.955445378316472 59.36647948026407, 17.955332029917884 59.36657745353348, 17.955187163414365 59.366693367247755, 17.954978359850514 59.36683015782213, 17.954698966162645 59.366993115674674)",true
2229,1101,815347,Järnvägsgatan,"LINESTRING (17.943907265201904 59.37050741459452, 17.944169352145874 59.370469640375696, 17.944256277356416 59.37046277071999, 17.944679836019787 59.370402522795885, 17.944765770778126 59.3703931681223, 17.945178387366493 59.3703184289698)",true
2230,1102,783401,,"LINESTRING (17.94160710317669 59.37077887551558, 17.943907265201904 59.37050741459452)",true
2231,1103,1843105,Duvkullavägen,"LINESTRING (17.945172274239212 59.371284288745066, 17.94508434737639 59.37128517458071)",true
2232,1104,1843106,Duvkullavägen,"LINESTRING (17.94610435961257 59.37127281454035, 17.94570648323676 59.371278907620116, 17.945172274239212 59.371284288745066)",true
2233,1105,1843108,Ekovägen,"LINESTRING (17.94508434737639 59.37128517458071, 17.945060784363953 59.37153762492957, 17.94503548382057 59.371796638235914)",true
2234,1106,1842075,Högalidsvägen,"LINESTRING (17.943213372093734 59.37133476533802, 17.943256035288762 59.37173430053881, 17.943288450353354 59.372150061896875)",true
2235,1107,1843104,Lodbrinken,"LINESTRING (17.946294283454016 59.37155058210512, 17.9462799119161 59.37127012629651)",true
2236,1108,1843107,Duvkullavägen,"LINESTRING (17.9462799119161 59.37127012629651, 17.94610435961257 59.37127281454035)",true
2237,1109,1842044,Solvallavägen,"LINESTRING (17.94955532971027 59.371500573587504, 17.94937945407345 59.37148475729367, 17.94913913093416 59.37147129746073, 17.94869567124549 59.371458775281674, 17.94831460933043 59.371455362718926, 17.947992158132905 59.371460031716815, 17.94768678608808 59.37148295933512)",true
2238,1110,1842037,Solvallavägen,"LINESTRING (17.94768678608808 59.37148295933512, 17.947369999356265 59.371501974895445, 17.947181126249134 59.3715195713637, 17.946988619987998 59.37152959375292, 17.94681969542289 59.371532181625284, 17.946561165328124 59.371535330121816, 17.946294283454016 59.37155058210512)",true
2239,1111,1842036,Rinkebyvägen,"LINESTRING (17.94768678608808 59.37148295933512, 17.94766915162097 59.371627239513955, 17.947665480728308 59.37167358167163, 17.947644972128714 59.3717149939437, 17.947600124819346 59.371759787117014, 17.94749944353658 59.37181632028888, 17.947349211421255 59.37188314831079, 17.947020659093017 59.372019406726615, 17.946620954072745 59.372189145478366)",true
2240,1112,1842022,Solvallavägen,"LINESTRING (17.94503548382057 59.371796638235914, 17.945788583546918 59.371650072513496, 17.946294283454016 59.37155058210512)",true
2241,1113,1842021,Högåsvägen,"LINESTRING (17.9489925162496 59.3721154855275, 17.949224212939917 59.3719553993818, 17.949312640947447 59.37188107152769, 17.949384808396864 59.37180238496444, 17.9494562335573 59.37169266003555, 17.94955532971027 59.371500573587504)",true
2242,1114,1841991,Solvallavägen,"LINESTRING (17.94503548382057 59.371796638235914, 17.944143509886963 59.37197689700763, 17.943288450353354 59.372150061896875)",true
2243,1115,1841990,Ekovägen,"LINESTRING (17.944978710191968 59.372328363873706, 17.945004966189124 59.372067163433314, 17.94503548382057 59.371796638235914)",true
2244,1116,1841923,Solvallavägen,"LINESTRING (17.943288450353354 59.372150061896875, 17.942719581712126 59.37226383411829)",true
2245,1117,1841922,Högalidsvägen,"LINESTRING (17.943288450353354 59.372150061896875, 17.9432764308749 59.37227219912349)",true
2246,1118,1843109,Duvkullavägen,"LINESTRING (17.94508434737639 59.37128517458071, 17.944860972959724 59.37128722890356, 17.944168832234826 59.37130953120835, 17.943213372093734 59.37133476533802)",true
2247,1119,1854334,Rinkebyvägen,"LINESTRING (17.947737279318186 59.37089987594485, 17.947706501461038 59.371310326668805, 17.94768678608808 59.37148295933512)",true
2248,1120,1854335,Duvkullavägen,"LINESTRING (17.947737279318186 59.37089987594485, 17.94750959103106 59.370937391715955, 17.947267459466744 59.37099228878863, 17.946994650684168 59.37106071074941, 17.946753725645035 59.37112729710639, 17.9462799119161 59.37127012629651)",true
2249,1121,1861040,,"LINESTRING (17.94164011046997 59.370852182827896, 17.941673173192008 59.37088711042034)",true
2250,1122,1861065,Högalidsvägen,"LINESTRING (17.94314713954512 59.37070637197767, 17.943173526880468 59.37095614840964, 17.943213372093734 59.37133476533802)",true
2251,1123,1861139,Rinkebyvägen,"LINESTRING (17.947742972196547 59.37085841139998, 17.947737279318186 59.37089987594485)",true
2252,1124,1861140,Rinkebyvägen,"LINESTRING (17.947803145020348 59.370179338722885, 17.947806657798367 59.370302338473934, 17.947807475796985 59.370388620080625, 17.947742972196547 59.37085841139998)",true
2253,1125,1861180,Solängsvägen,"LINESTRING (17.94635676415857 59.3702913493904, 17.946441953409096 59.37027970108923, 17.946838169615255 59.37025075976411, 17.947803145020348 59.370179338722885)",true
2254,1126,1861181,Solängsvägen,"LINESTRING (17.94627245346602 59.370352770137245, 17.946277746121563 59.370335566620156, 17.94630928783765 59.370309495624866, 17.94635676415857 59.3702913493904)",true
2255,1127,1861182,Lodbrinken,"LINESTRING (17.946266994878425 59.370370516555205, 17.94627245346602 59.370352770137245)",true
2256,1128,1861183,Lodbrinken,"LINESTRING (17.946280741146907 59.371224696695656, 17.946285592464037 59.37095860247952, 17.94627925462794 59.37064208459614, 17.94626958418499 59.37041437724136, 17.94626655424569 59.37037195166968, 17.946266994878425 59.370370516555205)",true
2257,1129,1861184,Lodbrinken,"LINESTRING (17.9462799119161 59.37127012629651, 17.946280741146907 59.371224696695656)",true
2258,1130,1861185,Ekovägen,"LINESTRING (17.945171675819807 59.37038476132571, 17.945178387366493 59.3703184289698)",true
2259,1131,1861186,Ekovägen,"LINESTRING (17.94508434737639 59.37128517458071, 17.945145363946367 59.370644480486646, 17.945171675819807 59.37038476132571)",true
2260,1132,1861272,Rinkebyvägen,"LINESTRING (17.94764438533107 59.36955727116525, 17.947740242043405 59.369862608231976, 17.947803145020348 59.370179338722885)",true
2261,1133,1861285,Ripvägen,"LINESTRING (17.94848743619618 59.36900175189467, 17.9486546241593 59.369194945224166, 17.948861531752335 59.36943868739539, 17.94908789857894 59.369659542344785, 17.949415649029984 59.36993518109864)",true
2262,1134,1861286,Ripvägen,"LINESTRING (17.948474916823727 59.36893165967659, 17.948468169468065 59.36895415473315, 17.94847605468354 59.36898859886199, 17.94848743619618 59.36900175189467)",true
2263,1135,1861287,Alvängsvägen,"LINESTRING (17.949681849346014 59.368643614434795, 17.94875863556112 59.368832627880586, 17.94863099181068 59.36885691079193, 17.948556746565927 59.368873300173185, 17.94850621623765 59.3688939515093, 17.94847752209962 59.36892297791807, 17.948474916823727 59.36893165967659)",true
2264,1136,1864562,Järnvägsgatan,"LINESTRING (17.948410186946315 59.368780569242645, 17.948515067158674 59.36866377631793, 17.948667918752765 59.368478489794896, 17.9488562239373 59.368252638561394, 17.94903880604998 59.368059436317075, 17.94908573108465 59.36800377654759)",true
2265,1137,1864563,Järnvägsgatan,"LINESTRING (17.945178387366493 59.3703184289698, 17.94537257433846 59.37028137771766, 17.9454853226321 59.370248071462086, 17.945613681698614 59.37020881415507, 17.94576544301752 59.37015884688814, 17.945943090488832 59.37009595683583, 17.94631068202766 59.36995202518396, 17.946874560535218 59.369726960762364, 17.947195001673656 59.36959790370752, 17.947358867392527 59.3695276133907, 17.947493971667527 59.36946673443983, 17.947625816868737 59.36940482378177, 17.94772512798322 59.36934313653842, 17.947830394959805 59.36927400902218, 17.947938921393582 59.36919639693989, 17.948033888081223 59.36912442903781, 17.948125944931718 59.36904815076386, 17.9482158269983 59.368971364485624, 17.948311367757313 59.368881690231014, 17.94840996693818 59.368780813242964, 17.948410186946315 59.368780569242645)",true
2266,1138,1864666,Ekbacksgränd,"LINESTRING (17.94818586776071 59.36750577541352, 17.948024723804558 59.367526780887495, 17.947934408098842 59.36754398272317, 17.947851575149592 59.36756159934297, 17.947761342640316 59.36758969901388, 17.947647804897233 59.36763913689817, 17.947505345746517 59.36770565483638, 17.947229166451766 59.36783311009369)",true
2267,1139,1864685,Ekbacksgränd,"LINESTRING (17.94928618403369 59.36736873925722, 17.94818586776071 59.36750577541352)",true
2268,1140,1864689,Ekbacksgränd,"LINESTRING (17.94928618403369 59.36736873925722, 17.949199329010835 59.3674908454654, 17.949032237572403 59.36769270135386, 17.94870687790823 59.36806488808779, 17.9486192500272 59.36816860829459, 17.948551539608143 59.368232259238056, 17.94849500759371 59.368259812700636, 17.94842356602101 59.368269345297335, 17.948333772263183 59.36826581419547, 17.94827324182352 59.368252590336816, 17.94815644699712 59.368216269437106)",true
2269,1141,1861020,Duvkullavägen,"LINESTRING (17.947737279318186 59.37089987594485, 17.948339381533447 59.37078909459137, 17.948546182841472 59.3707592384947, 17.94868898727171 59.370738539640755, 17.948819820009586 59.37072291888848, 17.94894748213734 59.37070789091257, 17.94906852501489 59.370698143489165, 17.94921331332368 59.37069319630166, 17.94935359788048 59.37069295161514, 17.94948821103328 59.370696330605824, 17.949748221811717 59.37070948797038, 17.950417554937435 59.37075311605361, 17.95116306560087 59.370795034028916, 17.95188211038922 59.370831625425694)",true
2270,1142,1861170,Solängsvägen,"LINESTRING (17.9494780434021 59.37003468044104, 17.948627022050623 59.37011198297717, 17.947803145020348 59.370179338722885)",true
2271,1143,1861173,,"LINESTRING (17.949415649029984 59.36993518109864, 17.9494780434021 59.37003468044104)",true
2272,1144,1842020,Solvallavägen,"LINESTRING (17.951723705670332 59.37151900988437, 17.951460831812767 59.37151188780117, 17.95107728019177 59.371511244422976, 17.95049330641035 59.371513402338884, 17.950011230044623 59.37151563286608, 17.94955532971027 59.371500573587504)",true
2273,1145,1861168,Solängsvägen,"LINESTRING (17.9494780434021 59.37003468044104, 17.9497627908058 59.37003330495685, 17.95054919145423 59.37008139070416, 17.951356514764168 59.3701226360128, 17.952055359339422 59.370133399963635)",true
2274,1146,1842016,Björkhagsvägen,"LINESTRING (17.951545440341324 59.37219553050043, 17.951620571220033 59.371877769541136, 17.951723705670332 59.37151900988437)",true
2275,1147,1854336,Björkhagsvägen,"LINESTRING (17.95188211038922 59.370831625425694, 17.95180399956004 59.371189180634, 17.951723705670332 59.37151900988437)",true
2276,1148,1842015,Solvallavägen,"LINESTRING (17.951723705670332 59.37151900988437, 17.95244387160711 59.37151991710409, 17.953277360569565 59.37151581774016)",true
2277,1149,1861141,Björkhagsvägen,"LINESTRING (17.95188211038922 59.370831625425694, 17.952012163112148 59.37040466412749, 17.952055359339422 59.370133399963635)",true
2278,1150,1861138,Karlavägen,"LINESTRING (17.952055359339422 59.370133399963635, 17.952475427468986 59.370416566299845)",true
2279,1151,1861137,Karlavägen,"LINESTRING (17.952475427468986 59.370416566299845, 17.952486044899665 59.370423722974735)",true
2280,1152,1861136,Karlavägen,"LINESTRING (17.952486044899665 59.370423722974735, 17.952589203107106 59.37049326069677, 17.952677648786132 59.370537094159666, 17.95277872889271 59.37058671580762, 17.952885486922323 59.37063299181411, 17.952997637694565 59.37068053837712, 17.953120106412232 59.37072221694984, 17.9532741503077 59.37076558824218, 17.953463258549437 59.37080623291052)",true
2281,1153,1842012,Oskarsvägen,"LINESTRING (17.953277360569565 59.37151581774016, 17.95316844247028 59.37189372399908, 17.95304656238821 59.372286804357636)",true
2282,1154,1843177,Oskarsvägen,"LINESTRING (17.953463258549437 59.37080623291052, 17.953376629281006 59.371146226236974, 17.953277360569565 59.37151581774016)",true
2283,1155,1842011,Solvallavägen,"LINESTRING (17.953277360569565 59.37151581774016, 17.953884434856636 59.371516286892636, 17.95463833974766 59.37151966132102)",true
2284,1156,1843176,Karlavägen,"LINESTRING (17.954779335734045 59.37092647064339, 17.954381702266563 59.37091325258078, 17.954194248693668 59.370900347058495, 17.954014930801048 59.370880778080874, 17.95383072434799 59.37085965725198, 17.953463258549437 59.37080623291052)",true
2285,1157,885083,Lönnvägen,"LINESTRING (17.95506440119746 59.369735103538304, 17.95497475199807 59.369727422193776, 17.954400431456087 59.36967162700903, 17.953925787919434 59.3696238143624, 17.953867696872596 59.36961561477471, 17.953803538581425 59.36960425483677)",true
2286,1158,1842006,Eriksvägen,"LINESTRING (17.95463833974766 59.37151966132102, 17.954556882935524 59.371991612697926, 17.95447591845395 59.372391144633404)",true
2287,1159,1843155,Eriksvägen,"LINESTRING (17.954779335734045 59.37092647064339, 17.95470189170032 59.37125896927945, 17.95463833974766 59.37151966132102)",true
2288,1160,1842005,Solvallavägen,"LINESTRING (17.95463833974766 59.37151966132102, 17.955073431145372 59.37151650193949, 17.955625633745083 59.37151808111335, 17.95635139961898 59.37151453552244, 17.956517511891246 59.37151439020934)",true
2289,1161,1843154,Karlavägen,"LINESTRING (17.956522914012258 59.37095107655092, 17.955917520080664 59.37094270111792, 17.954779335734045 59.37092647064339)",true
2290,1162,1861169,Klintvägen,"LINESTRING (17.956178103083662 59.370216177785984, 17.956214901794066 59.37004491695599)",true
2291,1163,1861164,Falkstigen,"LINESTRING (17.956214901794066 59.37004491695599, 17.95630393175084 59.37004862716712)",true
2292,1164,1861250,Oskarsvägen,"LINESTRING (17.953463258549437 59.37080623291052, 17.95352282259219 59.37058643674062, 17.953643017540944 59.37016480082595, 17.953803538581425 59.36960425483677)",true
2293,1165,1861268,Karlavägen,"LINESTRING (17.95092427793774 59.36953143857421, 17.95131503348393 59.3697448569955, 17.952055359339422 59.370133399963635)",true
2294,1166,1861269,Björkhagsvägen,"LINESTRING (17.95236144071764 59.36948077006453, 17.952254117842163 59.36967761914753, 17.952201862276233 59.369768526578085, 17.95215725011941 59.3698440747553, 17.952121101797868 59.369927671264385, 17.952055359339422 59.370133399963635)",true
2295,1167,1861284,Lönnvägen,"LINESTRING (17.949415649029984 59.36993518109864, 17.9498217434916 59.36977540661488, 17.950337298293853 59.36958128041862, 17.9507297610475 59.36942580124313)",true
2296,1168,1861307,Lönnvägen,"LINESTRING (17.953803538581425 59.36960425483677, 17.952948518421188 59.369531909014526, 17.95236144071764 59.36948077006453)",true
2297,1169,1861316,Lönnvägen,"LINESTRING (17.95236144071764 59.36948077006453, 17.952292921601757 59.369474768494456)",true
2298,1170,1861317,Karlavägen,"LINESTRING (17.95092427793774 59.36953143857421, 17.9507297610475 59.36942580124313)",true
2299,1171,1861400,Eriksvägen,"LINESTRING (17.95506440119746 59.369735103538304, 17.95507403143278 59.369711836432536, 17.95513290814498 59.36960666979361, 17.95521821761444 59.369488835801015, 17.955352712625768 59.36933676460197, 17.95559296747603 59.36908805124071)",true
2300,1172,1861401,Eriksvägen,"LINESTRING (17.954779335734045 59.37092647064339, 17.954809481524553 59.37072318272309, 17.954875341014333 59.370411551198366, 17.954909157095138 59.370180449605876, 17.9549491002574 59.3700347276965, 17.955005427638607 59.36987759967416, 17.95506440119746 59.369735103538304)",true
2301,1176,374988,Lavettvägen,"LINESTRING (17.934327832355923 59.373560244350074, 17.93434172060659 59.37360867966366)",true
2302,1177,374987,Lavettvägen,"LINESTRING (17.93434172060659 59.37360867966366, 17.934357292511955 59.37366294480094, 17.93436164514019 59.37373632366595, 17.93421252436237 59.3745475750171, 17.9342128257688 59.37456960139776, 17.934219216886454 59.374591391864385, 17.934231553524246 59.374612500372166, 17.93424958836977 59.374632510153965)",true
2303,1178,671929,Marketenterigatan,"LINESTRING (17.930795676965126 59.37512371503842, 17.93078150028249 59.37511981942708, 17.93066764356038 59.37509392112779)",true
2304,1179,671930,Marketenterigatan,"LINESTRING (17.9314954348153 59.37550758791883, 17.931424884754488 59.375434071211075, 17.931386408270473 59.375398777629634, 17.931338141686673 59.37536205978088, 17.931280338805532 59.3753266526108, 17.93122146399596 59.37529126951919, 17.93109518160893 59.37523384131095, 17.931011272214196 59.37519463594991, 17.930947982334967 59.3751703146598, 17.930860681701358 59.37514159098471, 17.930795676965126 59.37512371503842)",true
2305,1180,677238,Ryttmästarvägen,"LINESTRING (17.932090657567834 59.375430512228014, 17.932095807131713 59.37542990937548, 17.932666962049 59.37536749619911, 17.93298804601936 59.37533149113812, 17.93327374130707 59.375286990253954, 17.933679516609963 59.37522362105915, 17.93401425038025 59.37516608181565, 17.93441759838345 59.37509666355694)",true
2306,1181,677239,Ryttmästarvägen,"LINESTRING (17.9314954348153 59.37550758791883, 17.931520764835874 59.37549932648615, 17.93176774206786 59.3754682886984, 17.932090657567834 59.375430512228014)",true
2307,1182,1969939,Rissneleden,"LINESTRING (17.933640940417394 59.37278049765332, 17.93387307651459 59.372709182742966, 17.933951832960336 59.37268756954013, 17.934042301062465 59.37267475036362, 17.93412761339707 59.37267398929399, 17.934210462093308 59.37268607939543, 17.934292818602575 59.37270795706947, 17.934379180792476 59.37273441713671, 17.934455647150976 59.37275557365076, 17.934534743503505 59.372767433517055, 17.934620689961307 59.37276830225339, 17.934701089068856 59.37275673367671, 17.93479193029072 59.372731936496315, 17.934922052630455 59.3726951124632, 17.93504391817222 59.372671746227766, 17.935152088696555 59.372660846026555, 17.93524781282575 59.372664836903226, 17.935259113682246 59.37266744890838, 17.93525912086658 59.37266745054376)",true
2308,1189,549941,Skvadronsbacken,"LINESTRING (17.939229104249165 59.37412021188811, 17.939273125305508 59.37411208459242)",true
2309,1191,549937,Ridvägen,"LINESTRING (17.939007222214787 59.375381844323165, 17.939190442151837 59.375394660746906)",true
2310,1192,549936,Kavallerivägen,"LINESTRING (17.939190442151837 59.375394660746906, 17.939334682434907 59.37542585118981)",true
2311,1193,1841435,Kavallerivägen,"LINESTRING (17.940057774952468 59.37549056587417, 17.94049142176015 59.37551953645037, 17.9406888574305 59.37553829324537, 17.940772822953818 59.37555117182288, 17.940850461081805 59.37557394269977, 17.940916384427602 59.37560641292158, 17.94097684806549 59.375645781589824, 17.941037162661054 59.37569196484474, 17.94141275204002 59.37611008364744, 17.94172932964157 59.376450439929826)",true
2312,1194,1841436,Kavallerivägen,"LINESTRING (17.94004033286041 59.37548940110416, 17.940057774952468 59.37549056587417)",true
2313,1195,1841437,Kavallerivägen,"LINESTRING (17.939334682434907 59.37542585118981, 17.939400312460158 59.37544417611292, 17.93949262264957 59.37545338085419, 17.939632368196886 59.37546214489147, 17.94004033286041 59.37548940110416)",true
2314,1196,1841551,Pjäsbacken,"LINESTRING (17.93596749349992 59.374486881938985, 17.936098345840975 59.37458283253714)",true
2315,1197,1841643,Skvadronsbacken,"LINESTRING (17.939561569613314 59.37405622147756, 17.939711485328516 59.374027348063855, 17.940345337253436 59.37389270548857, 17.940897834226863 59.37378081415226, 17.9410127277482 59.37376599238003, 17.94112630403507 59.37375608851088, 17.941264267589993 59.37375289483716, 17.941373377096202 59.37375748682139, 17.941481458960606 59.37377216602386, 17.94158516000008 59.373793997864205, 17.941712641546417 59.37383016452178, 17.942300765597135 59.374034330326566)",true
2316,1198,1841644,Skvadronsbacken,"LINESTRING (17.939461065721677 59.37407557880004, 17.939561569613314 59.37405622147756)",true
2317,1199,1841645,Skvadronsbacken,"LINESTRING (17.939273125305508 59.37411208459242, 17.939461065721677 59.37407557880004)",true
2318,1200,1841815,Rissneleden,"LINESTRING (17.935936645885807 59.37285905305756, 17.935790013342018 59.37292362967843, 17.935666683006367 59.37297669172025, 17.935408704013753 59.37308979168365, 17.935155704039193 59.37319655184245, 17.935015782364168 59.37324876474342, 17.934871524000798 59.37329970029729, 17.93475393203759 59.37334095968797, 17.93458242770385 59.373391214344764, 17.93442807964534 59.373436454886345)",true
2319,1201,1841863,Rissneleden,"LINESTRING (17.937772676309457 59.37250246597679, 17.93733484784524 59.37254127574729, 17.93717794322282 59.37255810124747, 17.937039988763747 59.37258007079016, 17.936868457297223 59.37261100071, 17.936728047528298 59.372636547669124, 17.93658418774352 59.372666790897554, 17.936442648530463 59.37270025252166, 17.936310910358124 59.37273710550871, 17.936185947552083 59.372770867389725, 17.936063487864438 59.37281138400627, 17.935936645885807 59.37285905305756)",true
2320,1202,1861036,Rissneleden,"LINESTRING (17.93808725100446 59.372437795038074, 17.937772676309457 59.37250246597679)",true
2321,1203,1969937,Rissneleden,"LINESTRING (17.935449642289104 59.372711610902094, 17.93550900495505 59.372725369358754, 17.935729180574373 59.37278680706767, 17.935936645885807 59.37285905305756)",true
2322,1204,1969938,Rissneleden,"LINESTRING (17.93525912086658 59.37266745054376, 17.93544964045424 59.372711610044846, 17.935449642289104 59.372711610902094)",true
2323,1205,677241,Ryttmästarvägen,"LINESTRING (17.930769005868566 59.37630901768441, 17.93080030257249 59.37628602936133)",true
2324,1206,677240,Ryttmästarvägen,"LINESTRING (17.93080030257249 59.37628602936133, 17.930828668082203 59.37626519162904, 17.930885913394906 59.37617440628743, 17.9309899950279 59.37599853289312, 17.931119877827122 59.37580334393004, 17.931208076536663 59.37566869476382, 17.93131341114365 59.37558078164789, 17.931430900896473 59.3755286191071, 17.9314954348153 59.37550758791883)",true
2325,1207,1841474,Ryttmästarvägen,"LINESTRING (17.93416306420252 59.374927142916064, 17.934191060895024 59.374927132784826, 17.934313693753495 59.37491682442108)",true
2326,1208,1841475,Ryttmästarvägen,"LINESTRING (17.933446752333072 59.37510752388402, 17.933589893769224 59.37504681169932, 17.93374080017964 59.37497265258833, 17.933786400726387 59.37494935956442, 17.933838039696095 59.37492951595703, 17.933907669881187 59.3749159348768, 17.933976756252314 59.374911342804054, 17.934045997110243 59.37491872527825, 17.9341169150293 59.374927175222, 17.93416306420252 59.374927142916064)",true
2327,1209,1841513,Lavettvägen,"LINESTRING (17.93424958836977 59.374632510153965, 17.934272996184077 59.37476826181212, 17.934285530284363 59.374836676072285, 17.934313693753495 59.37491682442108)",true
2328,1210,1841552,Pjäsbacken,"LINESTRING (17.934350061959517 59.374637401273546, 17.934462523748415 59.37464286712249, 17.93455294314895 59.374647759764706, 17.934642206054047 59.374650476859586, 17.934728356053046 59.374645904606396, 17.93481571737235 59.374634772352096, 17.93490148765599 59.374614402517295, 17.93498829391395 59.37458422376816, 17.935090397469114 59.37454238741963, 17.93518026635122 59.37450099719318, 17.93524485448136 59.374465163254214, 17.935318944604177 59.37442783035565, 17.93540420867848 59.37439876433753, 17.935476907904565 59.374383226267355, 17.935574308719765 59.37437030388909, 17.935660592818827 59.37436790255068, 17.935741503847726 59.374374023880634, 17.935816848959693 59.37439437821558, 17.9358932307631 59.374432420171836, 17.93596749349992 59.374486881938985)",true
2329,1211,1841553,Pjäsbacken,"LINESTRING (17.93424958836977 59.374632510153965, 17.934350061959517 59.374637401273546)",true
2330,1212,1841618,Lavettvägen,"LINESTRING (17.934480057374284 59.37517999363477, 17.93453180480193 59.37523473838464, 17.934612713574662 59.37530456977232, 17.934664214101694 59.37535523149643, 17.934697677103614 59.375398283932945, 17.93472304993893 59.375439820173035, 17.934738382035768 59.37548314597579, 17.934744071125344 59.37552552969482, 17.934732817248914 59.375561357802376, 17.934706451467903 59.37559388685934, 17.93465730473907 59.375619955767995, 17.934604023538167 59.37563954911305, 17.934531789809483 59.375653988889205, 17.93445511197739 59.37566550044841, 17.934350671975704 59.375676891044186, 17.93369779070319 59.375733387042104, 17.933525655827918 59.37574552758039, 17.933422802295823 59.37574736577391, 17.933330903708484 59.37574494972557, 17.933233734632744 59.37573472673588, 17.933125197970586 59.37571216136702, 17.932970082853906 59.375668772454766)",true
2331,1213,1841619,Lavettvägen,"LINESTRING (17.93441759838345 59.37509666355694, 17.93442869484357 59.3751138102732, 17.934480057374284 59.37517999363477)",true
2332,1214,1841620,Lavettvägen,"LINESTRING (17.934313693753495 59.37491682442108, 17.934386482560395 59.37504857110723, 17.93441759838345 59.37509666355694)",true
2333,1215,765456,Mjölnerbacken,"LINESTRING (17.937694703295552 59.37865529469461, 17.937644262529744 59.378817825282795, 17.93753921510061 59.37884488525753, 17.93704244302941 59.378898877032654)",true
2334,1216,1841434,Trossvägen,"LINESTRING (17.94172932964157 59.376450439929826, 17.941772786193283 59.37650912515525, 17.941832129401682 59.37661112295629, 17.941866054836186 59.376670769058244, 17.94189566066394 59.376729946524804, 17.941914051170524 59.37678873908569, 17.94191872761485 59.37684147916539, 17.941913905505498 59.37690470438867, 17.941898903582032 59.37695775375409, 17.94187188518166 59.377015603137906, 17.94182852506838 59.377076705729344, 17.941764026920605 59.37714139438701, 17.941702607140908 59.37719487112951, 17.941627181573605 59.377245842324086, 17.941532527635466 59.377296833985305, 17.941458385919795 59.37733336285362, 17.941363231776336 59.377366394034176, 17.941285654323096 59.377389898994544, 17.941195981029445 59.377407332813775, 17.9411044005143 59.3774196247808, 17.941014859431863 59.37743025322695, 17.9409177721363 59.37743935352487, 17.940810290188406 59.377444536784964, 17.940671232967826 59.377447475865495, 17.940454379441505 59.377452699694125, 17.940223410236936 59.37746248282231)",true
2335,1217,1853894,Valkyriavägen,"LINESTRING (17.943552275837263 59.37693137714122, 17.94336462013117 59.3771425037859, 17.94328574068883 59.3772346461401, 17.94317329676777 59.3773733020211, 17.94309142960597 59.37748725738627, 17.943047783839653 59.377561701815594, 17.943012650982755 59.377626482991516, 17.94298514655578 59.37769414712766, 17.942961393724847 59.377762023098384, 17.942940824338677 59.377829854156865, 17.942929821067427 59.377896714455886, 17.94293682113419 59.377961407124495, 17.942958359036663 59.37802803604128, 17.942991389153022 59.37808198711763, 17.943052958324724 59.37814011931209, 17.943134803921147 59.37818025340357, 17.943231890746723 59.378207076813545, 17.943350952918912 59.37822676349086, 17.943632985043294 59.37825075881998, 17.94420734273198 59.378282798987776, 17.944501654971095 59.37828837273254, 17.944650648722092 59.378290722472975, 17.944809715275877 59.37828312184777, 17.94498895902548 59.37826430919269)",true
2336,1218,1853895,Odalvägen,"LINESTRING (17.94498895902548 59.37826430919269, 17.944959825318826 59.378177364443225, 17.94495354142607 59.3781428929715, 17.94494820318989 59.37807953764794, 17.944958942420335 59.378008055383845, 17.945080769128968 59.37756679471251, 17.945121076771546 59.37747199116558, 17.945156875285807 59.37740011348435, 17.945203568146344 59.377332428670215, 17.94531766351103 59.377194838859864, 17.94538607297324 59.37712436295787, 17.94547329065815 59.3770563375319, 17.945560564586597 59.376998096345076, 17.945667855144602 59.37694446183645, 17.945819546242255 59.37689313971121)",true
2337,1219,1853956,Artillerivägen,"LINESTRING (17.940217550898108 59.3768987731291, 17.940269737584547 59.37725161023695, 17.94027188642465 59.377306303350316, 17.94026344132312 59.37736250239683, 17.940223410236936 59.37746248282231)",true
2338,1220,1854041,Kasernvägen,"LINESTRING (17.938000246915923 59.37713955803073, 17.93783708892095 59.37714500513679)",true
2339,1221,1854042,Kasernvägen,"LINESTRING (17.940066729742608 59.37770172326174, 17.93990351228014 59.37768435029881, 17.939847370836723 59.377672955315504, 17.939791581773427 59.377649565289694, 17.93975798155958 59.37762231419612, 17.93972322537602 59.37757602126931, 17.939676506061094 59.37751603414297, 17.9396397599152 59.37746241770343, 17.93958886051783 59.377404384868626, 17.939516842166764 59.377349955270866, 17.939439514878718 59.37730457723524, 17.939351920816947 59.377266718132006, 17.93925463839323 59.3772363469277, 17.939121603157883 59.377205712395906, 17.938985561864783 59.37717838937742, 17.938851433276056 59.37715647748769, 17.93870693620125 59.37713989414123, 17.938573651336142 59.37713240314375, 17.9384241001232 59.37712924139168, 17.938242842314366 59.37713146670541, 17.938000246915923 59.37713955803073)",true
2340,1222,1841561,Björkhagsvägen,"LINESTRING (17.951079818707466 59.37407839336832, 17.951007259115652 59.37430409836226, 17.951001624478124 59.37433549670499, 17.95099579366592 59.374372335932534, 17.951005106100162 59.37440350373962, 17.95103304691849 59.374430240351906)",true
2341,1223,1841560,Tuppstigen,"LINESTRING (17.95103304691849 59.374430240351906, 17.951035067348165 59.374432173299866, 17.951081463458305 59.37444997531691, 17.951362570651764 59.37453086396216, 17.951483319215207 59.37456112620296, 17.951566901545622 59.3745764596665, 17.95166867722856 59.374583329802405, 17.95178177379731 59.37458350065303, 17.952289165305515 59.374575434165266, 17.952950990421108 59.37455409086391)",true
2342,1224,1841659,Oskarsvägen,"LINESTRING (17.952950990421108 59.37455409086391, 17.952852134961564 59.37446985916313, 17.952784628170033 59.37440147826022, 17.952724702679028 59.374335432659656, 17.95266734253238 59.37425818645554, 17.95262861758933 59.37419861567244, 17.952597644022976 59.37413483465801, 17.95257299020166 59.37406961653216, 17.952556312177094 59.37400398412103, 17.952557392104552 59.373941085563594, 17.952566104884472 59.37388051219363, 17.952579036798245 59.373810345199594, 17.952691664349558 59.373486288848184)",true
2343,1225,1841638,Oskarsvägen,"LINESTRING (17.9531323600031 59.37487009477403, 17.95312075416599 59.374736881630376, 17.953106339572535 59.374673399536306, 17.953057063406664 59.37461562244318, 17.952950990421108 59.37455409086391)",true
2344,1226,1841501,Kyrkogårdsvägen,"LINESTRING (17.954554740575055 59.37437589208196, 17.954281038306338 59.37440243025056, 17.953735375587332 59.37446663481192, 17.952950990421108 59.37455409086391)",true
2345,1227,1841665,Kyrkogårdsvägen,"LINESTRING (17.95670588730991 59.374126580883875, 17.95656626562026 59.3741380416092)",true
2346,1228,1841666,Kyrkogårdsvägen,"LINESTRING (17.957019162683824 59.37448264835276, 17.956908970485955 59.374339333981794, 17.95670588730991 59.374126580883875)",true
2347,1229,1841671,Björkhagsvägen,"LINESTRING (17.951228708882212 59.3734643975284, 17.95115279383596 59.373759845990094, 17.951079818707466 59.37407839336832)",true
2348,1230,1841743,Gökvägen,"LINESTRING (17.952691664349558 59.373486288848184, 17.953448927568086 59.37350024298582, 17.95424518653141 59.373506228114046)",true
2349,1231,1841752,Gökvägen,"LINESTRING (17.952691664349558 59.373486288848184, 17.952398715148174 59.3734848008751, 17.951918690097486 59.37347692742338, 17.951228708882212 59.3734643975284)",true
2350,1232,1841884,Alms väg,"LINESTRING (17.95304656238821 59.372286804357636, 17.951545440341324 59.37219553050043)",true
2351,1233,1841885,Björkhagsvägen,"LINESTRING (17.951545440341324 59.37219553050043, 17.951428806707163 59.372660125538445, 17.95132488750023 59.37310492423441, 17.951228708882212 59.3734643975284)",true
2352,1234,1841886,Alms väg,"LINESTRING (17.95028395441451 59.3724324249493, 17.950333575627738 59.372369047843456, 17.950387162674513 59.37233692362745, 17.950479668042618 59.372304466635384, 17.950586354488536 59.372286479306695, 17.950797538059426 59.37226745634412, 17.95112694658619 59.372235988908066, 17.951545440341324 59.37219553050043)",true
2353,1235,1843143,Ringvägen,"LINESTRING (17.956924851751847 59.37235305773357, 17.956795186962097 59.372335016945264, 17.95662623770624 59.372310678368315)",true
2354,1236,1853888,Rissneleden,"LINESTRING (17.94635814931351 59.378284631213766, 17.94654009498038 59.37824055546671, 17.9467170114135 59.37819129508421, 17.946880008442065 59.37815067896476, 17.947016384832907 59.37812027925438, 17.947156631094472 59.378091454294136, 17.947319667416316 59.37806063128729, 17.947479617020758 59.37803178285769, 17.94763981368803 59.37800699922784, 17.947829511833763 59.37797577941344, 17.94801220902033 59.37795256227199, 17.948244198234633 59.37792368331148, 17.94842185682259 59.37790571943761, 17.948641735510055 59.377879746506075, 17.948846754471983 59.37785482818666, 17.949055898727647 59.37782793817937, 17.949238546008978 59.37779463830136, 17.94940417025278 59.37776242418554, 17.949550630939214 59.37773077821845, 17.949714185266714 59.37768143857159, 17.949872115477298 59.37762757130118, 17.950006873282522 59.37757839762649, 17.95021298516488 59.37749111752687, 17.950344921796418 59.37743056833956, 17.950483974386934 59.37735464491109, 17.950648152893507 59.377252758613025, 17.95083742063296 59.377132799751664, 17.950958120677125 59.377053624962755, 17.95106370709215 59.376989394196166, 17.951177193523208 59.376923672563684, 17.951287461541003 59.37686671300996, 17.951396378415804 59.376813863525726, 17.951532280521462 59.376757051260576, 17.951656874586476 59.376707503849026, 17.95178526154999 59.376659254254, 17.951953940529233 59.37660656970665, 17.952111031374727 59.37656521792881, 17.952278762438265 59.37652371485157, 17.95245093798953 59.376485130144054, 17.952609742797414 59.3764551959046, 17.95275662861383 59.3764311655714, 17.95289734937792 59.376410761231014, 17.95303675447546 59.37639527484929, 17.953198535237036 59.37637972173674, 17.953345243126662 59.376370656225816, 17.95351541129691 59.37636123875113, 17.95368268729345 59.37635703548352, 17.953858231582387 59.3763575958654, 17.954045288516195 59.376363169838356, 17.954237370454823 59.37637245764947, 17.954417630827336 59.3763895702076, 17.954572461697243 59.376409496340855, 17.954722138870626 59.376432522411946, 17.95485596090101 59.37645850460912, 17.955029301785416 59.376502928476484, 17.955208922960335 59.37656305184576, 17.9554000284954 59.37663715723114, 17.95558714599534 59.37671621412171, 17.955845236997433 59.37685843172627)",true
2355,1237,1853979,Skidbacken,"LINESTRING (17.957544433813712 59.37633516808955, 17.957047095735202 59.376405172974586, 17.956940457811804 59.37642423366392, 17.956844981696918 59.37644286137961, 17.95673890871494 59.3764714431041, 17.956643712802663 59.37650339935687, 17.956549502851352 59.37654324074907, 17.956207081234236 59.37668898430313, 17.955845236997433 59.37685843172627)",true
2356,1238,1854053,Bergshöjden,"LINESTRING (17.95560932097766 59.376938129725936, 17.95570631129052 59.376908757454274, 17.955845236997433 59.37685843172627)",true
2357,1239,1854054,Bergshöjden,"LINESTRING (17.955213369851517 59.37700836276633, 17.955441896073456 59.376975442760646, 17.955573702712424 59.37694892055941, 17.95560932097766 59.376938129725936)",true
2358,1240,1969905,Rissneleden,"LINESTRING (17.955845236997433 59.37685843172627, 17.9562830408179 59.37718872760168, 17.95663348944435 59.377445709754866)",true
2359,1241,1841861,Alms väg,"LINESTRING (17.95304656238821 59.372286804357636, 17.95380689117152 59.37234398949201, 17.95447591845395 59.372391144633404)",true
2360,1242,1841862,Oskarsvägen,"LINESTRING (17.952691664349558 59.373486288848184, 17.952883353532332 59.372811457303236, 17.95304656238821 59.372286804357636)",true
2361,1243,1841849,Alms väg,"LINESTRING (17.95662623770624 59.372310678368315, 17.95644181048607 59.37248447886502, 17.956400820574984 59.37250389247663, 17.956347432480076 59.37252105324091, 17.95626413277243 59.372537849983864, 17.956172285337825 59.372545252584366, 17.95606135357757 59.37254560266293, 17.95590605356352 59.3725354658122, 17.955563729277173 59.372510788911065)",true
2362,1244,1841839,Alms väg,"LINESTRING (17.954569919354718 59.372401286064175, 17.95447591845395 59.372391144633404)",true
2363,1245,1841841,Eriksvägen,"LINESTRING (17.95447591845395 59.372391144633404, 17.95439745205883 59.37278763654484, 17.954318881597434 59.37312831946737, 17.95424518653141 59.373506228114046)",true
2364,1246,1841840,Alms väg,"LINESTRING (17.955563729277173 59.372510788911065, 17.95509867605566 59.372458332461086, 17.954569919354718 59.372401286064175)",true
2365,1247,569543,Harstigen,"LINESTRING (17.957564154821636 59.37307095783165, 17.957372037063838 59.372861551355435, 17.957215117790042 59.37280414209384, 17.956924851751847 59.37235305773357)",true
2366,1248,1841817,Olovsvägen,"LINESTRING (17.956117660863658 59.3732786338944, 17.95611210087704 59.37326897435732, 17.95604105420638 59.373185668927285, 17.95587800814351 59.37299053565089, 17.955649963759267 59.372706289342126, 17.955593555589214 59.37263638220355, 17.95557103776864 59.372589078904696, 17.95556049940298 59.37254650013628, 17.955563729277173 59.372510788911065)",true
2367,1249,569544,Harstigen,"LINESTRING (17.957748207654344 59.37356772697139, 17.957682603764876 59.37332058502603, 17.95769471931896 59.373213279245846, 17.957564154821636 59.37307095783165)",true
2368,1250,1841818,Olovsvägen,"LINESTRING (17.956184042778265 59.37339390001781, 17.956117660863658 59.3732786338944)",true
2369,1251,1841682,Långlötsvägen,"LINESTRING (17.959126383099395 59.37324648344548, 17.958856661059755 59.37330400528568, 17.958666172803078 59.37334858571178, 17.958454857210523 59.37341037924617, 17.958208882950267 59.373481405686576, 17.957959022000477 59.37353208593549, 17.957748207654344 59.37356772697139)",true
2370,1252,1841753,Gökvägen,"LINESTRING (17.95424518653141 59.373506228114046, 17.95448575731441 59.373515054415755, 17.954564634433055 59.37351356319709, 17.954662406589723 59.373507438266515, 17.954766215311576 59.373494401082944, 17.954880799044357 59.373474676698244, 17.954989127679582 59.37344822879691, 17.955115912489756 59.37341797473481, 17.955215595986587 59.373399019152664, 17.955317547812054 59.3733816474964, 17.95541555588679 59.37337034976528, 17.955502575071637 59.37336247312135, 17.95559542746924 59.373362946828834, 17.955702096846274 59.373371652752596, 17.955834886472203 59.37338894089355, 17.95592615831931 59.37339896625122, 17.95600632331202 59.37340155149796, 17.95608622518514 59.3733994969627, 17.956184042778265 59.37339390001781)",true
2371,1253,1841664,Olovsvägen,"LINESTRING (17.95638615249577 59.37375368491184, 17.956184042778265 59.37339390001781)",true
2372,1254,1841650,Eriksvägen,"LINESTRING (17.95424518653141 59.373506228114046, 17.954190499483488 59.37376325030696, 17.954187440088745 59.37380194990179, 17.954189584950605 59.3738381323282, 17.95420598243394 59.3738721766103, 17.954554740575055 59.37437589208196)",true
2373,1255,1841681,Långlötsvägen,"LINESTRING (17.957748207654344 59.37356772697139, 17.957459376306005 59.3736165587561, 17.957037132642707 59.373684042767515, 17.95638615249577 59.37375368491184)",true
2374,1256,1841610,Olovsvägen,"LINESTRING (17.956407282110742 59.37379877400386, 17.95638615249577 59.37375368491184)",true
2375,1257,1841611,Olovsvägen,"LINESTRING (17.95656626562026 59.3741380416092, 17.956407282110742 59.37379877400386)",true
2376,1258,1841540,Kyrkogårdsvägen,"LINESTRING (17.954554740575055 59.37437589208196, 17.95480492933914 59.37437558590833, 17.955051574389778 59.37434265998894, 17.955392849423973 59.37429520570335, 17.955809020136712 59.37424198170069, 17.95656626562026 59.3741380416092)",true
2377,1259,1843102,Långlötsvägen,"LINESTRING (17.960590918211615 59.37108004645904, 17.96058790757553 59.37111084032406, 17.960633925384847 59.37116730488448, 17.9610013874712 59.37149022342417, 17.96106989365619 59.371557220677566, 17.96109500910278 59.37159385177712, 17.9611102597654 59.371635271803434, 17.961118311485244 59.3716811596098, 17.96108063307405 59.37197248475765, 17.961064480253075 59.372176912491355, 17.961051319469412 59.37223375073177, 17.96102272181601 59.37228236707862, 17.96097828523947 59.37233369750773, 17.9609182120011 59.37238198643183, 17.96083711736971 59.37242706858883, 17.9605389524908 59.372562348090376, 17.9604406446757 59.372604693832216, 17.960376947483667 59.37264596593149, 17.96033779901878 59.37268768691672, 17.960286544751032 59.372758985815835, 17.960169278264043 59.3729587095379, 17.96014357919384 59.37299313400941, 17.960096494154953 59.3730355203755, 17.96000467922491 59.37311560284999, 17.959940314854837 59.37314600794283, 17.959880195085667 59.373166530983866, 17.959809032147255 59.37318096069906, 17.959725268726178 59.37318961099244, 17.95961153287419 59.373196803094025, 17.9594265548185 59.373207823044645, 17.959126383099395 59.37324648344548)",true
2378,1260,1843128,Sveavägen,"LINESTRING (17.959329557887234 59.37207747913292, 17.95932416185864 59.372091323095674, 17.95928476373447 59.37215563996064, 17.95925647933731 59.37222767499511, 17.959247887789022 59.37229858901639, 17.959255638542942 59.37240246071212, 17.959276098705477 59.372495790975094, 17.95929269024003 59.3725687751415, 17.959292745847055 59.37264173034164, 17.95928424065487 59.37272353330282, 17.95927722872469 59.37278489540059, 17.959254694215737 59.372863916715076, 17.959204474205812 59.37299781435129, 17.959126383099395 59.37324648344548)",true
2379,1261,1962372,Ursviksvägen,"LINESTRING (17.963076389050464 59.37206391087232, 17.963040537086044 59.37203695668104, 17.962884254227205 59.37190217102791, 17.962837463463533 59.371845176625705)",true
2380,1262,1962373,Ursviksvägen,"LINESTRING (17.963086268721913 59.37207133779405, 17.963076389050464 59.37206391087232)",true
2381,1263,1969933,Kyrkogårdsvägen,"LINESTRING (17.960541797800225 59.37342142509459, 17.960747789259838 59.37327600946731, 17.961008172190795 59.37305108182881, 17.96159686641585 59.372552478579486, 17.96216204548993 59.37206304220982, 17.962264700852852 59.37197753585678)",true
2382,1264,1841914,Högåsvägen,"LINESTRING (17.948427662744532 59.37239693100001, 17.948831107212158 59.37220970540968, 17.9489925162496 59.3721154855275)",true
2383,1265,1841913,Alms väg,"LINESTRING (17.9489925162496 59.3721154855275, 17.949298869722437 59.37220879169721, 17.94973506653874 59.37230580857582, 17.95028395441451 59.3724324249493)",true
2384,1266,1841949,,"LINESTRING (17.942719581712126 59.37226383411829, 17.9432764308749 59.37227219912349)",true
2385,1267,1841950,Solvallavägen,"LINESTRING (17.941797792707984 59.37246360178601, 17.942719581712126 59.37226383411829)",true
2386,1268,1841894,Rinkebyvägen,"LINESTRING (17.9432764308749 59.37227219912349, 17.94364566528413 59.37228288461476, 17.944978710191968 59.372328363873706)",true
2387,1269,1841902,Rinkebyvägen,"LINESTRING (17.944978710191968 59.372328363873706, 17.945403706841155 59.372343903953, 17.945606298066874 59.37234189610651, 17.945753476245113 59.37234127497547, 17.945879248246253 59.37233907968271, 17.946014657667497 59.37232883979385, 17.946161735491355 59.37230778666445, 17.946301793657835 59.3722770615158, 17.946463346233944 59.37223919185317, 17.946620954072745 59.372189145478366)",true
2388,1270,1841901,Kronstigen,"LINESTRING (17.946620954072745 59.372189145478366, 17.94672999011758 59.37230126817134, 17.94678565692266 59.37236792478542, 17.946827196664252 59.372430452747516, 17.946856367392222 59.372491256476124, 17.94688627269128 59.37255504486508, 17.947102290702095 59.37281743619771)",true
2389,1271,1841948,Högalidsvägen,"LINESTRING (17.94333930073059 59.373133679874435, 17.94331037809463 59.37270481024257, 17.9432764308749 59.37227219912349)",true
2390,1272,1841879,Ekovägen,"LINESTRING (17.944978710191968 59.372328363873706, 17.9449137929767 59.372893700715494)",true
2391,1273,1841858,Högåsvägen,"LINESTRING (17.947102290702095 59.37281743619771, 17.9472838412261 59.37278416346859, 17.947425405448868 59.37275150706265, 17.94756445040713 59.372712347795876, 17.947724861333 59.37266415968502, 17.947941639808377 59.372586238457345, 17.948190504391622 59.372500483365954, 17.948427662744532 59.37239693100001)",true
2392,1274,1841945,Fjällbacken,"LINESTRING (17.948825482026695 59.37308313165764, 17.948811846629898 59.37279721378184, 17.948809063422253 59.37272320636682, 17.948805674284433 59.37269249750608, 17.948787641163918 59.37265820208084, 17.948750126482597 59.3726187491626, 17.948603224124078 59.372515922305546, 17.948427662744532 59.37239693100001)",true
2393,1275,1841848,Rissnestigen,"LINESTRING (17.950005424770552 59.37387927810377, 17.950033148250768 59.3737430002424, 17.950102848728015 59.373359712701415, 17.950163676949536 59.37304353456702, 17.95022472863681 59.37273986861765, 17.95028395441451 59.3724324249493)",true
2394,1276,1841791,Högåsvägen,"LINESTRING (17.9449137929767 59.372893700715494, 17.94555863653613 59.37291949555924, 17.94596598018833 59.37293421972014, 17.94619214370093 59.37293374503326, 17.946390654548622 59.37292606831508, 17.946568743951754 59.372906461426844, 17.9468637911388 59.372862204014965, 17.947102290702095 59.37281743619771)",true
2395,1277,1841783,Ekovägen,"LINESTRING (17.944871611314916 59.3732745837856, 17.94487157613013 59.373273569180995, 17.944876221238612 59.37320735544901, 17.9449137929767 59.372893700715494)",true
2396,1278,1841617,Tvärstigen,"LINESTRING (17.94958745380358 59.37381109839816, 17.950005424770552 59.37387927810377)",true
2397,1279,1841600,Tvärstigen,"LINESTRING (17.951079818707466 59.37407839336832, 17.95093205137444 59.37405125845462, 17.950571939899753 59.37398737024865, 17.950005424770552 59.37387927810377)",true
2398,1280,754151,Ekovägen,"LINESTRING (17.945809836896018 59.37407244422233, 17.94594471447118 59.374146090351076, 17.946393657360392 59.37471035486886, 17.946392092650566 59.37474164747973)",true
2399,1281,1853985,Odalvägen,"LINESTRING (17.945819546242255 59.37689313971121, 17.946369972766973 59.37673633427059, 17.946410416383618 59.376716388194346, 17.946431317837433 59.376691016034975, 17.946431166246132 59.37666106966178, 17.946416197192384 59.376633264337634, 17.946387465210705 59.37660757622426, 17.946307447430556 59.376544273311126, 17.94626108078327 59.37652701706336, 17.946206876963643 59.37652131398908, 17.946140551064456 59.37652750353127, 17.946079476134056 59.37654123929289, 17.945745615161428 59.37663373581699, 17.945687756571722 59.37665694166989, 17.945656789899605 59.376683826105754, 17.945651114310266 59.37671440734435, 17.945666420337837 59.37674792911047, 17.94569198079231 59.37677421021764, 17.945819546242255 59.37689313971121)",true
2400,1282,1861163,Falkstigen,"LINESTRING (17.95630393175084 59.37004862716712, 17.956453397635595 59.37005485565322, 17.95684914972032 59.370072450118805, 17.957249167749087 59.37008969500005)",true
2401,1283,1842004,Solvallavägen,"LINESTRING (17.956517511891246 59.37151439020934, 17.956569423678246 59.371514344099175)",true
2402,1284,1842001,Alms väg,"LINESTRING (17.956866364295195 59.371520688520235, 17.956934784337765 59.371538756249514, 17.957004776052763 59.3715766075581, 17.957077540658442 59.371634569238815, 17.957111336643138 59.37168277563057, 17.95712150337092 59.371728346047185, 17.957107889700378 59.37177783463161, 17.957064466210866 59.37182832295323, 17.956991915612647 59.371909484855166, 17.95687875722881 59.372025561454095, 17.956724281938214 59.37218257128601, 17.95662623770624 59.372310678368315)",true
2403,1285,1842003,Solvallavägen,"LINESTRING (17.956569423678246 59.371514344099175, 17.9565875433748 59.37151432849278)",true
2404,1286,1843149,Alms väg,"LINESTRING (17.956522914012258 59.37095107655092, 17.956554527741208 59.3712963339863)",true
2405,1287,1843148,Karlavägen,"LINESTRING (17.95864903023539 59.37092267649398, 17.958489048658883 59.3709324899275, 17.958220375366167 59.37094425772276, 17.9578155818458 59.370954575922056, 17.957331340087133 59.370956325669674, 17.956809571590224 59.37095455772763, 17.956522914012258 59.37095107655092)",true
2406,1288,1842002,Solvallavägen,"LINESTRING (17.9565875433748 59.37151432849278, 17.95663249039031 59.371514288469115, 17.956756746315953 59.371513725481215, 17.95685785104938 59.37151844106736, 17.956866364295195 59.371520688520235)",true
2407,1289,1843144,Ringvägen,"LINESTRING (17.95864903023539 59.37092267649398, 17.958637331675764 59.37101351082887, 17.958627871532823 59.37105204139434, 17.95862829803226 59.3710953257397, 17.958629126209637 59.371136147819314, 17.958636131084905 59.3711825896589, 17.958650171143333 59.371230561163266, 17.958669645795275 59.37128008068875, 17.958703419314165 59.371345989414046, 17.958824863425622 59.37155945134164, 17.958863622950563 59.371655493367285, 17.9588722674262 59.371693469213554, 17.958871473406813 59.371734058539225, 17.95885527514052 59.37177568045544, 17.958817808497862 59.37181872865502, 17.958566218642193 59.3720112648397, 17.95836656098977 59.37216189784358, 17.958183347145088 59.37231091729085, 17.95814747427477 59.37233569673759, 17.958106462090704 59.37235484183195, 17.95805576885223 59.37236351339515, 17.957999000780017 59.3723687464065, 17.957935101966726 59.37237054684693, 17.957691719366853 59.37236857516351, 17.957086899073197 59.372361018474386, 17.956924851751847 59.37235305773357)",true
2408,1290,1861162,Falkstigen,"LINESTRING (17.957249167749087 59.37008969500005, 17.957710539574155 59.370107900797436, 17.958298561127222 59.37013831796097, 17.95878201788785 59.3701687068324)",true
2409,1291,1861133,Ringvägen,"LINESTRING (17.95878201788785 59.3701687068324, 17.958738670833927 59.37024749961595, 17.958718908551347 59.37031913443805, 17.958704708541706 59.37040348384066, 17.958690328535745 59.370530017104606, 17.958671900219834 59.370696368882285, 17.95864903023539 59.37092267649398)",true
2410,1292,1843138,Karlavägen,"LINESTRING (17.95864903023539 59.37092267649398, 17.958869164293073 59.37091982736468, 17.959075076624792 59.370920463747474, 17.959397451061175 59.37092365858001, 17.95967315613604 59.37094065428614)",true
2411,1293,1843129,Sveavägen,"LINESTRING (17.95946866641686 59.37155424433966, 17.959474400078903 59.37158346209435, 17.959476461293484 59.371681442418414, 17.959458167052606 59.37176910181428, 17.959389459352053 59.3719239790357, 17.959329557887234 59.37207747913292)",true
2412,1294,1843130,Sveavägen,"LINESTRING (17.95967315613604 59.37094065428614, 17.95957375116804 59.37107257777987, 17.959508239578188 59.37120915914267, 17.959488011192004 59.37126392017554, 17.959465267758848 59.37133042895445, 17.959451342676278 59.371401149591854, 17.959455290383396 59.37148603058202, 17.95946866641686 59.37155424433966)",true
2413,1295,1843127,Karlavägen,"LINESTRING (17.95967315613604 59.37094065428614, 17.95997735954304 59.3709610009986, 17.960264939563025 59.37098979386495)",true
2414,1296,1861130,Sveavägen,"LINESTRING (17.96108407168325 59.3696627783603, 17.960891736116597 59.36971175354531, 17.96082802393586 59.36972552944848, 17.960742379676322 59.36975652625912, 17.96067409429956 59.36979216082854, 17.960601123999375 59.36983928690627, 17.96020810597824 59.37015597111203, 17.960114550842377 59.37023337060202, 17.960054793413157 59.37029636191942, 17.960021906769366 59.37034424875595, 17.959814268935506 59.37069318651668, 17.95967315613604 59.37094065428614)",true
2415,1297,1843126,Karlavägen,"LINESTRING (17.960264939563025 59.37098979386495, 17.960595214083238 59.37103612735284)",true
2416,1298,1843103,Långlötsvägen,"LINESTRING (17.960595214083238 59.37103612735284, 17.960590918211615 59.37108004645904)",true
2417,1299,1843101,Karlavägen,"LINESTRING (17.96232118404754 59.371195152415424, 17.96217331550257 59.37122030360622, 17.962118987891017 59.3712306768451, 17.962024189587492 59.37124194275149, 17.96193789157273 59.37124408344735, 17.961846886217273 59.371238684043185, 17.961763631103782 59.3712290827929, 17.961127430106128 59.37112374572792, 17.960595214083238 59.37103612735284)",true
2418,1300,623803,Kyrkogårdsvägen,"LINESTRING (17.962264700852852 59.37197753585678, 17.962302390169803 59.37198430838807, 17.962425815958888 59.37202405168307)",true
2419,1301,1842047,Ursviksvägen,"LINESTRING (17.962744324914112 59.371727178979704, 17.96267625739625 59.371623887492085, 17.96252456376157 59.37144056310833, 17.96232118404754 59.371195152415424)",true
2420,1302,623662,Kyrkogårdsvägen,"LINESTRING (17.962790889704284 59.37214779327346, 17.962425815958888 59.37202405168307)",true
2421,1303,623802,Kyrkogårdsvägen,"LINESTRING (17.962425815958888 59.37202405168307, 17.96258136477029 59.37189619651356, 17.962837463463533 59.371845176625705)",true
2422,1304,1842048,Ursviksvägen,"LINESTRING (17.962764172159332 59.37175728894064, 17.962744324914112 59.371727178979704)",true
2423,1305,1861189,Ursviksvägen,"LINESTRING (17.9620495096629 59.37084796895551, 17.961886969821883 59.370646231152975, 17.961407585269825 59.37003646692213, 17.96108407168325 59.3696627783603)",true
2424,1306,1861190,Ursviksvägen,"LINESTRING (17.962173146425332 59.371001419777976, 17.9620495096629 59.37084796895551)",true
2425,1307,1861191,Ursviksvägen,"LINESTRING (17.96232118404754 59.371195152415424, 17.962173146425332 59.371001419777976)",true
2426,1308,1861261,Ringvägen,"LINESTRING (17.958963289218765 59.368698282693124, 17.959097531754644 59.36889385040589, 17.95915787316061 59.36899393127425, 17.9591845194858 59.36907463970226, 17.959201673830027 59.3691571361533, 17.95921046559279 59.36923377494986, 17.959208806624368 59.369322817910465, 17.959196493316966 59.369412030865796, 17.959152768583795 59.36952949870402, 17.958882142166 59.370003816335, 17.95878201788785 59.3701687068324)",true
2427,1309,1861262,Örnstigen,"LINESTRING (17.957249167749087 59.37008969500005, 17.957287198346112 59.369993285235495, 17.957324051180272 59.369903974070475, 17.957364106639442 59.369778664648436, 17.957441295949703 59.36960487848369, 17.957548889920723 59.369376720676705, 17.957607163196407 59.369234805212194, 17.957686648516354 59.369036471220575)",true
2428,1310,1861270,Klintvägen,"LINESTRING (17.956085919918593 59.369029069420755, 17.956176553996528 59.36911608917234, 17.95627889533315 59.36921415836775, 17.95631523953442 59.36925143421235, 17.956338647236745 59.36928673003002, 17.956351222645175 59.369318937767446, 17.95634284063077 59.3693664385606, 17.9563128878524 59.369473349034514, 17.956288208618425 59.369579358120085, 17.95625586974609 59.36973611347217, 17.956214901794066 59.37004491695599)",true
2429,1311,1861292,Ursviksvägen,"LINESTRING (17.96108407168325 59.3696627783603, 17.96086494294818 59.36932232010596)",true
2430,1312,1861319,Ursviksvägen,"LINESTRING (17.96086494294818 59.36932232010596, 17.96077549323698 59.36919901661864)",true
2431,1317,1861365,Tulegatan,"LINESTRING (17.961650698074255 59.36916091900477, 17.961604133636644 59.36910483564805)",true
2432,1318,1861366,Tulegatan,"LINESTRING (17.962276605407393 59.36995770991048, 17.96193611795841 59.3695047849693, 17.961650698074255 59.36916091900477)",true
2433,1319,1962371,Ursviksvägen,"LINESTRING (17.962837463463533 59.371845176625705, 17.962764172159332 59.37175728894064)",true
2434,1322,1864644,Eliegatan,"LINESTRING (17.961825956207456 59.36787088273978, 17.96273898571176 59.3675758193002, 17.96331160163363 59.367404515179565)",true
2435,1323,1864675,Eliegatan,"LINESTRING (17.963509781791412 59.367350478996535, 17.96331160163363 59.367404515179565)",true
2436,1324,1864676,Starrbäcksgatan,"LINESTRING (17.96331160163363 59.367404515179565, 17.962803184137265 59.367007744351845, 17.96249463247826 59.36675757206735)",true
2437,1325,1864742,Vattugatan,"LINESTRING (17.95991504930233 59.367568945275174, 17.96108867800752 59.36719904438034, 17.96249463247826 59.36675757206735)",true
2438,1326,1864743,Vattugatan,"LINESTRING (17.95981282654506 59.367601162705526, 17.95991504930233 59.367568945275174)",true
2439,1327,1864744,Eliegatan,"LINESTRING (17.96036678927092 59.36832760950445, 17.960611494489637 59.36825825157636, 17.96108953310607 59.36810767065426, 17.961825956207456 59.36787088273978)",true
2440,1328,1864745,Eliegatan,"LINESTRING (17.96022960108752 59.36836649814697, 17.96036678927092 59.36832760950445)",true
2441,1329,1864746,Ursviksvägen,"LINESTRING (17.96028636507484 59.36846247235123, 17.96022960108752 59.36836649814697)",true
2442,1330,1864747,Ursviksvägen,"LINESTRING (17.96050351897292 59.368829623989214, 17.96028636507484 59.36846247235123)",true
2443,1331,1864748,Ursviksvägen,"LINESTRING (17.96050860080857 59.36883821590358, 17.96050351897292 59.368829623989214)",true
2444,1332,1864749,Ursviksvägen,"LINESTRING (17.96077549323698 59.36919901661864, 17.96054553455614 59.3689006602303, 17.96050860080857 59.36883821590358)",true
2445,1333,1864750,Lötgatan,"LINESTRING (17.962643574804034 59.368568486955255, 17.96268107408264 59.3686019787548)",true
2446,1334,1864751,Lötgatan,"LINESTRING (17.961825956207456 59.36787088273978, 17.96229078675093 59.36825355164602, 17.962643574804034 59.368568486955255)",true
2447,1335,1861341,Eriksvägen,"LINESTRING (17.95559296747603 59.36908805124071, 17.95574770590485 59.368926678444524)",true
2448,1336,1861340,Villavägen,"LINESTRING (17.956048183049994 59.368992838710035, 17.95559296747603 59.36908805124071)",true
2449,1337,1864630,Granlidsvägen,"LINESTRING (17.955433425096288 59.36726594422055, 17.955654314353186 59.36743405746462, 17.95571956276037 59.36748103872394, 17.95575362626828 59.367515401073305, 17.95577477894263 59.367548070316985, 17.955905913628836 59.367725191575786, 17.955939357654 59.36778519567336, 17.95594995703915 59.367838196661594, 17.95595017990088 59.36788727250836, 17.955936024483567 59.36794591191981, 17.95588132390383 59.368019713438606, 17.955778095600675 59.36811385418053)",true
2450,1338,1864692,Hästhagsgatan,"LINESTRING (17.955433425096288 59.36726594422055, 17.955774421420386 59.36706987661747, 17.95611305408175 59.36683375765787, 17.95647209545546 59.36661777046762)",true
2451,1339,1864582,Eriksvägen,"LINESTRING (17.95557594378263 59.36838458209477, 17.955643655712148 59.36858282082843, 17.955714059992392 59.368754337368, 17.95574770590485 59.368926678444524)",true
2452,1340,1864599,Dalsänkan,"LINESTRING (17.957322182961097 59.36816509424939, 17.957266743040638 59.36816851770565, 17.957138975634567 59.368181381836024, 17.95698146288418 59.368205856478696, 17.95640199318541 59.36831006413439, 17.956310496413035 59.36832318306019, 17.956189009973045 59.368343290183375, 17.956086390422772 59.36835766763315, 17.955955728230165 59.368367019855555, 17.95557594378263 59.36838458209477)",true
2453,1341,1861345,Villavägen,"LINESTRING (17.95574770590485 59.368926678444524, 17.955860048589997 59.36895925668164, 17.956048183049994 59.368992838710035)",true
2454,1342,1864869,Kanalstigen,"LINESTRING (17.95722811670564 59.36796393171359, 17.957028932229083 59.36797100269608, 17.956859009400752 59.36798396027663, 17.95669810552293 59.3679959672181, 17.956425841001156 59.368045895299176, 17.95620301250626 59.36808390953692, 17.956020479350315 59.36810005445654, 17.955778095600675 59.36811385418053)",true
2455,1343,1861271,Klintvägen,"LINESTRING (17.956048183049994 59.368992838710035, 17.956085919918593 59.369029069420755)",true
2456,1344,1861347,Villavägen,"LINESTRING (17.956048183049994 59.368992838710035, 17.956606766787367 59.368868807466356, 17.95739197805163 59.36870753438156, 17.95754568559434 59.36867330606605, 17.95763530098171 59.36865252806283)",true
2457,1345,1864708,Tallbostigen,"LINESTRING (17.95647209545546 59.36661777046762, 17.95663086531511 59.36673803047784, 17.956706567687206 59.36679003085179, 17.956780620313246 59.366831977456755, 17.95687527432195 59.366870329571505, 17.956991152899423 59.36690617827812, 17.95710188605011 59.36693610510511, 17.957212059401463 59.366956771102984, 17.957352113762383 59.36697669612333, 17.95743505157203 59.366988248177414)",true
2458,1346,970591,Örnstigen,"LINESTRING (17.95763530098171 59.36865252806283, 17.957322182961097 59.36816509424939)",true
2459,1347,1864600,Dalsänkan,"LINESTRING (17.959809299061522 59.368348204682185, 17.959294581415023 59.368303056020096, 17.95858515176966 59.36823912358672, 17.957894717496643 59.368171916721714, 17.95777169070319 59.36816563279236, 17.95764343971697 59.36816162390533, 17.95751268287281 59.368160376504186, 17.957390038162096 59.36816090383684, 17.957322182961097 59.36816509424939)",true
2460,1348,1864706,Österbergsstigen,"LINESTRING (17.95743505157203 59.366988248177414, 17.95727355132196 59.36727535449707)",true
2461,1349,1864707,Tallbostigen,"LINESTRING (17.95743505157203 59.366988248177414, 17.957575046821088 59.366989097255086, 17.957666149281536 59.36698524179555, 17.95779982787749 59.36696955615241, 17.957993788569617 59.366943408584824, 17.958594290666078 59.3668461293637)",true
2462,1350,1861346,Villavägen,"LINESTRING (17.95763530098171 59.36865252806283, 17.957648831153143 59.3686493994787, 17.957743912613914 59.368633772084955, 17.957860115331442 59.36862354209459, 17.95798151680007 59.36862004126997, 17.95811209291368 59.368627276932614, 17.95841113918839 59.368651527088716, 17.958963289218765 59.368698282693124)",true
2463,1351,1864587,Villavägen,"LINESTRING (17.958963289218765 59.368698282693124, 17.959337914108364 59.36859341294418, 17.959658167273705 59.36848910275268, 17.959712566403972 59.36847110881719, 17.95976110275023 59.36844422614493, 17.959793696290212 59.36840915090387, 17.959808708269097 59.36837434909215, 17.959809299061522 59.368348204682185)",true
2464,1352,1864656,Kanalstigen,"LINESTRING (17.959277562744045 59.36774515759835, 17.95959391522019 59.36763859966745)",true
2465,1353,1864601,Villavägen,"LINESTRING (17.959809299061522 59.368348204682185, 17.959798983671817 59.368309440120925, 17.95975305415316 59.36825433019077, 17.959667306886992 59.36816635538178, 17.959407791569575 59.36788863500182, 17.959277562744045 59.36774515759835)",true
2466,1354,1864670,Ursviksvägen,"LINESTRING (17.959331946299915 59.36669249188314, 17.959576125881174 59.36711978037903, 17.95981282654506 59.367601162705526)",true
2467,1355,1864663,Ursviksvägen,"LINESTRING (17.95959391522019 59.36763859966745, 17.959507290828295 59.367483169579266)",true
2468,1356,1864662,Ursviksvägen,"LINESTRING (17.95981282654506 59.367601162705526, 17.95959391522019 59.36763859966745)",true
2469,1357,1864870,Kanalstigen,"LINESTRING (17.959277562744045 59.36774515759835, 17.95907168966733 59.367804753393855, 17.95885422923316 59.36785825886707, 17.958607893247194 59.367901834028004, 17.95845062358247 59.36792159635616, 17.958286189122106 59.36793692032933, 17.958135940692888 59.3679487680901, 17.95798250145656 59.36795167523839, 17.957598928222332 59.36795922930121, 17.957232241058747 59.36796378422392, 17.95722811670564 59.36796393171359)",true
2470,1358,1867268,Ursviksvägen,"LINESTRING (17.959507290828295 59.367483169579266, 17.959437060399424 59.36735201553048, 17.9592402920668 59.36698616525697, 17.959112360788705 59.36676374837372, 17.958931907567113 59.366493334941985, 17.958601897573846 59.36605971772898, 17.958526506585702 59.36594038004319, 17.958511676387513 59.36589725189331, 17.958498849009754 59.36585165208819, 17.958480239119105 59.36580777404195, 17.958452006012962 59.3657637639774)",true
2471,1359,1867274,Ursviksvägen,"LINESTRING (17.958789837283074 59.365967964736065, 17.958903086546623 59.366131444209564, 17.95911562897152 59.366402450057016, 17.959331946299915 59.36669249188314)",true
2472,1360,1867279,Hästhagsgatan,"LINESTRING (17.958018193205092 59.36597053607388, 17.95783266761752 59.36605789295064, 17.957603048502662 59.366185743119914, 17.957489558658338 59.36624501934837, 17.957401792136853 59.36627826375933, 17.95731595570476 59.36630820243694, 17.957234376315096 59.366328806971765, 17.957132157243205 59.366343463806885, 17.95704485814395 59.366357620318105, 17.956962772048875 59.36636978045202, 17.956909656550863 59.3663836915144, 17.956852145879164 59.36640474720087, 17.95680452602557 59.366430826241, 17.95673194937015 59.36647719543801, 17.95647209545546 59.36661777046762)",true
2473,1361,1867291,Hästhagsgatan,"LINESTRING (17.958452006012962 59.3657637639774, 17.958399304679425 59.36577574328833, 17.95833692612953 59.365796065478186, 17.95820355260886 59.365871177533705, 17.958018193205092 59.36597053607388)",true
2474,1362,1867305,Vegagatan,"LINESTRING (17.95942530216216 59.36666339653964, 17.959331946299915 59.36669249188314)",true
2475,1363,1867306,Vegagatan,"LINESTRING (17.95960070978951 59.36660872241241, 17.95942530216216 59.36666339653964)",true
2476,1364,1867307,Vegagatan,"LINESTRING (17.959615720001878 59.36660404407987, 17.95960070978951 59.36660872241241)",true
2477,1365,1867521,Svalgränd,"LINESTRING (17.958789837283074 59.365967964736065, 17.958855589625266 59.36594858114636)",true
2478,1366,784914,Löfströmsvägen,"LINESTRING (17.953771383329588 59.36452006453653, 17.953719481349072 59.36451167981369, 17.953637300036537 59.364495786146925, 17.9534707514105 59.364466995566005, 17.95338796588184 59.364451843293324, 17.953304185492424 59.36443820516801, 17.953250211386695 59.36443028056553)",true
2479,1367,784915,Löfströmsvägen,"LINESTRING (17.957103628542107 59.36470760952246, 17.95581633244199 59.36482012735621, 17.955378115549436 59.36480216365415, 17.955291603020484 59.36479538206442, 17.954615937725276 59.36469551080652, 17.954534153487316 59.36467832371049, 17.954371595072008 59.36464645150491, 17.953886724562707 59.364540355495976, 17.95380369895561 59.36452528081049, 17.953771383329588 59.36452006453653)",true
2480,1369,1867185,Tallbostigen,"LINESTRING (17.95647209545546 59.36661777046762, 17.956222065748427 59.366498924218014, 17.955874633264834 59.366313131123086, 17.9556868864951 59.36620858771473)",true
2481,1371,1867605,Järnvägsgatan,"LINESTRING (17.955705783446607 59.36568865818795, 17.95579676112796 59.365676530815456, 17.955896342286724 59.365660910440134, 17.955900633135723 59.3656588362329)",true
2482,1373,1867609,Järnvägsgatan,"LINESTRING (17.956582900595194 59.365557456175694, 17.956729193778113 59.36555468567137, 17.95685817783235 59.365536294829354)",true
2483,1374,1867608,Järnvägsgatan,"LINESTRING (17.95685817783235 59.365536294829354, 17.957056355925165 59.36550954066955, 17.95720983261853 59.36548535680541)",true
2484,1375,1961941,Löfströmsvägen,"LINESTRING (17.95737018622894 59.3646623460669, 17.957370181036435 59.36466234708333, 17.95722511901283 59.36468386196045, 17.957103628542107 59.36470760952246)",true
2485,1376,1867607,Järnvägsgatan,"LINESTRING (17.95720983261853 59.36548535680541, 17.95722663201205 59.36548270939809)",true
2486,1377,1867606,Järnvägsgatan,"LINESTRING (17.95722663201205 59.36548270939809, 17.957290252341988 59.36547268435481, 17.95751586452862 59.36543106436762, 17.957756147129448 59.365375578304054, 17.958166828263405 59.36528365954382)",true
2487,1378,1961942,Löfströmsvägen,"LINESTRING (17.95792484322007 59.36458009344329, 17.95737018622894 59.3646623460669)",true
2488,1379,1961943,Löfströmsvägen,"LINESTRING (17.95854406647946 59.36446132509063, 17.95803309973988 59.364564039950785, 17.957924846655686 59.36458009246673, 17.95792484322007 59.36458009344329)",true
2489,1380,1868987,Järnvägsgatan,"LINESTRING (17.958166828263405 59.36528365954382, 17.958264681531976 59.3652502485237)",true
2490,1381,1867480,Ursviksvägen,"LINESTRING (17.958166828263405 59.36528365954382, 17.958596228221957 59.36573701010709)",true
2491,1382,1868986,Järnvägsgatan,"LINESTRING (17.958264681531976 59.3652502485237, 17.958697736471372 59.365102386211596, 17.959473591470687 59.364854642458454, 17.959952330419185 59.36472187714848)",true
2492,1383,1867300,Ursviksvägen,"LINESTRING (17.958596228221957 59.36573701010709, 17.958452006012962 59.3657637639774)",true
2493,1384,1867289,Ursviksvägen,"LINESTRING (17.958596228221957 59.36573701010709, 17.958789837283074 59.365967964736065)",true
2494,1385,1867520,Svalgränd,"LINESTRING (17.958855589625266 59.36594858114636, 17.959918582407695 59.36563518895609, 17.960707692048206 59.36540219368532)",true
2495,1387,1969956,Löfströmsvägen,"LINESTRING (17.952915400743574 59.36484045009029, 17.952924307469612 59.36483400490878, 17.95298267449676 59.36480012667349, 17.953060042217786 59.36476268183086, 17.95317903330297 59.36472432976595, 17.95336232184261 59.364680629742324, 17.953478382014502 59.36465594842818, 17.95357411862145 59.36463075709927, 17.953644189260963 59.364605158899636, 17.953721963602298 59.36456552086226, 17.953771383329588 59.36452006453653)",true
2496,1388,1969957,Löfströmsvägen,"LINESTRING (17.95287160751728 59.36487212185793, 17.952915397385762 59.36484045196355, 17.952915400743574 59.36484045009029)",true
2497,1389,1969958,Löfströmsvägen,"LINESTRING (17.952702209812816 59.365080873525535, 17.95278206919593 59.364967603516874, 17.952826099306776 59.3649170309174, 17.95287160751728 59.36487212185793)",true
2498,1390,1867308,Vegagatan,"LINESTRING (17.961538218366336 59.36600970903621, 17.960173769366552 59.36643010027074, 17.959615720001878 59.36660404407987)",true
2499,1391,1867519,Svalgränd,"LINESTRING (17.960707692048206 59.36540219368532, 17.960781631140566 59.365380362264716)",true
2500,1392,1867487,Starrbäcksgatan,"LINESTRING (17.96103782442835 59.36557626677467, 17.960781631140566 59.365380362264716)",true
2501,1393,1867546,Duvgränd,"LINESTRING (17.96111720815086 59.36555095793173, 17.96103782442835 59.36557626677467)",true
2502,1394,1867287,Starrbäcksgatan,"LINESTRING (17.96103782442835 59.36557626677467, 17.961538218366336 59.36600970903621)",true
2503,1395,1867547,Duvgränd,"LINESTRING (17.96267899289664 59.365049113358594, 17.961788015335795 59.365337089669794, 17.96111720815086 59.36555095793173)",true
2504,1396,1867272,Starrbäcksgatan,"LINESTRING (17.96249463247826 59.36675757206735, 17.961538218366336 59.36600970903621)",true
2505,1397,1867548,Vegagatan,"LINESTRING (17.961538218366336 59.36600970903621, 17.9624135945261 59.365728523266284, 17.96316989765302 59.365485622794225)",true
2506,1398,1868904,Järnvägsgatan,"LINESTRING (17.961631036069534 59.36418842956957, 17.961856358526454 59.36410589558426)",true
2507,1399,1869022,Fredsgatan,"LINESTRING (17.96267899289664 59.365049113358594, 17.96216557429065 59.36461206257466, 17.961631036069534 59.36418842956957)",true
2508,1400,1869023,Fredsgatan,"LINESTRING (17.961856358526454 59.36410589558426, 17.962374515195076 59.36455078329467, 17.96291402118521 59.36497387818129)",true
2509,1406,687396,Skrivargatan,"LINESTRING (17.94224075170276 59.38385996252786, 17.943893779781547 59.383471645412335)",true
2510,1407,376122,Ursviks Allé,"LINESTRING (17.942875492279224 59.38466643779017, 17.944356800756932 59.38434446947371)",true
2511,1408,376136,Skördegatan,"LINESTRING (17.943519141996553 59.3854530212762, 17.944864918597442 59.385154352305776)",true
2512,1409,376123,Stallgatan,"LINESTRING (17.943893779781547 59.383471645412335, 17.943467424696717 59.38259606024929)",true
2513,1410,376124,Stallgatan,"LINESTRING (17.944356800756932 59.38434446947371, 17.943893779781547 59.383471645412335)",true
2514,1411,376063,Skrivargatan,"LINESTRING (17.943893779781547 59.383471645412335, 17.94546355280765 59.38309207974738)",true
2515,1412,376134,Mönstringsvägen,"LINESTRING (17.94419456043284 59.38620424427764, 17.94427205792446 59.38618768931417)",true
2516,1413,376133,Mönstringsvägen,"LINESTRING (17.94427205792446 59.38618768931417, 17.945489414850933 59.38592762907595)",true
2517,1414,376125,Stallgatan,"LINESTRING (17.944864918597442 59.385154352305776, 17.94482885280043 59.38510126091786, 17.944498992399 59.384586616293525, 17.944356800756932 59.38434446947371)",true
2518,1415,376121,Ursviks Allé,"LINESTRING (17.944356800756932 59.38434446947371, 17.945839707156964 59.38402052482495)",true
2519,1416,376126,Stallgatan,"LINESTRING (17.945186096079453 59.38555441542919, 17.94517244977348 59.38553762454627, 17.945132338993858 59.38544057608844, 17.94501192564605 59.385363411913616, 17.944972227273986 59.3852711076002, 17.944912211012713 59.38522395766744, 17.944864918597442 59.385154352305776)",true
2520,1417,376135,Skördegatan,"LINESTRING (17.944864918597442 59.385154352305776, 17.946305659470358 59.38483372743125)",true
2521,1418,376127,Stallgatan,"LINESTRING (17.945489414850933 59.38592762907595, 17.945186096079453 59.38555441542919)",true
2522,1419,586297,Enköpingsvägen,"LINESTRING (17.945066046123625 59.38133584742225, 17.945025394141467 59.38122478430971)",true
2523,1420,376132,Mönstringsvägen,"LINESTRING (17.945489414850933 59.38592762907595, 17.94688280285674 59.38562994845222)",true
2524,1421,376062,Skrivargatan,"LINESTRING (17.94546355280765 59.38309207974738, 17.947005059132035 59.3827918225151)",true
2525,1422,376120,Ursviks Allé,"LINESTRING (17.945839707156964 59.38402052482495, 17.947211695500467 59.383727833812614)",true
2526,1423,376048,Kronogårdsvägen,"LINESTRING (17.946463134896927 59.385062443594364, 17.94755017573396 59.384895547417266, 17.947908827619138 59.384861883350915)",true
2527,1424,376106,Arrendevägen,"LINESTRING (17.946639958397387 59.38169087214547, 17.94704900737736 59.38245944952406, 17.947005059132035 59.3827918225151)",true
2528,1425,376105,Arrendevägen,"LINESTRING (17.947005059132035 59.3827918225151, 17.94705011422552 59.38319748500844, 17.947211695500467 59.383727833812614)",true
2529,1426,376104,Arrendevägen,"LINESTRING (17.947211695500467 59.383727833812614, 17.94738818861042 59.38401610845059)",true
2530,1427,376119,Ursviks Allé,"LINESTRING (17.947211695500467 59.383727833812614, 17.948405774722428 59.38347352213542)",true
2531,1428,738959,Arrendevägen,"LINESTRING (17.94763686198282 59.38445764892343, 17.947908827619138 59.384861883350915)",true
2532,1429,738960,Hemmansvägen,"LINESTRING (17.94917397650049 59.383948266622106, 17.948990378118758 59.38403626625203, 17.948261864223504 59.38433136554883, 17.948111300043447 59.38437085716889, 17.94763686198282 59.38445764892343)",true
2533,1430,376107,Brännarvägen,"LINESTRING (17.947807382602115 59.38163676976625, 17.947489828479252 59.381457412234546)",true
2534,1431,738958,Kronogårdsvägen,"LINESTRING (17.947908827619138 59.384861883350915, 17.9484117431291 59.384853036858686, 17.948661149664947 59.38485642752929, 17.9488357991499 59.38487193205138, 17.949099274309788 59.38489532967522, 17.949397417118224 59.38494389368153)",true
2535,1434,851872,Gåsörtsvägen,"LINESTRING (17.948852214075103 59.38756587448659, 17.949396994213448 59.387349179050744)",true
